County,Year,Quarter #,Average Panel Size,Juror Days / Trial,Number of Trials,People Brought In / Trial,Percent to Voir Dire,Summoning Yield,APS State Median,JDPT State Median,Trials State Median,PBI State Median,PVD State Median,SY State Median,Source File,Quarter,QA Flags,Data Status
Alachua,2008,4,24.3,43.3,27.0,31.9,76.0,37.9,24.3,54.7,9.0,41.0,59.7,37.8,JuryManagementDashboard.pdf,Oct-Dec,,reported
Baker,2008,4,37.0,46.0,2.0,37.0,100.0,29.6,24.3,54.7,9.0,41.0,59.7,37.8,JuryManagementDashboard.pdf,Oct-Dec,,reported
Bay,2008,4,18.5,54.5,16.0,44.2,41.9,38.2,24.3,54.7,9.0,41.0,59.7,37.8,JuryManagementDashboard.pdf,Oct-Dec,,reported
Bradford,2008,4,32.7,55.3,3.0,53.0,61.6,42.3,24.3,54.7,9.0,41.0,59.7,37.8,JuryManagementDashboard.pdf,Oct-Dec,,reported
Brevard,2008,4,25.5,64.7,88.0,46.5,54.8,37.0,24.3,54.7,9.0,41.0,59.7,37.8,JuryManagementDashboard.pdf,Oct-Dec,,reported
Broward,2008,4,50.4,63.9,201.0,47.7,105.8,39.3,24.3,54.7,9.0,41.0,59.7,37.8,JuryManagementDashboard.pdf,Oct-Dec,percent_to_voir_dire_gt_100_reported; ,reported
Calhoun,2008,4,0.0,0.0,0.0,0.0,0.0,0.0,24.3,54.7,9.0,41.0,59.7,37.8,JuryManagementDashboard.pdf,Oct-Dec,,reported_all_zero
Charlotte,2008,4,38.0,40.7,21.0,37.8,100.6,61.7,24.3,54.7,9.0,41.0,59.7,37.8,JuryManagementDashboard.pdf,Oct-Dec,percent_to_voir_dire_gt_100_reported; ,reported
Citrus,2008,4,16.7,65.0,6.0,58.3,28.6,54.9,24.3,54.7,9.0,41.0,59.7,37.8,JuryManagementDashboard.pdf,Oct-Dec,,reported
Clay,2008,4,33.2,72.0,6.0,66.2,50.1,19.4,24.3,54.7,9.0,41.0,59.7,37.8,JuryManagementDashboard.pdf,Oct-Dec,,reported
Collier,2008,4,19.0,90.5,22.0,85.4,22.2,54.3,24.3,54.7,9.0,41.0,59.7,37.8,JuryManagementDashboard.pdf,Oct-Dec,,reported
Columbia,2008,4,68.0,68.0,4.0,68.0,100.0,39.1,24.3,54.7,9.0,41.0,59.7,37.8,JuryManagementDashboard.pdf,Oct-Dec,,reported
DeSoto,2008,4,23.0,62.0,2.0,55.0,41.8,24.0,24.3,54.7,9.0,41.0,59.7,37.8,JuryManagementDashboard.pdf,Oct-Dec,,reported
Dixie,2008,4,48.0,64.0,1.0,64.0,75.0,25.6,24.3,54.7,9.0,41.0,59.7,37.8,JuryManagementDashboard.pdf,Oct-Dec,,reported
Duval,2008,4,24.3,52.3,83.0,40.3,60.2,31.4,24.3,54.7,9.0,41.0,59.7,37.8,JuryManagementDashboard.pdf,Oct-Dec,,reported
Escambia,2008,4,18.3,29.9,94.0,23.0,79.5,23.1,24.3,54.7,9.0,41.0,59.7,37.8,JuryManagementDashboard.pdf,Oct-Dec,,reported
Flagler,2008,4,58.4,72.0,5.0,58.4,100.0,31.6,24.3,54.7,9.0,41.0,59.7,37.8,JuryManagementDashboard.pdf,Oct-Dec,,reported
Franklin,2008,4,19.5,39.5,2.0,39.5,49.4,26.3,24.3,54.7,9.0,41.0,59.7,37.8,JuryManagementDashboard.pdf,Oct-Dec,,reported
Gadsden,2008,4,28.4,33.8,12.0,28.4,100.0,24.6,24.3,54.7,9.0,41.0,59.7,37.8,JuryManagementDashboard.pdf,Oct-Dec,,reported
Gilchrist,2008,4,14.0,139.0,1.0,97.0,14.4,42.5,24.3,54.7,9.0,41.0,59.7,37.8,JuryManagementDashboard.pdf,Oct-Dec,,reported
Glades,2008,4,0.0,0.0,0.0,0.0,0.0,22.7,24.3,54.7,9.0,41.0,59.7,37.8,JuryManagementDashboard.pdf,Oct-Dec,,reported
Gulf,2008,4,57.5,61.0,8.0,57.5,100.0,54.8,24.3,54.7,9.0,41.0,59.7,37.8,JuryManagementDashboard.pdf,Oct-Dec,,reported
Hamilton,2008,4,24.0,24.0,1.0,24.0,100.0,24.0,24.3,54.7,9.0,41.0,59.7,37.8,JuryManagementDashboard.pdf,Oct-Dec,,reported
Hardee,2008,4,7.0,37.0,1.0,30.0,23.3,77.1,24.3,54.7,9.0,41.0,59.7,37.8,JuryManagementDashboard.pdf,Oct-Dec,,reported
Hendry,2008,4,35.4,60.7,13.0,59.3,59.7,69.1,24.3,54.7,9.0,41.0,59.7,37.8,JuryManagementDashboard.pdf,Oct-Dec,,reported
Hernando,2008,4,25.8,48.5,13.0,43.8,58.8,49.3,24.3,54.7,9.0,41.0,59.7,37.8,JuryManagementDashboard.pdf,Oct-Dec,,reported
Highlands,2008,4,15.8,30.2,6.0,17.5,90.5,23.1,24.3,54.7,9.0,41.0,59.7,37.8,JuryManagementDashboard.pdf,Oct-Dec,,reported
Hillsborough,2008,4,26.6,57.3,124.0,46.5,57.3,33.4,24.3,54.7,9.0,41.0,59.7,37.8,JuryManagementDashboard.pdf,Oct-Dec,,reported
Holmes,2008,4,21.5,45.0,2.0,38.0,56.6,25.3,24.3,54.7,9.0,41.0,59.7,37.8,JuryManagementDashboard.pdf,Oct-Dec,,reported
Indian River,2008,4,21.9,40.7,38.0,31.4,69.9,59.5,24.3,54.7,9.0,41.0,59.7,37.8,JuryManagementDashboard.pdf,Oct-Dec,,reported
Jackson,2008,4,10.0,97.5,2.0,81.5,12.3,42.6,24.3,54.7,9.0,41.0,59.7,37.8,JuryManagementDashboard.pdf,Oct-Dec,,reported
Jefferson,2008,4,7.0,77.0,1.0,70.0,10.0,35.0,24.3,54.7,9.0,41.0,59.7,37.8,JuryManagementDashboard.pdf,Oct-Dec,,reported
Lafayette,2008,4,0.0,0.0,0.0,0.0,0.0,0.0,24.3,54.7,9.0,41.0,59.7,37.8,JuryManagementDashboard.pdf,Oct-Dec,,reported_all_zero
Lake,2008,4,25.2,63.3,19.0,55.8,45.2,43.3,24.3,54.7,9.0,41.0,59.7,37.8,JuryManagementDashboard.pdf,Oct-Dec,,reported
Lee,2008,4,26.9,81.1,48.0,73.2,36.7,51.8,24.3,54.7,9.0,41.0,59.7,37.8,JuryManagementDashboard.pdf,Oct-Dec,,reported
Leon,2008,4,24.9,40.9,57.0,32.2,77.2,41.1,24.3,54.7,9.0,41.0,59.7,37.8,JuryManagementDashboard.pdf,Oct-Dec,,reported
Levy,2008,4,12.0,28.2,5.0,21.2,56.6,38.8,24.3,54.7,9.0,41.0,59.7,37.8,JuryManagementDashboard.pdf,Oct-Dec,,reported
Liberty,2008,4,0.0,0.0,0.0,0.0,0.0,30.9,24.3,54.7,9.0,41.0,59.7,37.8,JuryManagementDashboard.pdf,Oct-Dec,,reported
Madison,2008,4,44.3,54.7,3.0,50.0,88.7,42.3,24.3,54.7,9.0,41.0,59.7,37.8,JuryManagementDashboard.pdf,Oct-Dec,,reported
Manatee,2008,4,25.3,44.3,47.0,33.8,74.7,44.4,24.3,54.7,9.0,41.0,59.7,37.8,JuryManagementDashboard.pdf,Oct-Dec,,reported
Marion,2008,4,22.2,76.9,33.0,67.7,32.9,38.2,24.3,54.7,9.0,41.0,59.7,37.8,JuryManagementDashboard.pdf,Oct-Dec,,reported
Martin,2008,4,31.9,97.3,10.0,78.3,40.7,37.8,24.3,54.7,9.0,41.0,59.7,37.8,JuryManagementDashboard.pdf,Oct-Dec,,reported
Miami-Dade,2008,4,43.2,70.9,218.0,53.3,81.0,34.9,24.3,54.7,9.0,41.0,59.7,37.8,JuryManagementDashboard.pdf,Oct-Dec,,reported
Monroe,2008,4,23.5,67.1,13.0,56.9,41.4,65.9,24.3,54.7,9.0,41.0,59.7,37.8,JuryManagementDashboard.pdf,Oct-Dec,,reported
Nassau,2008,4,20.3,85.0,3.0,82.7,24.6,41.3,24.3,54.7,9.0,41.0,59.7,37.8,JuryManagementDashboard.pdf,Oct-Dec,,reported
Okaloosa,2008,4,23.4,68.4,9.0,64.6,36.3,32.0,24.3,54.7,9.0,41.0,59.7,37.8,JuryManagementDashboard.pdf,Oct-Dec,,reported
Okeechobee,2008,4,49.7,55.9,7.0,39.1,127.0,17.2,24.3,54.7,9.0,41.0,59.7,37.8,JuryManagementDashboard.pdf,Oct-Dec,percent_to_voir_dire_gt_100_reported; ,reported
Orange,2008,4,22.0,40.8,235.0,34.2,64.4,39.8,24.3,54.7,9.0,41.0,59.7,37.8,JuryManagementDashboard.pdf,Oct-Dec,,reported
Osceola,2008,4,20.2,42.4,53.0,38.9,51.9,28.8,24.3,54.7,9.0,41.0,59.7,37.8,JuryManagementDashboard.pdf,Oct-Dec,,reported
Palm Beach,2008,4,32.4,57.1,164.0,41.4,78.2,31.6,24.3,54.7,9.0,41.0,59.7,37.8,JuryManagementDashboard.pdf,Oct-Dec,,reported
Pasco,2008,4,27.9,60.2,41.0,49.1,56.8,36.3,24.3,54.7,9.0,41.0,59.7,37.8,JuryManagementDashboard.pdf,Oct-Dec,,reported
Pinellas,2008,4,27.1,45.1,122.0,38.3,70.7,45.1,24.3,54.7,9.0,41.0,59.7,37.8,JuryManagementDashboard.pdf,Oct-Dec,,reported
Polk,2008,4,38.4,55.7,75.0,36.7,104.6,41.9,24.3,54.7,9.0,41.0,59.7,37.8,JuryManagementDashboard.pdf,Oct-Dec,percent_to_voir_dire_gt_100_reported; ,reported
Putnam,2008,4,19.0,62.9,8.0,52.8,36.0,32.8,24.3,54.7,9.0,41.0,59.7,37.8,JuryManagementDashboard.pdf,Oct-Dec,,reported
Santa Rosa,2008,4,44.4,65.6,15.0,56.8,78.2,38.2,24.3,54.7,9.0,41.0,59.7,37.8,JuryManagementDashboard.pdf,Oct-Dec,,reported
Sarasota,2008,4,23.9,41.5,42.0,33.2,71.8,35.2,24.3,54.7,9.0,41.0,59.7,37.8,JuryManagementDashboard.pdf,Oct-Dec,,reported
Seminole,2008,4,27.4,58.4,42.0,45.3,60.6,48.8,24.3,54.7,9.0,41.0,59.7,37.8,JuryManagementDashboard.pdf,Oct-Dec,,reported
St. Johns,2008,4,26.2,73.9,9.0,41.0,64.0,42.3,24.3,54.7,9.0,41.0,59.7,37.8,JuryManagementDashboard.pdf,Oct-Dec,,reported
St. Lucie,2008,4,26.8,45.5,48.0,35.5,75.4,41.1,24.3,54.7,9.0,41.0,59.7,37.8,JuryManagementDashboard.pdf,Oct-Dec,,reported
Sumter,2008,4,20.0,31.3,6.0,20.7,96.8,31.0,24.3,54.7,9.0,41.0,59.7,37.8,JuryManagementDashboard.pdf,Oct-Dec,,reported
Suwannee,2008,4,39.8,45.4,5.0,39.8,100.0,27.4,24.3,54.7,9.0,41.0,59.7,37.8,JuryManagementDashboard.pdf,Oct-Dec,,reported
Taylor,2008,4,31.0,31.0,1.0,31.0,100.0,31.0,24.3,54.7,9.0,41.0,59.7,37.8,JuryManagementDashboard.pdf,Oct-Dec,,reported
Union,2008,4,0.0,0.0,0.0,0.0,0.0,0.0,24.3,54.7,9.0,41.0,59.7,37.8,JuryManagementDashboard.pdf,Oct-Dec,,reported_all_zero
Volusia,2008,4,20.5,46.8,45.0,36.8,55.8,43.4,24.3,54.7,9.0,41.0,59.7,37.8,JuryManagementDashboard.pdf,Oct-Dec,,reported
Wakulla,2008,4,14.0,28.3,3.0,24.0,58.3,74.9,24.3,54.7,9.0,41.0,59.7,37.8,JuryManagementDashboard.pdf,Oct-Dec,,reported
Walton,2008,4,15.4,30.6,5.0,22.0,70.0,27.5,24.3,54.7,9.0,41.0,59.7,37.8,JuryManagementDashboard.pdf,Oct-Dec,,reported
Washington,2008,4,7.0,79.0,2.0,79.0,8.9,28.8,24.3,54.7,9.0,41.0,59.7,37.8,JuryManagementDashboard.pdf,Oct-Dec,,reported
Alachua,2009,1,27.4,43.0,31.0,35.0,78.4,40.8,22.3,50.6,12.0,40.7,58.3,39.0,JuryManagementDashboard.pdf,Jan-Mar,,reported
Baker,2009,1,36.0,154.0,1.0,140.0,25.7,25.5,22.3,50.6,12.0,40.7,58.3,39.0,JuryManagementDashboard.pdf,Jan-Mar,,reported
Bay,2009,1,16.4,44.0,30.0,32.2,50.9,38.3,22.3,50.6,12.0,40.7,58.3,39.0,JuryManagementDashboard.pdf,Jan-Mar,,reported
Bradford,2009,1,60.0,152.0,1.0,60.0,100.0,41.2,22.3,50.6,12.0,40.7,58.3,39.0,JuryManagementDashboard.pdf,Jan-Mar,,reported
Brevard,2009,1,24.7,66.0,102.0,54.6,45.2,36.3,22.3,50.6,12.0,40.7,58.3,39.0,JuryManagementDashboard.pdf,Jan-Mar,,reported
Broward,2009,1,43.6,56.7,374.0,39.3,111.0,41.5,22.3,50.6,12.0,40.7,58.3,39.0,JuryManagementDashboard.pdf,Jan-Mar,percent_to_voir_dire_gt_100_reported; ,reported
Calhoun,2009,1,23.3,29.7,3.0,22.7,102.9,34.0,22.3,50.6,12.0,40.7,58.3,39.0,JuryManagementDashboard.pdf,Jan-Mar,percent_to_voir_dire_gt_100_reported; ,reported
Charlotte,2009,1,31.6,37.8,20.0,31.6,100.0,61.3,22.3,50.6,12.0,40.7,58.3,39.0,JuryManagementDashboard.pdf,Jan-Mar,,reported
Citrus,2009,1,17.8,49.7,13.0,40.4,44.2,46.1,22.3,50.6,12.0,40.7,58.3,39.0,JuryManagementDashboard.pdf,Jan-Mar,,reported
Clay,2009,1,22.3,60.7,6.0,49.0,45.6,26.7,22.3,50.6,12.0,40.7,58.3,39.0,JuryManagementDashboard.pdf,Jan-Mar,,reported
Collier,2009,1,21.4,96.3,28.0,92.8,23.1,57.0,22.3,50.6,12.0,40.7,58.3,39.0,JuryManagementDashboard.pdf,Jan-Mar,,reported
Columbia,2009,1,37.1,37.1,9.0,37.1,100.0,39.4,22.3,50.6,12.0,40.7,58.3,39.0,JuryManagementDashboard.pdf,Jan-Mar,,reported
DeSoto,2009,1,18.0,56.0,1.0,49.0,36.7,19.6,22.3,50.6,12.0,40.7,58.3,39.0,JuryManagementDashboard.pdf,Jan-Mar,,reported
Dixie,2009,1,0.0,0.0,0.0,0.0,0.0,0.0,22.3,50.6,12.0,40.7,58.3,39.0,JuryManagementDashboard.pdf,Jan-Mar,,reported_all_zero
Duval,2009,1,28.8,51.1,114.0,40.7,70.6,29.3,22.3,50.6,12.0,40.7,58.3,39.0,JuryManagementDashboard.pdf,Jan-Mar,,reported
Escambia,2009,1,18.4,29.8,109.0,21.0,87.4,25.2,22.3,50.6,12.0,40.7,58.3,39.0,JuryManagementDashboard.pdf,Jan-Mar,,reported
Flagler,2009,1,48.9,61.9,7.0,54.9,89.1,35.7,22.3,50.6,12.0,40.7,58.3,39.0,JuryManagementDashboard.pdf,Jan-Mar,,reported
Franklin,2009,1,21.0,51.0,1.0,51.0,41.2,34.0,22.3,50.6,12.0,40.7,58.3,39.0,JuryManagementDashboard.pdf,Jan-Mar,,reported
Gadsden,2009,1,25.4,38.2,19.0,26.0,97.8,27.6,22.3,50.6,12.0,40.7,58.3,39.0,JuryManagementDashboard.pdf,Jan-Mar,,reported
Gilchrist,2009,1,13.7,43.0,3.0,36.3,37.6,38.2,22.3,50.6,12.0,40.7,58.3,39.0,JuryManagementDashboard.pdf,Jan-Mar,,reported
Glades,2009,1,0.0,0.0,0.0,0.0,0.0,20.5,22.3,50.6,12.0,40.7,58.3,39.0,JuryManagementDashboard.pdf,Jan-Mar,,reported
Gulf,2009,1,17.0,32.5,4.0,22.0,77.3,32.0,22.3,50.6,12.0,40.7,58.3,39.0,JuryManagementDashboard.pdf,Jan-Mar,,reported
Hamilton,2009,1,0.0,0.0,0.0,0.0,0.0,34.0,22.3,50.6,12.0,40.7,58.3,39.0,JuryManagementDashboard.pdf,Jan-Mar,,reported
Hardee,2009,1,7.0,175.0,1.0,162.0,4.3,67.5,22.3,50.6,12.0,40.7,58.3,39.0,JuryManagementDashboard.pdf,Jan-Mar,,reported
Hendry,2009,1,38.6,49.1,12.0,49.1,78.6,74.4,22.3,50.6,12.0,40.7,58.3,39.0,JuryManagementDashboard.pdf,Jan-Mar,,reported
Hernando,2009,1,30.7,47.6,16.0,40.7,75.4,56.6,22.3,50.6,12.0,40.7,58.3,39.0,JuryManagementDashboard.pdf,Jan-Mar,,reported
Highlands,2009,1,13.5,17.8,14.0,10.8,125.2,24.4,22.3,50.6,12.0,40.7,58.3,39.0,JuryManagementDashboard.pdf,Jan-Mar,percent_to_voir_dire_gt_100_reported; ,reported
Hillsborough,2009,1,28.8,60.0,155.0,46.9,61.4,34.1,22.3,50.6,12.0,40.7,58.3,39.0,JuryManagementDashboard.pdf,Jan-Mar,,reported
Holmes,2009,1,0.0,0.0,0.0,0.0,0.0,18.0,22.3,50.6,12.0,40.7,58.3,39.0,JuryManagementDashboard.pdf,Jan-Mar,,reported
Indian River,2009,1,21.6,38.4,47.0,29.5,73.1,61.2,22.3,50.6,12.0,40.7,58.3,39.0,JuryManagementDashboard.pdf,Jan-Mar,,reported
Jackson,2009,1,7.0,70.0,3.0,61.0,11.5,45.8,22.3,50.6,12.0,40.7,58.3,39.0,JuryManagementDashboard.pdf,Jan-Mar,,reported
Jefferson,2009,1,7.0,51.0,3.0,51.0,13.7,24.0,22.3,50.6,12.0,40.7,58.3,39.0,JuryManagementDashboard.pdf,Jan-Mar,,reported
Lafayette,2009,1,0.0,0.0,0.0,0.0,0.0,0.0,22.3,50.6,12.0,40.7,58.3,39.0,JuryManagementDashboard.pdf,Jan-Mar,,reported_all_zero
Lake,2009,1,24.7,49.3,38.0,40.4,61.1,37.1,22.3,50.6,12.0,40.7,58.3,39.0,JuryManagementDashboard.pdf,Jan-Mar,,reported
Lee,2009,1,29.4,69.2,88.0,61.2,48.0,51.5,22.3,50.6,12.0,40.7,58.3,39.0,JuryManagementDashboard.pdf,Jan-Mar,,reported
Leon,2009,1,21.4,31.1,110.0,23.5,91.0,42.2,22.3,50.6,12.0,40.7,58.3,39.0,JuryManagementDashboard.pdf,Jan-Mar,,reported
Levy,2009,1,28.3,56.1,8.0,48.6,58.1,35.5,22.3,50.6,12.0,40.7,58.3,39.0,JuryManagementDashboard.pdf,Jan-Mar,,reported
Liberty,2009,1,0.0,0.0,0.0,0.0,0.0,0.0,22.3,50.6,12.0,40.7,58.3,39.0,JuryManagementDashboard.pdf,Jan-Mar,,reported_all_zero
Madison,2009,1,14.0,30.7,3.0,30.7,45.7,35.4,22.3,50.6,12.0,40.7,58.3,39.0,JuryManagementDashboard.pdf,Jan-Mar,,reported
Manatee,2009,1,30.9,67.4,39.0,53.1,58.3,44.5,22.3,50.6,12.0,40.7,58.3,39.0,JuryManagementDashboard.pdf,Jan-Mar,,reported
Marion,2009,1,20.0,50.6,64.0,41.9,47.8,40.0,22.3,50.6,12.0,40.7,58.3,39.0,JuryManagementDashboard.pdf,Jan-Mar,,reported
Martin,2009,1,40.8,88.1,14.0,72.6,56.1,44.0,22.3,50.6,12.0,40.7,58.3,39.0,JuryManagementDashboard.pdf,Jan-Mar,,reported
Miami-Dade,2009,1,38.5,66.3,326.0,53.5,71.9,39.0,22.3,50.6,12.0,40.7,58.3,39.0,JuryManagementDashboard.pdf,Jan-Mar,,reported
Monroe,2009,1,29.5,80.9,22.0,58.1,50.8,61.4,22.3,50.6,12.0,40.7,58.3,39.0,JuryManagementDashboard.pdf,Jan-Mar,,reported
Nassau,2009,1,27.0,90.8,4.0,66.0,40.9,40.6,22.3,50.6,12.0,40.7,58.3,39.0,JuryManagementDashboard.pdf,Jan-Mar,,reported
Okaloosa,2009,1,20.0,102.7,9.0,100.3,19.9,45.4,22.3,50.6,12.0,40.7,58.3,39.0,JuryManagementDashboard.pdf,Jan-Mar,,reported
Okeechobee,2009,1,67.0,64.8,8.0,56.0,119.6,34.6,22.3,50.6,12.0,40.7,58.3,39.0,JuryManagementDashboard.pdf,Jan-Mar,percent_to_voir_dire_gt_100_reported; ,reported
Orange,2009,1,20.5,40.4,293.0,34.8,58.9,43.5,22.3,50.6,12.0,40.7,58.3,39.0,JuryManagementDashboard.pdf,Jan-Mar,,reported
Osceola,2009,1,20.2,50.0,64.0,43.5,46.4,31.3,22.3,50.6,12.0,40.7,58.3,39.0,JuryManagementDashboard.pdf,Jan-Mar,,reported
Palm Beach,2009,1,27.6,53.0,236.0,40.3,68.4,34.6,22.3,50.6,12.0,40.7,58.3,39.0,JuryManagementDashboard.pdf,Jan-Mar,,reported
Pasco,2009,1,24.5,53.1,63.0,37.2,65.7,41.7,22.3,50.6,12.0,40.7,58.3,39.0,JuryManagementDashboard.pdf,Jan-Mar,,reported
Pinellas,2009,1,27.8,49.1,150.0,41.3,67.3,45.3,22.3,50.6,12.0,40.7,58.3,39.0,JuryManagementDashboard.pdf,Jan-Mar,,reported
Polk,2009,1,35.9,53.6,109.0,35.1,102.3,41.2,22.3,50.6,12.0,40.7,58.3,39.0,JuryManagementDashboard.pdf,Jan-Mar,percent_to_voir_dire_gt_100_reported; ,reported
Putnam,2009,1,21.4,54.7,9.0,40.9,52.4,28.2,22.3,50.6,12.0,40.7,58.3,39.0,JuryManagementDashboard.pdf,Jan-Mar,,reported
Santa Rosa,2009,1,19.9,34.8,25.0,29.2,68.2,36.5,22.3,50.6,12.0,40.7,58.3,39.0,JuryManagementDashboard.pdf,Jan-Mar,,reported
Sarasota,2009,1,28.0,57.2,45.0,42.7,65.6,36.4,22.3,50.6,12.0,40.7,58.3,39.0,JuryManagementDashboard.pdf,Jan-Mar,,reported
Seminole,2009,1,24.6,42.1,80.0,31.5,78.1,49.9,22.3,50.6,12.0,40.7,58.3,39.0,JuryManagementDashboard.pdf,Jan-Mar,,reported
St. Johns,2009,1,15.0,37.0,12.0,23.0,65.2,47.1,22.3,50.6,12.0,40.7,58.3,39.0,JuryManagementDashboard.pdf,Jan-Mar,,reported
St. Lucie,2009,1,27.0,46.5,69.0,35.9,75.3,39.4,22.3,50.6,12.0,40.7,58.3,39.0,JuryManagementDashboard.pdf,Jan-Mar,,reported
Sumter,2009,1,24.0,202.0,1.0,195.0,12.3,32.5,22.3,50.6,12.0,40.7,58.3,39.0,JuryManagementDashboard.pdf,Jan-Mar,,reported
Suwannee,2009,1,65.0,86.3,3.0,65.0,100.0,39.9,22.3,50.6,12.0,40.7,58.3,39.0,JuryManagementDashboard.pdf,Jan-Mar,,reported
Taylor,2009,1,16.0,16.0,2.0,16.0,100.0,25.6,22.3,50.6,12.0,40.7,58.3,39.0,JuryManagementDashboard.pdf,Jan-Mar,,reported
Union,2009,1,36.0,75.0,1.0,61.0,59.0,40.7,22.3,50.6,12.0,40.7,58.3,39.0,JuryManagementDashboard.pdf,Jan-Mar,,reported
Volusia,2009,1,22.0,50.3,45.0,42.1,52.3,46.7,22.3,50.6,12.0,40.7,58.3,39.0,JuryManagementDashboard.pdf,Jan-Mar,,reported
Wakulla,2009,1,6.4,32.6,11.0,26.3,24.2,63.1,22.3,50.6,12.0,40.7,58.3,39.0,JuryManagementDashboard.pdf,Jan-Mar,,reported
Walton,2009,1,21.7,76.5,6.0,68.3,31.7,41.1,22.3,50.6,12.0,40.7,58.3,39.0,JuryManagementDashboard.pdf,Jan-Mar,,reported
Washington,2009,1,7.5,134.5,2.0,127.0,5.9,42.3,22.3,50.6,12.0,40.7,58.3,39.0,JuryManagementDashboard.pdf,Jan-Mar,,reported
Alachua,2009,2,24.0,36.2,31.0,28.0,85.7,35.5,24.6,50.5,9.0,40.7,60.8,37.6,JuryManagementDashboard.pdf,Apr-Jun,,reported
Baker,2009,2,34.5,69.5,2.0,34.5,100.0,25.1,24.6,50.5,9.0,40.7,60.8,37.6,JuryManagementDashboard.pdf,Apr-Jun,,reported
Bay,2009,2,14.1,52.5,26.0,42.1,33.5,39.2,24.6,50.5,9.0,40.7,60.8,37.6,JuryManagementDashboard.pdf,Apr-Jun,,reported
Bradford,2009,2,38.0,87.0,3.0,55.7,68.3,39.4,24.6,50.5,9.0,40.7,60.8,37.6,JuryManagementDashboard.pdf,Apr-Jun,,reported
Brevard,2009,2,25.1,69.8,89.0,56.8,44.1,32.5,24.6,50.5,9.0,40.7,60.8,37.6,JuryManagementDashboard.pdf,Apr-Jun,,reported
Broward,2009,2,49.2,61.5,306.0,44.4,110.8,39.1,24.6,50.5,9.0,40.7,60.8,37.6,JuryManagementDashboard.pdf,Apr-Jun,percent_to_voir_dire_gt_100_reported; ,reported
Calhoun,2009,2,24.3,36.0,4.0,29.3,82.9,39.0,24.6,50.5,9.0,40.7,60.8,37.6,JuryManagementDashboard.pdf,Apr-Jun,,reported
Charlotte,2009,2,32.7,36.7,14.0,32.7,100.0,57.3,24.6,50.5,9.0,40.7,60.8,37.6,JuryManagementDashboard.pdf,Apr-Jun,,reported
Citrus,2009,2,24.7,58.4,9.0,48.3,51.0,47.5,24.6,50.5,9.0,40.7,60.8,37.6,JuryManagementDashboard.pdf,Apr-Jun,,reported
Clay,2009,2,21.8,73.3,8.0,62.9,34.6,43.2,24.6,50.5,9.0,40.7,60.8,37.6,JuryManagementDashboard.pdf,Apr-Jun,,reported
Collier,2009,2,22.4,64.9,43.0,58.8,38.0,50.6,24.6,50.5,9.0,40.7,60.8,37.6,JuryManagementDashboard.pdf,Apr-Jun,,reported
Columbia,2009,2,40.4,40.4,8.0,40.4,100.0,53.8,24.6,50.5,9.0,40.7,60.8,37.6,JuryManagementDashboard.pdf,Apr-Jun,,reported
DeSoto,2009,2,27.5,39.5,2.0,39.5,69.6,11.3,24.6,50.5,9.0,40.7,60.8,37.6,JuryManagementDashboard.pdf,Apr-Jun,,reported
Dixie,2009,2,64.0,86.0,1.0,86.0,74.4,28.7,24.6,50.5,9.0,40.7,60.8,37.6,JuryManagementDashboard.pdf,Apr-Jun,,reported
Duval,2009,2,27.9,49.4,125.0,39.7,70.2,31.3,24.6,50.5,9.0,40.7,60.8,37.6,JuryManagementDashboard.pdf,Apr-Jun,,reported
Escambia,2009,2,19.7,32.3,113.0,23.5,84.1,25.4,24.6,50.5,9.0,40.7,60.8,37.6,JuryManagementDashboard.pdf,Apr-Jun,,reported
Flagler,2009,2,19.8,29.6,9.0,20.9,94.7,29.8,24.6,50.5,9.0,40.7,60.8,37.6,JuryManagementDashboard.pdf,Apr-Jun,,reported
Franklin,2009,2,24.8,62.3,4.0,51.0,48.5,32.6,24.6,50.5,9.0,40.7,60.8,37.6,JuryManagementDashboard.pdf,Apr-Jun,,reported
Gadsden,2009,2,29.2,38.6,13.0,30.7,95.2,47.8,24.6,50.5,9.0,40.7,60.8,37.6,JuryManagementDashboard.pdf,Apr-Jun,,reported
Gilchrist,2009,2,7.0,53.0,1.0,26.0,26.9,32.5,24.6,50.5,9.0,40.7,60.8,37.6,JuryManagementDashboard.pdf,Apr-Jun,,reported
Glades,2009,2,0.0,0.0,0.0,0.0,0.0,64.0,24.6,50.5,9.0,40.7,60.8,37.6,JuryManagementDashboard.pdf,Apr-Jun,,reported
Gulf,2009,2,66.0,73.0,1.0,66.0,100.0,33.0,24.6,50.5,9.0,40.7,60.8,37.6,JuryManagementDashboard.pdf,Apr-Jun,,reported
Hamilton,2009,2,0.0,0.0,0.0,0.0,0.0,25.3,24.6,50.5,9.0,40.7,60.8,37.6,JuryManagementDashboard.pdf,Apr-Jun,,reported
Hardee,2009,2,7.3,45.5,4.0,34.3,21.2,59.3,24.6,50.5,9.0,40.7,60.8,37.6,JuryManagementDashboard.pdf,Apr-Jun,,reported
Hendry,2009,2,38.4,71.6,9.0,71.6,53.7,70.0,24.6,50.5,9.0,40.7,60.8,37.6,JuryManagementDashboard.pdf,Apr-Jun,,reported
Hernando,2009,2,29.8,53.3,12.0,42.9,69.5,47.6,24.6,50.5,9.0,40.7,60.8,37.6,JuryManagementDashboard.pdf,Apr-Jun,,reported
Highlands,2009,2,13.7,23.8,6.0,18.0,75.9,19.1,24.6,50.5,9.0,40.7,60.8,37.6,JuryManagementDashboard.pdf,Apr-Jun,,reported
Hillsborough,2009,2,26.8,60.4,137.0,48.7,55.0,31.2,24.6,50.5,9.0,40.7,60.8,37.6,JuryManagementDashboard.pdf,Apr-Jun,,reported
Holmes,2009,2,21.0,79.0,2.0,66.0,31.8,29.3,24.6,50.5,9.0,40.7,60.8,37.6,JuryManagementDashboard.pdf,Apr-Jun,,reported
Indian River,2009,2,18.2,36.6,48.0,26.2,69.5,57.9,24.6,50.5,9.0,40.7,60.8,37.6,JuryManagementDashboard.pdf,Apr-Jun,,reported
Jackson,2009,2,7.0,69.5,2.0,55.5,12.6,27.5,24.6,50.5,9.0,40.7,60.8,37.6,JuryManagementDashboard.pdf,Apr-Jun,,reported
Jefferson,2009,2,7.0,133.0,1.0,133.0,5.3,26.6,24.6,50.5,9.0,40.7,60.8,37.6,JuryManagementDashboard.pdf,Apr-Jun,,reported
Lafayette,2009,2,0.0,0.0,0.0,0.0,0.0,0.0,24.6,50.5,9.0,40.7,60.8,37.6,JuryManagementDashboard.pdf,Apr-Jun,,reported_all_zero
Lake,2009,2,27.7,62.4,37.0,47.8,57.9,34.9,24.6,50.5,9.0,40.7,60.8,37.6,JuryManagementDashboard.pdf,Apr-Jun,,reported
Lee,2009,2,30.5,74.1,64.0,66.5,45.8,50.4,24.6,50.5,9.0,40.7,60.8,37.6,JuryManagementDashboard.pdf,Apr-Jun,,reported
Leon,2009,2,22.4,35.1,94.0,27.9,80.4,44.9,24.6,50.5,9.0,40.7,60.8,37.6,JuryManagementDashboard.pdf,Apr-Jun,,reported
Levy,2009,2,16.7,40.7,9.0,33.7,49.5,32.6,24.6,50.5,9.0,40.7,60.8,37.6,JuryManagementDashboard.pdf,Apr-Jun,,reported
Liberty,2009,2,27.0,41.7,3.0,37.0,73.0,39.6,24.6,50.5,9.0,40.7,60.8,37.6,JuryManagementDashboard.pdf,Apr-Jun,,reported
Madison,2009,2,7.0,132.0,1.0,132.0,5.3,36.7,24.6,50.5,9.0,40.7,60.8,37.6,JuryManagementDashboard.pdf,Apr-Jun,,reported
Manatee,2009,2,31.3,74.8,26.0,64.0,48.8,39.8,24.6,50.5,9.0,40.7,60.8,37.6,JuryManagementDashboard.pdf,Apr-Jun,,reported
Marion,2009,2,24.6,56.8,56.0,46.2,53.1,36.4,24.6,50.5,9.0,40.7,60.8,37.6,JuryManagementDashboard.pdf,Apr-Jun,,reported
Martin,2009,2,46.1,93.6,14.0,75.8,60.8,34.3,24.6,50.5,9.0,40.7,60.8,37.6,JuryManagementDashboard.pdf,Apr-Jun,,reported
Miami-Dade,2009,2,41.7,74.2,273.0,60.2,69.2,39.9,24.6,50.5,9.0,40.7,60.8,37.6,JuryManagementDashboard.pdf,Apr-Jun,,reported
Monroe,2009,2,21.3,50.5,27.0,40.7,52.3,61.2,24.6,50.5,9.0,40.7,60.8,37.6,JuryManagementDashboard.pdf,Apr-Jun,,reported
Nassau,2009,2,15.6,49.4,8.0,36.8,42.5,42.0,24.6,50.5,9.0,40.7,60.8,37.6,JuryManagementDashboard.pdf,Apr-Jun,,reported
Okaloosa,2009,2,29.1,67.0,19.0,56.9,51.1,44.4,24.6,50.5,9.0,40.7,60.8,37.6,JuryManagementDashboard.pdf,Apr-Jun,,reported
Okeechobee,2009,2,61.5,123.8,4.0,61.5,100.0,18.9,24.6,50.5,9.0,40.7,60.8,37.6,JuryManagementDashboard.pdf,Apr-Jun,,reported
Orange,2009,2,23.9,41.9,262.0,36.7,65.0,42.3,24.6,50.5,9.0,40.7,60.8,37.6,JuryManagementDashboard.pdf,Apr-Jun,,reported
Osceola,2009,2,19.6,44.9,70.0,38.7,50.8,32.0,24.6,50.5,9.0,40.7,60.8,37.6,JuryManagementDashboard.pdf,Apr-Jun,,reported
Palm Beach,2009,2,29.6,51.3,230.0,43.0,68.9,33.0,24.6,50.5,9.0,40.7,60.8,37.6,JuryManagementDashboard.pdf,Apr-Jun,,reported
Pasco,2009,2,27.1,48.1,59.0,38.5,70.4,40.3,24.6,50.5,9.0,40.7,60.8,37.6,JuryManagementDashboard.pdf,Apr-Jun,,reported
Pinellas,2009,2,25.9,49.2,140.0,42.7,60.7,43.2,24.6,50.5,9.0,40.7,60.8,37.6,JuryManagementDashboard.pdf,Apr-Jun,,reported
Polk,2009,2,32.4,77.9,50.0,45.7,70.8,44.1,24.6,50.5,9.0,40.7,60.8,37.6,JuryManagementDashboard.pdf,Apr-Jun,,reported
Putnam,2009,2,18.0,37.9,7.0,32.3,55.8,32.4,24.6,50.5,9.0,40.7,60.8,37.6,JuryManagementDashboard.pdf,Apr-Jun,,reported
Santa Rosa,2009,2,40.9,46.4,24.0,40.9,100.0,37.6,24.6,50.5,9.0,40.7,60.8,37.6,JuryManagementDashboard.pdf,Apr-Jun,,reported
Sarasota,2009,2,28.2,50.8,42.0,40.6,69.4,34.0,24.6,50.5,9.0,40.7,60.8,37.6,JuryManagementDashboard.pdf,Apr-Jun,,reported
Seminole,2009,2,22.6,39.9,76.0,31.7,71.3,52.1,24.6,50.5,9.0,40.7,60.8,37.6,JuryManagementDashboard.pdf,Apr-Jun,,reported
St. Johns,2009,2,19.5,47.8,8.0,32.3,60.5,42.9,24.6,50.5,9.0,40.7,60.8,37.6,JuryManagementDashboard.pdf,Apr-Jun,,reported
St. Lucie,2009,2,32.7,52.6,53.0,43.1,75.9,46.0,24.6,50.5,9.0,40.7,60.8,37.6,JuryManagementDashboard.pdf,Apr-Jun,,reported
Sumter,2009,2,21.5,81.0,2.0,77.5,27.7,25.8,24.6,50.5,9.0,40.7,60.8,37.6,JuryManagementDashboard.pdf,Apr-Jun,,reported
Suwannee,2009,2,24.0,31.0,2.0,24.0,100.0,24.0,24.6,50.5,9.0,40.7,60.8,37.6,JuryManagementDashboard.pdf,Apr-Jun,,reported
Taylor,2009,2,38.0,38.0,1.0,38.0,100.0,38.0,24.6,50.5,9.0,40.7,60.8,37.6,JuryManagementDashboard.pdf,Apr-Jun,,reported
Union,2009,2,0.0,0.0,0.0,0.0,0.0,0.0,24.6,50.5,9.0,40.7,60.8,37.6,JuryManagementDashboard.pdf,Apr-Jun,,reported_all_zero
Volusia,2009,2,23.9,48.1,46.0,38.8,61.7,45.6,24.6,50.5,9.0,40.7,60.8,37.6,JuryManagementDashboard.pdf,Apr-Jun,,reported
Wakulla,2009,2,7.0,64.0,3.0,51.0,13.7,69.4,24.6,50.5,9.0,40.7,60.8,37.6,JuryManagementDashboard.pdf,Apr-Jun,,reported
Walton,2009,2,19.7,41.2,11.0,30.0,65.8,26.5,24.6,50.5,9.0,40.7,60.8,37.6,JuryManagementDashboard.pdf,Apr-Jun,,reported
Washington,2009,2,25.0,49.0,2.0,49.0,51.0,26.0,24.6,50.5,9.0,40.7,60.8,37.6,JuryManagementDashboard.pdf,Apr-Jun,,reported
Alachua,2009,3,23.9,32.7,33.0,24.6,97.0,38.1,24.1,48.2,12.0,38.0,59.7,38.0,JuryManagementDashboard.pdf,Jul-Sep,,reported
Baker,2009,3,39.0,84.0,1.0,77.0,50.6,23.7,24.1,48.2,12.0,38.0,59.7,38.0,JuryManagementDashboard.pdf,Jul-Sep,,reported
Bay,2009,3,7.5,63.1,19.0,54.1,13.9,45.4,23.9,47.0,12.0,38.0,59.7,38.0,JuryManagementDashboard.pdf,Jul-Sep,,reported
Bradford,2009,3,0.0,0.0,0.0,0.0,0.0,0.0,24.1,48.2,12.0,38.0,59.7,38.0,JuryManagementDashboard.pdf,Jul-Sep,,reported_all_zero
Brevard,2009,3,26.5,68.0,98.0,53.4,49.7,34.1,23.9,47.0,12.0,38.0,59.7,38.0,JuryManagementDashboard.pdf,Jul-Sep,,reported
Broward,2009,3,36.5,61.4,287.0,47.3,77.2,37.6,23.9,47.0,12.0,38.0,59.7,38.0,JuryManagementDashboard.pdf,Jul-Sep,,reported
Calhoun,2009,3,0.0,0.0,0.0,0.0,0.0,0.0,23.9,47.0,12.0,38.0,59.7,38.0,JuryManagementDashboard.pdf,Jul-Sep,,reported_all_zero
Charlotte,2009,3,34.0,37.6,15.0,34.0,100.0,62.5,23.9,47.0,12.0,38.0,59.7,38.0,JuryManagementDashboard.pdf,Jul-Sep,,reported
Citrus,2009,3,25.8,129.5,4.0,113.5,22.7,48.9,23.9,47.0,12.0,38.0,59.7,38.0,JuryManagementDashboard.pdf,Jul-Sep,,reported
Clay,2009,3,18.3,60.1,8.0,52.3,34.9,45.5,23.9,47.0,12.0,38.0,59.7,38.0,JuryManagementDashboard.pdf,Jul-Sep,,reported
Collier,2009,3,20.7,88.7,27.0,79.4,26.1,50.9,23.9,47.0,12.0,38.0,59.7,38.0,JuryManagementDashboard.pdf,Jul-Sep,,reported
Columbia,2009,3,37.4,37.4,14.0,37.4,100.0,36.4,23.9,47.0,12.0,38.0,59.7,38.0,JuryManagementDashboard.pdf,Jul-Sep,,reported
DeSoto,2009,3,24.1,34.4,8.0,24.8,97.5,27.0,23.9,47.0,12.0,38.0,59.7,38.0,JuryManagementDashboard.pdf,Jul-Sep,,reported
Dixie,2009,3,24.0,42.0,1.0,42.0,57.1,28.0,23.9,47.0,12.0,38.0,59.7,38.0,JuryManagementDashboard.pdf,Jul-Sep,,reported
Duval,2009,3,23.7,45.9,133.0,34.8,68.0,29.2,23.9,47.0,12.0,38.0,59.7,38.0,JuryManagementDashboard.pdf,Jul-Sep,,reported
Escambia,2009,3,25.9,39.4,104.0,28.9,89.6,26.6,23.9,47.0,12.0,38.0,59.7,38.0,JuryManagementDashboard.pdf,Jul-Sep,aps_placeholder_uncorrected_in_source,reported
Flagler,2009,3,20.4,36.6,12.0,27.7,73.8,39.1,23.9,47.0,12.0,38.0,59.7,38.0,JuryManagementDashboard.pdf,Jul-Sep,,reported
Franklin,2009,3,21.0,36.0,1.0,36.0,58.3,24.0,23.9,47.0,12.0,38.0,59.7,38.0,JuryManagementDashboard.pdf,Jul-Sep,,reported
Gadsden,2009,3,31.0,42.2,12.0,31.0,100.0,33.8,23.9,47.0,12.0,38.0,59.7,38.0,JuryManagementDashboard.pdf,Jul-Sep,,reported
Gilchrist,2009,3,0.0,0.0,0.0,0.0,0.0,0.0,24.1,48.2,12.0,38.0,59.7,38.0,JuryManagementDashboard.pdf,Jul-Sep,,reported_all_zero
Glades,2009,3,0.0,0.0,0.0,0.0,0.0,20.6,23.9,47.0,12.0,38.0,59.7,38.0,JuryManagementDashboard.pdf,Jul-Sep,,reported
Gulf,2009,3,36.0,42.5,2.0,36.0,100.0,57.0,23.9,47.0,12.0,38.0,59.7,38.0,JuryManagementDashboard.pdf,Jul-Sep,,reported
Hamilton,2009,3,0.0,0.0,0.0,0.0,0.0,0.0,23.9,47.0,12.0,38.0,59.7,38.0,JuryManagementDashboard.pdf,Jul-Sep,,reported_all_zero
Hardee,2009,3,14.0,42.0,2.0,35.0,40.0,57.0,23.9,47.0,12.0,38.0,59.7,38.0,JuryManagementDashboard.pdf,Jul-Sep,,reported
Hendry,2009,3,32.0,85.2,6.0,85.2,37.6,76.0,23.9,47.0,12.0,38.0,59.7,38.0,JuryManagementDashboard.pdf,Jul-Sep,,reported
Hernando,2009,3,35.0,70.8,8.0,61.6,56.8,45.9,23.9,47.0,12.0,38.0,59.7,38.0,JuryManagementDashboard.pdf,Jul-Sep,,reported
Highlands,2009,3,16.9,27.6,8.0,16.6,101.5,23.2,23.9,47.0,12.0,38.0,59.7,38.0,JuryManagementDashboard.pdf,Jul-Sep,percent_to_voir_dire_gt_100_reported; ,reported
Hillsborough,2009,3,23.6,50.6,135.0,39.7,59.3,28.7,23.9,47.0,12.0,38.0,59.7,38.0,JuryManagementDashboard.pdf,Jul-Sep,,reported
Holmes,2009,3,21.0,39.0,1.0,32.0,65.6,21.3,23.9,47.0,12.0,38.0,59.7,38.0,JuryManagementDashboard.pdf,Jul-Sep,,reported
Indian River,2009,3,26.0,61.7,25.0,47.0,55.2,55.2,23.9,47.0,12.0,38.0,59.7,38.0,JuryManagementDashboard.pdf,Jul-Sep,,reported
Jackson,2009,3,10.8,32.6,9.0,27.9,38.6,38.6,23.9,47.0,12.0,38.0,59.7,38.0,JuryManagementDashboard.pdf,Jul-Sep,,reported
Jefferson,2009,3,7.0,63.0,2.0,59.5,11.8,29.8,23.9,47.0,12.0,38.0,59.7,38.0,JuryManagementDashboard.pdf,Jul-Sep,,reported
Lafayette,2009,3,99.0,135.0,1.0,99.0,100.0,49.5,23.9,47.0,12.0,38.0,59.7,38.0,JuryManagementDashboard.pdf,Jul-Sep,,reported
Lake,2009,3,29.3,64.7,28.0,51.4,57.0,37.5,23.9,47.0,12.0,38.0,59.7,38.0,JuryManagementDashboard.pdf,Jul-Sep,,reported
Lee,2009,3,27.5,51.5,105.0,47.4,58.0,46.3,23.9,47.0,12.0,38.0,59.7,38.0,JuryManagementDashboard.pdf,Jul-Sep,,reported
Leon,2009,3,23.6,36.6,62.0,29.3,80.3,43.7,23.9,47.0,12.0,38.0,59.7,38.0,JuryManagementDashboard.pdf,Jul-Sep,,reported
Levy,2009,3,25.7,33.6,10.0,25.7,100.0,36.7,24.1,48.2,12.0,38.0,59.7,38.0,JuryManagementDashboard.pdf,Jul-Sep,,reported
Liberty,2009,3,19.5,19.5,2.0,19.5,100.0,35.5,23.9,47.0,12.0,38.0,59.7,38.0,JuryManagementDashboard.pdf,Jul-Sep,,reported
Madison,2009,3,6.0,205.0,1.0,205.0,2.9,38.0,23.9,47.0,12.0,38.0,59.7,38.0,JuryManagementDashboard.pdf,Jul-Sep,,reported
Manatee,2009,3,36.2,66.2,37.0,52.4,69.2,42.7,23.9,47.0,12.0,38.0,59.7,38.0,JuryManagementDashboard.pdf,Jul-Sep,,reported
Marion,2009,3,22.1,39.7,77.0,31.1,71.2,36.7,23.9,47.0,12.0,38.0,59.7,38.0,JuryManagementDashboard.pdf,Jul-Sep,,reported
Martin,2009,3,33.3,99.7,12.0,70.1,47.4,40.3,23.9,47.0,12.0,38.0,59.7,38.0,JuryManagementDashboard.pdf,Jul-Sep,,reported
Miami-Dade,2009,3,40.5,75.1,252.0,62.6,64.7,38.0,23.9,47.0,12.0,38.0,59.7,38.0,JuryManagementDashboard.pdf,Jul-Sep,,reported
Monroe,2009,3,30.4,71.7,19.0,57.4,53.0,62.7,23.9,47.0,12.0,38.0,59.7,38.0,JuryManagementDashboard.pdf,Jul-Sep,,reported
Nassau,2009,3,23.8,53.0,8.0,37.4,63.5,42.7,23.9,47.0,12.0,38.0,59.7,38.0,JuryManagementDashboard.pdf,Jul-Sep,,reported
Okaloosa,2009,3,19.4,61.7,15.0,56.1,34.6,44.5,23.9,47.0,12.0,38.0,59.7,38.0,JuryManagementDashboard.pdf,Jul-Sep,,reported
Okeechobee,2009,3,47.0,49.4,11.0,39.3,119.7,20.5,23.9,47.0,12.0,38.0,59.7,38.0,JuryManagementDashboard.pdf,Jul-Sep,percent_to_voir_dire_gt_100_reported; ,reported
Orange,2009,3,22.0,40.3,282.0,33.5,65.6,40.6,23.9,47.0,12.0,38.0,59.7,38.0,JuryManagementDashboard.pdf,Jul-Sep,,reported
Osceola,2009,3,19.0,47.0,71.0,43.0,44.1,31.2,23.9,47.0,12.0,38.0,59.7,38.0,JuryManagementDashboard.pdf,Jul-Sep,,reported
Palm Beach,2009,3,34.4,64.0,224.0,48.2,71.4,32.3,23.9,47.0,12.0,38.0,59.7,38.0,JuryManagementDashboard.pdf,Jul-Sep,,reported
Pasco,2009,3,25.8,48.2,63.0,38.0,67.8,36.9,23.9,47.0,12.0,38.0,59.7,38.0,JuryManagementDashboard.pdf,Jul-Sep,,reported
Pinellas,2009,3,29.2,52.5,136.0,45.1,64.6,43.0,23.9,47.0,12.0,38.0,59.7,38.0,JuryManagementDashboard.pdf,Jul-Sep,,reported
Polk,2009,3,35.3,62.8,72.0,41.4,85.3,41.7,23.9,47.0,12.0,38.0,59.7,38.0,JuryManagementDashboard.pdf,Jul-Sep,,reported
Putnam,2009,3,21.2,50.8,9.0,42.6,49.9,28.3,23.9,47.0,12.0,38.0,59.7,38.0,JuryManagementDashboard.pdf,Jul-Sep,,reported
Santa Rosa,2009,3,35.9,42.2,25.0,35.9,100.0,41.6,23.9,47.0,12.0,38.0,59.7,38.0,JuryManagementDashboard.pdf,Jul-Sep,,reported
Sarasota,2009,3,28.8,60.3,51.0,48.2,59.7,28.9,23.9,47.0,12.0,38.0,59.7,38.0,JuryManagementDashboard.pdf,Jul-Sep,,reported
Seminole,2009,3,20.0,41.0,68.0,31.6,63.3,52.3,23.9,47.0,12.0,38.0,59.7,38.0,JuryManagementDashboard.pdf,Jul-Sep,,reported
St. Johns,2009,3,17.1,35.1,11.0,20.2,84.7,39.7,23.9,47.0,12.0,38.0,59.7,38.0,JuryManagementDashboard.pdf,Jul-Sep,,reported
St. Lucie,2009,3,34.1,58.5,37.0,55.1,62.0,43.0,23.9,47.0,12.0,38.0,59.7,38.0,JuryManagementDashboard.pdf,Jul-Sep,,reported
Sumter,2009,3,14.3,35.3,4.0,24.8,57.6,24.8,23.9,47.0,12.0,38.0,59.7,38.0,JuryManagementDashboard.pdf,Jul-Sep,,reported
Suwannee,2009,3,48.0,71.3,3.0,48.0,100.0,46.8,23.9,47.0,12.0,38.0,59.7,38.0,JuryManagementDashboard.pdf,Jul-Sep,,reported
Taylor,2009,3,0.0,0.0,0.0,0.0,0.0,0.0,23.9,47.0,12.0,38.0,59.7,38.0,JuryManagementDashboard.pdf,Jul-Sep,,reported_all_zero
Union,2009,3,18.5,36.5,2.0,36.5,50.7,51.2,24.1,48.2,12.0,38.0,59.7,38.0,JuryManagementDashboard.pdf,Jul-Sep,,reported
Volusia,2009,3,25.7,58.5,43.0,47.0,54.6,43.1,23.9,47.0,12.0,38.0,59.7,38.0,JuryManagementDashboard.pdf,Jul-Sep,,reported
Wakulla,2009,3,60.1,24.9,7.0,18.9,318.9,62.0,23.9,47.0,12.0,38.0,59.7,38.0,JuryManagementDashboard.pdf,Jul-Sep,percent_to_voir_dire_gt_100_reported; ,reported
Walton,2009,3,18.0,25.2,13.0,18.8,95.5,24.7,23.9,47.0,12.0,38.0,59.7,38.0,JuryManagementDashboard.pdf,Jul-Sep,,reported
Washington,2009,3,6.5,57.5,2.0,57.5,11.3,32.9,23.9,47.0,12.0,38.0,59.7,38.0,JuryManagementDashboard.pdf,Jul-Sep,,reported
Alachua,2009,4,30.4,45.1,31.0,35.4,85.9,39.2,25.0,49.3,9.0,39.6,58.9,39.2,JuryManagement2ndQtr09-10.pdf,Oct-Dec,,reported
Baker,2009,4,44.3,60.8,4.0,44.5,99.4,27.1,25.0,49.3,9.0,39.6,58.9,39.2,JuryManagement2ndQtr09-10.pdf,Oct-Dec,,reported
Bay,2009,4,7.4,51.0,22.0,40.0,18.4,42.5,25.0,49.3,9.0,39.6,58.9,39.2,JuryManagement2ndQtr09-10.pdf,Oct-Dec,,reported
Bradford,2009,4,30.0,141.0,1.0,127.0,23.6,38.6,25.0,49.3,9.0,39.6,58.9,39.2,JuryManagement2ndQtr09-10.pdf,Oct-Dec,,reported
Brevard,2009,4,25.5,71.7,81.0,59.2,43.1,33.6,25.0,49.3,9.0,39.6,58.9,39.2,JuryManagement2ndQtr09-10.pdf,Oct-Dec,,reported
Broward,2009,4,28.2,76.1,216.0,60.3,46.7,43.4,25.0,49.3,9.0,39.6,58.9,39.2,JuryManagement2ndQtr09-10.pdf,Oct-Dec,,reported
Calhoun,2009,4,21.0,58.0,2.0,54.5,38.5,36.3,25.0,49.3,9.0,39.6,58.9,39.2,JuryManagement2ndQtr09-10.pdf,Oct-Dec,,reported
Charlotte,2009,4,30.7,36.7,20.0,30.7,100.0,63.7,25.0,49.3,9.0,39.6,58.9,39.2,JuryManagement2ndQtr09-10.pdf,Oct-Dec,,reported
Citrus,2009,4,20.8,61.8,9.0,43.1,48.2,43.8,25.0,49.3,9.0,39.6,58.9,39.2,JuryManagement2ndQtr09-10.pdf,Oct-Dec,,reported
Clay,2009,4,26.0,93.3,7.0,79.3,32.8,38.6,25.0,49.3,9.0,39.6,58.9,39.2,JuryManagement2ndQtr09-10.pdf,Oct-Dec,,reported
Collier,2009,4,22.7,122.6,19.0,117.9,19.3,53.5,25.0,49.3,9.0,39.6,58.9,39.2,JuryManagement2ndQtr09-10.pdf,Oct-Dec,,reported
Columbia,2009,4,38.4,38.4,7.0,38.4,100.0,47.9,25.0,49.3,9.0,39.6,58.9,39.2,JuryManagement2ndQtr09-10.pdf,Oct-Dec,,reported
DeSoto,2009,4,13.5,52.0,2.0,52.0,26.0,14.8,25.0,49.3,9.0,39.6,58.9,39.2,JuryManagement2ndQtr09-10.pdf,Oct-Dec,,reported
Dixie,2009,4,51.0,66.0,1.0,66.0,77.3,29.3,25.0,49.3,9.0,39.6,58.9,39.2,JuryManagement2ndQtr09-10.pdf,Oct-Dec,,reported
Duval,2009,4,25.0,42.3,127.0,30.5,82.0,31.7,25.0,49.3,9.0,39.6,58.9,39.2,JuryManagement2ndQtr09-10.pdf,Oct-Dec,,reported
Escambia,2009,4,21.3,31.7,103.0,24.1,88.3,25.3,25.0,49.3,9.0,39.6,58.9,39.2,JuryManagement2ndQtr09-10.pdf,Oct-Dec,aps_placeholder_corrected_from_later_edition,reported
Flagler,2009,4,20.2,46.8,13.0,34.3,59.0,41.2,25.0,49.3,9.0,39.6,58.9,39.2,JuryManagement2ndQtr09-10.pdf,Oct-Dec,,reported
Franklin,2009,4,0.0,0.0,0.0,0.0,0.0,0.0,25.0,49.3,9.0,39.6,58.9,39.2,JuryManagement2ndQtr09-10.pdf,Oct-Dec,,reported_all_zero
Gadsden,2009,4,31.5,39.9,10.0,31.5,100.0,43.3,25.0,49.3,9.0,39.6,58.9,39.2,JuryManagement2ndQtr09-10.pdf,Oct-Dec,,reported
Gilchrist,2009,4,20.0,49.0,1.0,43.0,46.5,43.0,25.0,49.3,9.0,39.6,58.9,39.2,JuryManagement2ndQtr09-10.pdf,Oct-Dec,,reported
Glades,2009,4,14.5,71.5,2.0,71.5,20.3,32.3,25.0,49.3,9.0,39.6,58.9,39.2,JuryManagement2ndQtr09-10.pdf,Oct-Dec,,reported
Gulf,2009,4,27.2,33.7,6.0,27.2,100.0,29.6,25.0,49.3,9.0,39.6,58.9,39.2,JuryManagement2ndQtr09-10.pdf,Oct-Dec,,reported
Hamilton,2009,4,0.0,0.0,0.0,0.0,0.0,0.0,25.0,49.3,9.0,39.6,58.9,39.2,JuryManagement2ndQtr09-10.pdf,Oct-Dec,,reported_all_zero
Hardee,2009,4,0.0,0.0,0.0,0.0,0.0,0.0,25.0,49.3,9.0,39.6,58.9,39.2,JuryManagement2ndQtr09-10.pdf,Oct-Dec,,reported_all_zero
Hendry,2009,4,40.6,58.4,8.0,58.4,69.6,64.4,25.0,49.3,9.0,39.6,58.9,39.2,JuryManagement2ndQtr09-10.pdf,Oct-Dec,,reported
Hernando,2009,4,27.4,41.2,13.0,37.2,73.7,51.6,25.0,49.3,9.0,39.6,58.9,39.2,JuryManagement2ndQtr09-10.pdf,Oct-Dec,,reported
Highlands,2009,4,13.8,31.0,6.0,21.7,63.8,23.7,25.0,49.3,9.0,39.6,58.9,39.2,JuryManagement2ndQtr09-10.pdf,Oct-Dec,,reported
Hillsborough,2009,4,25.2,44.0,141.0,29.8,84.6,22.8,25.0,49.3,9.0,39.6,58.9,39.2,JuryManagement2ndQtr09-10.pdf,Oct-Dec,,reported
Holmes,2009,4,0.0,0.0,0.0,0.0,0.0,33.7,25.0,49.3,9.0,39.6,58.9,39.2,JuryManagement2ndQtr09-10.pdf,Oct-Dec,,reported
Indian River,2009,4,20.3,37.7,40.0,28.6,70.9,55.8,25.0,49.3,9.0,39.6,58.9,39.2,JuryManagement2ndQtr09-10.pdf,Oct-Dec,,reported
Jackson,2009,4,7.0,124.0,1.0,103.0,6.8,41.2,25.0,49.3,9.0,39.6,58.9,39.2,JuryManagement2ndQtr09-10.pdf,Oct-Dec,,reported
Jefferson,2009,4,7.0,42.0,1.0,35.0,20.0,46.7,25.0,49.3,9.0,39.6,58.9,39.2,JuryManagement2ndQtr09-10.pdf,Oct-Dec,,reported
Lafayette,2009,4,20.0,26.0,1.0,20.0,100.0,33.3,25.0,49.3,9.0,39.6,58.9,39.2,JuryManagement2ndQtr09-10.pdf,Oct-Dec,,reported
Lake,2009,4,25.0,52.2,28.0,39.6,63.1,36.9,25.0,49.3,9.0,39.6,58.9,39.2,JuryManagement2ndQtr09-10.pdf,Oct-Dec,,reported
Lee,2009,4,31.5,83.2,55.0,73.8,42.7,51.9,25.0,49.3,9.0,39.6,58.9,39.2,JuryManagement2ndQtr09-10.pdf,Oct-Dec,,reported
Leon,2009,4,22.7,32.2,33.0,27.6,82.3,40.4,25.0,49.3,9.0,39.6,58.9,39.2,JuryManagement2ndQtr09-10.pdf,Oct-Dec,,reported
Levy,2009,4,32.7,38.3,6.0,32.7,100.0,41.5,25.0,49.3,9.0,39.6,58.9,39.2,JuryManagement2ndQtr09-10.pdf,Oct-Dec,,reported
Liberty,2009,4,28.4,34.0,5.0,29.8,95.3,36.8,25.0,49.3,9.0,39.6,58.9,39.2,JuryManagement2ndQtr09-10.pdf,Oct-Dec,,reported
Madison,2009,4,0.0,0.0,0.0,0.0,0.0,0.0,25.0,49.3,9.0,39.6,58.9,39.2,JuryManagement2ndQtr09-10.pdf,Oct-Dec,,reported_all_zero
Manatee,2009,4,33.1,64.6,32.0,51.7,64.0,42.8,25.0,49.3,9.0,39.6,58.9,39.2,JuryManagement2ndQtr09-10.pdf,Oct-Dec,,reported
Marion,2009,4,21.9,47.2,60.0,39.0,56.1,36.9,25.0,49.3,9.0,39.6,58.9,39.2,JuryManagement2ndQtr09-10.pdf,Oct-Dec,,reported
Martin,2009,4,37.3,77.0,15.0,64.5,57.8,41.0,25.0,49.3,9.0,39.6,58.9,39.2,JuryManagement2ndQtr09-10.pdf,Oct-Dec,,reported
Miami-Dade,2009,4,40.2,74.7,237.0,57.9,69.6,38.1,25.0,49.3,9.0,39.6,58.9,39.2,JuryManagement2ndQtr09-10.pdf,Oct-Dec,,reported
Monroe,2009,4,22.0,53.0,29.0,42.8,51.5,64.1,25.0,49.3,9.0,39.6,58.9,39.2,JuryManagement2ndQtr09-10.pdf,Oct-Dec,,reported
Nassau,2009,4,21.0,97.3,4.0,79.0,26.6,42.1,25.0,49.3,9.0,39.6,58.9,39.2,JuryManagement2ndQtr09-10.pdf,Oct-Dec,,reported
Okaloosa,2009,4,30.6,72.3,14.0,63.1,48.6,48.8,25.0,49.3,9.0,39.6,58.9,39.2,JuryManagement2ndQtr09-10.pdf,Oct-Dec,,reported
Okeechobee,2009,4,60.7,99.3,3.0,76.0,79.8,27.1,25.0,49.3,9.0,39.6,58.9,39.2,JuryManagement2ndQtr09-10.pdf,Oct-Dec,,reported
Orange,2009,4,25.0,41.1,208.0,35.1,71.2,41.9,25.0,49.3,9.0,39.6,58.9,39.2,JuryManagement2ndQtr09-10.pdf,Oct-Dec,,reported
Osceola,2009,4,22.1,61.5,58.0,54.7,40.4,34.1,25.0,49.3,9.0,39.6,58.9,39.2,JuryManagement2ndQtr09-10.pdf,Oct-Dec,,reported
Palm Beach,2009,4,32.4,61.0,182.0,50.2,64.4,33.0,25.0,49.3,9.0,39.6,58.9,39.2,JuryManagement2ndQtr09-10.pdf,Oct-Dec,,reported
Pasco,2009,4,25.9,63.8,58.0,54.8,47.2,40.7,25.0,49.3,9.0,39.6,58.9,39.2,JuryManagement2ndQtr09-10.pdf,Oct-Dec,,reported
Pinellas,2009,4,30.1,53.4,102.0,45.9,65.6,43.1,25.0,49.3,9.0,39.6,58.9,39.2,JuryManagement2ndQtr09-10.pdf,Oct-Dec,,reported
Polk,2009,4,30.1,53.4,67.0,39.2,76.8,42.5,25.0,49.3,9.0,39.6,58.9,39.2,JuryManagement2ndQtr09-10.pdf,Oct-Dec,,reported
Putnam,2009,4,25.3,70.9,7.0,63.0,40.1,30.6,25.0,49.3,9.0,39.6,58.9,39.2,JuryManagement2ndQtr09-10.pdf,Oct-Dec,,reported
Santa Rosa,2009,4,35.8,49.3,20.0,42.6,84.0,34.0,25.0,49.3,9.0,39.6,58.9,39.2,JuryManagement2ndQtr09-10.pdf,Oct-Dec,,reported
Sarasota,2009,4,31.2,57.7,43.0,45.7,68.2,31.6,25.0,49.3,9.0,39.6,58.9,39.2,JuryManagement2ndQtr09-10.pdf,Oct-Dec,,reported
Seminole,2009,4,22.2,38.5,59.0,31.8,69.6,56.4,25.0,49.3,9.0,39.6,58.9,39.2,JuryManagement2ndQtr09-10.pdf,Oct-Dec,,reported
St. Johns,2009,4,18.9,41.3,8.0,34.9,54.1,42.5,25.0,49.3,9.0,39.6,58.9,39.2,JuryManagement2ndQtr09-10.pdf,Oct-Dec,,reported
St. Lucie,2009,4,28.9,32.9,46.0,32.9,87.9,40.3,25.0,49.3,9.0,39.6,58.9,39.2,JuryManagement2ndQtr09-10.pdf,Oct-Dec,,reported
Sumter,2009,4,14.0,29.0,8.0,23.8,58.9,26.2,25.0,49.3,9.0,39.6,58.9,39.2,JuryManagement2ndQtr09-10.pdf,Oct-Dec,,reported
Suwannee,2009,4,44.7,56.3,3.0,44.7,100.0,25.5,25.0,49.3,9.0,39.6,58.9,39.2,JuryManagement2ndQtr09-10.pdf,Oct-Dec,,reported
Taylor,2009,4,9.7,34.7,3.0,34.7,27.9,40.8,25.0,49.3,9.0,39.6,58.9,39.2,JuryManagement2ndQtr09-10.pdf,Oct-Dec,,reported
Union,2009,4,0.0,0.0,0.0,0.0,0.0,0.0,25.0,49.3,9.0,39.6,58.9,39.2,JuryManagement2ndQtr09-10.pdf,Oct-Dec,,reported_all_zero
Volusia,2009,4,24.6,63.3,46.0,45.9,53.6,43.6,25.0,49.3,9.0,39.6,58.9,39.2,JuryManagement2ndQtr09-10.pdf,Oct-Dec,,reported
Wakulla,2009,4,28.9,30.3,8.0,22.1,130.5,62.0,25.0,49.3,9.0,39.6,58.9,39.2,JuryManagement2ndQtr09-10.pdf,Oct-Dec,percent_to_voir_dire_gt_100_reported; ,reported
Walton,2009,4,16.3,55.3,3.0,50.3,32.5,23.2,25.0,49.3,9.0,39.6,58.9,39.2,JuryManagement2ndQtr09-10.pdf,Oct-Dec,,reported
Washington,2009,4,7.0,38.0,2.0,31.0,22.6,41.3,25.0,49.3,9.0,39.6,58.9,39.2,JuryManagement2ndQtr09-10.pdf,Oct-Dec,,reported
Alachua,2010,1,26.3,40.9,40.0,29.5,88.9,42.9,24.8,53.3,11.0,45.1,61.3,40.7,JuryManagement4thQuarter09-10.pdf,Jan-Mar,,reported
Baker,2010,1,13.3,19.2,9.0,14.2,93.8,30.0,24.8,53.3,11.0,45.1,61.3,40.7,JuryManagement4thQuarter09-10.pdf,Jan-Mar,,reported
Bay,2010,1,7.5,61.8,24.0,48.8,15.4,43.3,24.8,53.3,11.0,45.1,61.3,40.7,JuryManagement4thQuarter09-10.pdf,Jan-Mar,,reported
Bradford,2010,1,7.0,86.0,1.0,79.0,8.9,50.6,24.8,53.3,11.0,45.1,61.3,40.7,JuryManagement4thQuarter09-10.pdf,Jan-Mar,,reported
Brevard,2010,1,25.2,63.9,103.0,52.6,47.9,36.6,24.8,53.3,11.0,45.1,61.3,40.7,JuryManagement4thQuarter09-10.pdf,Jan-Mar,,reported
Broward,2010,1,27.5,66.3,284.0,52.8,52.1,42.2,24.8,53.3,11.0,45.1,61.3,40.7,JuryManagement4thQuarter09-10.pdf,Jan-Mar,,reported
Calhoun,2010,1,21.0,48.3,3.0,41.7,50.4,35.7,24.8,53.3,11.0,45.1,61.3,40.7,JuryManagement4thQuarter09-10.pdf,Jan-Mar,,reported
Charlotte,2010,1,35.9,41.4,22.0,35.9,100.0,63.9,24.8,53.3,11.0,45.1,61.3,40.7,JuryManagement4thQuarter09-10.pdf,Jan-Mar,,reported
Citrus,2010,1,24.6,58.4,12.0,45.9,53.5,47.7,24.8,53.3,11.0,45.1,61.3,40.7,JuryManagement4thQuarter09-10.pdf,Jan-Mar,,reported
Clay,2010,1,27.6,79.6,8.0,63.4,43.6,45.7,24.8,53.3,11.0,45.1,61.3,40.7,JuryManagement4thQuarter09-10.pdf,Jan-Mar,,reported
Collier,2010,1,20.8,107.6,28.0,99.9,20.8,70.2,24.8,53.3,11.0,45.1,61.3,40.7,JuryManagement4thQuarter09-10.pdf,Jan-Mar,,reported
Columbia,2010,1,44.0,44.0,13.0,44.0,100.0,40.7,24.8,53.3,11.0,45.1,61.3,40.7,JuryManagement4thQuarter09-10.pdf,Jan-Mar,,reported
DeSoto,2010,1,19.0,65.7,3.0,61.0,31.1,12.3,24.8,53.3,11.0,45.1,61.3,40.7,JuryManagement4thQuarter09-10.pdf,Jan-Mar,,reported
Dixie,2010,1,35.0,58.0,1.0,58.0,60.3,15.6,24.8,53.3,11.0,45.1,61.3,40.7,JuryManagement4thQuarter09-10.pdf,Jan-Mar,,reported
Duval,2010,1,28.4,46.6,147.0,32.2,88.0,30.0,24.8,53.3,11.0,45.1,61.3,40.7,JuryManagement4thQuarter09-10.pdf,Jan-Mar,,reported
Escambia,2010,1,24.4,39.7,99.0,29.3,83.2,26.5,24.8,53.3,11.0,45.1,61.3,40.7,JuryManagement4thQuarter09-10.pdf,Jan-Mar,,reported
Flagler,2010,1,19.8,46.0,11.0,31.1,63.7,35.1,24.8,53.3,11.0,45.1,61.3,40.7,JuryManagement4thQuarter09-10.pdf,Jan-Mar,,reported
Franklin,2010,1,41.0,78.0,1.0,58.0,70.7,33.1,24.8,53.3,11.0,45.1,61.3,40.7,JuryManagement4thQuarter09-10.pdf,Jan-Mar,,reported
Gadsden,2010,1,24.0,30.9,16.0,24.0,100.0,42.4,24.8,53.3,11.0,45.1,61.3,40.7,JuryManagement4thQuarter09-10.pdf,Jan-Mar,,reported
Gilchrist,2010,1,9.0,19.5,2.0,15.5,58.1,62.0,24.8,53.3,11.0,45.1,61.3,40.7,JuryManagement4thQuarter09-10.pdf,Jan-Mar,,reported
Glades,2010,1,15.0,88.0,2.0,88.0,17.0,54.3,24.8,53.3,11.0,45.1,61.3,40.7,JuryManagement4thQuarter09-10.pdf,Jan-Mar,,reported
Gulf,2010,1,37.0,43.8,6.0,37.0,100.0,44.4,24.8,53.3,11.0,45.1,61.3,40.7,JuryManagement4thQuarter09-10.pdf,Jan-Mar,,reported
Hamilton,2010,1,0.0,0.0,0.0,0.0,0.0,0.0,24.8,53.3,11.0,45.1,61.3,40.7,JuryManagement4thQuarter09-10.pdf,Jan-Mar,,reported_all_zero
Hardee,2010,1,0.0,0.0,0.0,0.0,0.0,68.9,24.8,53.3,11.0,45.1,61.3,40.7,JuryManagement4thQuarter09-10.pdf,Jan-Mar,,reported
Hendry,2010,1,29.0,39.9,9.0,39.9,72.7,84.6,24.8,53.3,11.0,45.1,61.3,40.7,JuryManagement4thQuarter09-10.pdf,Jan-Mar,,reported
Hernando,2010,1,35.3,53.3,9.0,47.0,75.2,52.4,24.8,53.3,11.0,45.1,61.3,40.7,JuryManagement4thQuarter09-10.pdf,Jan-Mar,,reported
Highlands,2010,1,17.0,28.6,10.0,14.8,114.9,19.1,24.8,53.3,11.0,45.1,61.3,40.7,JuryManagement4thQuarter09-10.pdf,Jan-Mar,percent_to_voir_dire_gt_100_reported; ,reported
Hillsborough,2010,1,25.1,42.7,182.0,27.4,91.7,22.6,24.8,53.3,11.0,45.1,61.3,40.7,JuryManagement4thQuarter09-10.pdf,Jan-Mar,,reported
Holmes,2010,1,21.0,151.0,1.0,97.0,21.6,32.3,24.8,53.3,11.0,45.1,61.3,40.7,JuryManagement4thQuarter09-10.pdf,Jan-Mar,,reported
Indian River,2010,1,21.5,38.8,41.0,28.8,74.5,60.5,24.8,53.3,11.0,45.1,61.3,40.7,JuryManagement4thQuarter09-10.pdf,Jan-Mar,,reported
Jackson,2010,1,7.0,71.7,3.0,55.3,12.7,44.3,24.8,53.3,11.0,45.1,61.3,40.7,JuryManagement4thQuarter09-10.pdf,Jan-Mar,,reported
Jefferson,2010,1,7.0,63.0,1.0,56.0,12.5,32.0,24.8,53.3,11.0,45.1,61.3,40.7,JuryManagement4thQuarter09-10.pdf,Jan-Mar,,reported
Lafayette,2010,1,26.0,28.3,3.0,28.0,92.9,43.1,24.8,53.3,11.0,45.1,61.3,40.7,JuryManagement4thQuarter09-10.pdf,Jan-Mar,,reported
Lake,2010,1,26.4,43.8,36.0,33.3,79.4,38.0,24.8,53.3,11.0,45.1,61.3,40.7,JuryManagement4thQuarter09-10.pdf,Jan-Mar,,reported
Lee,2010,1,29.5,79.4,75.0,70.0,42.2,51.6,24.8,53.3,11.0,45.1,61.3,40.7,JuryManagement4thQuarter09-10.pdf,Jan-Mar,,reported
Leon,2010,1,26.3,39.8,98.0,32.1,81.9,44.2,24.8,53.3,11.0,45.1,61.3,40.7,JuryManagement4thQuarter09-10.pdf,Jan-Mar,,reported
Levy,2010,1,27.3,48.1,9.0,41.7,65.6,37.5,24.8,53.3,11.0,45.1,61.3,40.7,JuryManagement4thQuarter09-10.pdf,Jan-Mar,,reported
Liberty,2010,1,0.0,0.0,0.0,0.0,0.0,41.5,24.8,53.3,11.0,45.1,61.3,40.7,JuryManagement4thQuarter09-10.pdf,Jan-Mar,,reported
Madison,2010,1,6.0,50.0,1.0,50.0,12.0,35.7,24.8,53.3,11.0,45.1,61.3,40.7,JuryManagement4thQuarter09-10.pdf,Jan-Mar,,reported
Manatee,2010,1,35.4,72.6,43.0,49.8,71.2,41.6,24.8,53.3,11.0,45.1,61.3,40.7,JuryManagement4thQuarter09-10.pdf,Jan-Mar,,reported
Marion,2010,1,23.0,56.9,49.0,47.7,48.2,35.7,24.8,53.3,11.0,45.1,61.3,40.7,JuryManagement4thQuarter09-10.pdf,Jan-Mar,,reported
Martin,2010,1,30.1,98.0,12.0,84.7,35.5,40.4,24.8,53.3,11.0,45.1,61.3,40.7,JuryManagement4thQuarter09-10.pdf,Jan-Mar,,reported
Miami-Dade,2010,1,42.5,67.5,286.0,52.3,81.2,37.6,24.8,53.3,11.0,45.1,61.3,40.7,JuryManagement4thQuarter09-10.pdf,Jan-Mar,,reported
Monroe,2010,1,24.6,80.1,17.0,71.9,34.3,64.5,24.8,53.3,11.0,45.1,61.3,40.7,JuryManagement4thQuarter09-10.pdf,Jan-Mar,,reported
Nassau,2010,1,18.5,84.3,4.0,76.3,24.3,40.7,24.8,53.3,11.0,45.1,61.3,40.7,JuryManagement4thQuarter09-10.pdf,Jan-Mar,,reported
Okaloosa,2010,1,20.0,94.1,8.0,85.8,23.3,55.0,24.8,53.3,11.0,45.1,61.3,40.7,JuryManagement4thQuarter09-10.pdf,Jan-Mar,,reported
Okeechobee,2010,1,51.3,56.5,11.0,45.1,113.7,28.7,24.8,53.3,11.0,45.1,61.3,40.7,JuryManagement4thQuarter09-10.pdf,Jan-Mar,percent_to_voir_dire_gt_100_reported; ,reported
Orange,2010,1,25.0,44.0,239.0,37.5,66.7,47.4,24.8,53.3,11.0,45.1,61.3,40.7,JuryManagement4thQuarter09-10.pdf,Jan-Mar,,reported
Osceola,2010,1,20.4,52.6,67.0,47.7,42.8,40.6,24.8,53.3,11.0,45.1,61.3,40.7,JuryManagement4thQuarter09-10.pdf,Jan-Mar,,reported
Palm Beach,2010,1,33.6,63.2,232.0,46.7,72.0,34.5,24.8,53.3,11.0,45.1,61.3,40.7,JuryManagement4thQuarter09-10.pdf,Jan-Mar,,reported
Pasco,2010,1,25.4,73.5,53.0,64.8,39.2,48.1,24.8,53.3,11.0,45.1,61.3,40.7,JuryManagement4thQuarter09-10.pdf,Jan-Mar,,reported
Pinellas,2010,1,27.3,45.2,154.0,39.2,69.6,45.6,24.8,53.3,11.0,45.1,61.3,40.7,JuryManagement4thQuarter09-10.pdf,Jan-Mar,,reported
Polk,2010,1,37.8,65.8,74.0,41.7,90.5,42.2,24.8,53.3,11.0,45.1,61.3,40.7,JuryManagement4thQuarter09-10.pdf,Jan-Mar,,reported
Putnam,2010,1,18.2,71.4,9.0,65.2,27.9,38.5,24.8,53.3,11.0,45.1,61.3,40.7,JuryManagement4thQuarter09-10.pdf,Jan-Mar,,reported
Santa Rosa,2010,1,38.7,46.2,33.0,38.7,100.0,39.3,24.8,53.3,11.0,45.1,61.3,40.7,JuryManagement4thQuarter09-10.pdf,Jan-Mar,,reported
Sarasota,2010,1,29.7,62.2,44.0,48.4,61.3,35.0,24.8,53.3,11.0,45.1,61.3,40.7,JuryManagement4thQuarter09-10.pdf,Jan-Mar,,reported
Seminole,2010,1,24.8,37.4,84.0,28.3,87.6,51.1,24.8,53.3,11.0,45.1,61.3,40.7,JuryManagement4thQuarter09-10.pdf,Jan-Mar,,reported
St. Johns,2010,1,18.5,44.3,6.0,31.5,58.7,43.6,24.8,53.3,11.0,45.1,61.3,40.7,JuryManagement4thQuarter09-10.pdf,Jan-Mar,,reported
St. Lucie,2010,1,32.7,54.2,41.0,52.7,62.1,42.1,24.8,53.3,11.0,45.1,61.3,40.7,JuryManagement4thQuarter09-10.pdf,Jan-Mar,,reported
Sumter,2010,1,34.6,78.0,5.0,41.0,84.4,25.6,24.8,53.3,11.0,45.1,61.3,40.7,JuryManagement4thQuarter09-10.pdf,Jan-Mar,,reported
Suwannee,2010,1,42.8,85.8,4.0,48.5,88.1,38.2,24.8,53.3,11.0,45.1,61.3,40.7,JuryManagement4thQuarter09-10.pdf,Jan-Mar,,reported
Taylor,2010,1,0.0,0.0,0.0,0.0,0.0,0.0,24.8,53.3,11.0,45.1,61.3,40.7,JuryManagement4thQuarter09-10.pdf,Jan-Mar,,reported_all_zero
Union,2010,1,18.0,47.0,2.0,40.5,44.4,38.6,24.8,53.3,11.0,45.1,61.3,40.7,JuryManagement4thQuarter09-10.pdf,Jan-Mar,,reported
Volusia,2010,1,24.3,48.7,55.0,37.0,65.8,43.5,24.8,53.3,11.0,45.1,61.3,40.7,JuryManagement4thQuarter09-10.pdf,Jan-Mar,,reported
Wakulla,2010,1,37.1,29.7,7.0,22.4,165.6,57.5,24.8,53.3,11.0,45.1,61.3,40.7,JuryManagement4thQuarter09-10.pdf,Jan-Mar,percent_to_voir_dire_gt_100_reported; ,reported
Walton,2010,1,15.5,62.3,12.0,55.3,28.1,39.1,24.8,53.3,11.0,45.1,61.3,40.7,JuryManagement4thQuarter09-10.pdf,Jan-Mar,,reported
Washington,2010,1,21.0,84.5,2.0,84.5,24.9,37.6,24.8,53.3,11.0,45.1,61.3,40.7,JuryManagement4thQuarter09-10.pdf,Jan-Mar,,reported
Alachua,2010,2,34.5,52.9,45.0,37.6,91.8,37.3,26.5,51.7,12.0,42.9,69.2,38.5,JuryManagement4thQuarter09-10.pdf,Apr-Jun,,reported
Baker,2010,2,36.0,36.0,1.0,36.0,100.0,50.0,26.5,51.7,12.0,42.9,69.2,38.5,JuryManagement4thQuarter09-10.pdf,Apr-Jun,,reported
Bay,2010,2,7.1,42.9,25.0,34.9,20.4,38.9,26.5,51.7,12.0,42.9,69.2,38.5,JuryManagement4thQuarter09-10.pdf,Apr-Jun,,reported
Bradford,2010,2,137.5,156.5,2.0,146.0,94.2,34.4,26.5,51.7,12.0,42.9,69.2,38.5,JuryManagement4thQuarter09-10.pdf,Apr-Jun,,reported
Brevard,2010,2,23.9,61.9,109.0,49.6,48.2,33.7,26.5,51.7,12.0,42.9,69.2,38.5,JuryManagement4thQuarter09-10.pdf,Apr-Jun,,reported
Broward,2010,2,26.5,73.5,231.0,59.9,44.2,42.1,26.5,51.7,12.0,42.9,69.2,38.5,JuryManagement4thQuarter09-10.pdf,Apr-Jun,,reported
Calhoun,2010,2,21.0,109.0,1.0,81.0,25.9,40.5,26.5,51.7,12.0,42.9,69.2,38.5,JuryManagement4thQuarter09-10.pdf,Apr-Jun,,reported
Charlotte,2010,2,37.6,44.2,19.0,37.6,100.0,60.4,26.5,51.7,12.0,42.9,69.2,38.5,JuryManagement4thQuarter09-10.pdf,Apr-Jun,,reported
Citrus,2010,2,22.0,66.3,6.0,57.0,38.6,44.6,26.5,51.7,12.0,42.9,69.2,38.5,JuryManagement4thQuarter09-10.pdf,Apr-Jun,,reported
Clay,2010,2,26.8,135.0,4.0,122.8,21.8,35.2,26.5,51.7,12.0,42.9,69.2,38.5,JuryManagement4thQuarter09-10.pdf,Apr-Jun,,reported
Collier,2010,2,18.3,87.4,32.0,81.9,22.4,72.7,26.5,51.7,12.0,42.9,69.2,38.5,JuryManagement4thQuarter09-10.pdf,Apr-Jun,,reported
Columbia,2010,2,31.2,31.2,6.0,31.2,100.0,39.2,26.5,51.7,12.0,42.9,69.2,38.5,JuryManagement4thQuarter09-10.pdf,Apr-Jun,,reported
DeSoto,2010,2,13.8,24.8,8.0,19.8,69.6,18.5,26.5,51.7,12.0,42.9,69.2,38.5,JuryManagement4thQuarter09-10.pdf,Apr-Jun,,reported
Dixie,2010,2,63.0,88.0,1.0,88.0,71.6,27.7,26.5,51.7,12.0,42.9,69.2,38.5,JuryManagement4thQuarter09-10.pdf,Apr-Jun,,reported
Duval,2010,2,29.3,43.0,149.0,31.3,93.4,29.4,26.5,51.7,12.0,42.9,69.2,38.5,JuryManagement4thQuarter09-10.pdf,Apr-Jun,,reported
Escambia,2010,2,19.3,30.6,115.0,22.0,88.0,25.2,26.5,51.7,12.0,42.9,69.2,38.5,JuryManagement4thQuarter09-10.pdf,Apr-Jun,aps_placeholder_corrected_from_later_edition,reported
Flagler,2010,2,25.8,63.6,5.0,39.8,64.8,28.4,26.5,51.7,12.0,42.9,69.2,38.5,JuryManagement4thQuarter09-10.pdf,Apr-Jun,,reported
Franklin,2010,2,21.7,32.0,3.0,27.3,79.3,27.3,26.5,51.7,12.0,42.9,69.2,38.5,JuryManagement4thQuarter09-10.pdf,Apr-Jun,,reported
Gadsden,2010,2,37.4,45.7,12.0,37.4,100.0,37.1,26.5,51.7,12.0,42.9,69.2,38.5,JuryManagement4thQuarter09-10.pdf,Apr-Jun,,reported
Gilchrist,2010,2,0.0,0.0,0.0,0.0,0.0,0.0,26.5,51.7,12.0,42.9,69.2,38.5,JuryManagement4thQuarter09-10.pdf,Apr-Jun,,reported_all_zero
Glades,2010,2,20.0,85.0,3.0,77.3,25.9,23.0,26.5,51.7,12.0,42.9,69.2,38.5,JuryManagement4thQuarter09-10.pdf,Apr-Jun,,reported
Gulf,2010,2,36.7,51.7,3.0,36.7,100.0,50.0,26.5,51.7,12.0,42.9,69.2,38.5,JuryManagement4thQuarter09-10.pdf,Apr-Jun,,reported
Hamilton,2010,2,52.0,52.0,1.0,52.0,100.0,34.7,26.5,51.7,12.0,42.9,69.2,38.5,JuryManagement4thQuarter09-10.pdf,Apr-Jun,,reported
Hardee,2010,2,0.0,0.0,0.0,0.0,0.0,48.6,26.5,51.7,12.0,42.9,69.2,38.5,JuryManagement4thQuarter09-10.pdf,Apr-Jun,,reported
Hendry,2010,2,37.5,49.9,13.0,49.9,75.0,65.3,26.5,51.7,12.0,42.9,69.2,38.5,JuryManagement4thQuarter09-10.pdf,Apr-Jun,,reported
Hernando,2010,2,28.0,39.5,12.0,33.7,83.2,55.9,26.5,51.7,12.0,42.9,69.2,38.5,JuryManagement4thQuarter09-10.pdf,Apr-Jun,,reported
Highlands,2010,2,21.6,41.1,7.0,21.0,102.7,19.1,26.5,51.7,12.0,42.9,69.2,38.5,JuryManagement4thQuarter09-10.pdf,Apr-Jun,percent_to_voir_dire_gt_100_reported; ,reported
Hillsborough,2010,2,29.1,46.9,138.0,35.3,82.4,22.5,26.5,51.7,12.0,42.9,69.2,38.5,JuryManagement4thQuarter09-10.pdf,Apr-Jun,,reported
Holmes,2010,2,0.0,0.0,0.0,0.0,0.0,26.1,26.5,51.7,12.0,42.9,69.2,38.5,JuryManagement4thQuarter09-10.pdf,Apr-Jun,,reported
Indian River,2010,2,38.6,79.0,24.0,51.5,75.0,59.2,26.5,51.7,12.0,42.9,69.2,38.5,JuryManagement4thQuarter09-10.pdf,Apr-Jun,,reported
Jackson,2010,2,7.0,87.5,2.0,80.5,8.7,39.3,26.5,51.7,12.0,42.9,69.2,38.5,JuryManagement4thQuarter09-10.pdf,Apr-Jun,,reported
Jefferson,2010,2,7.3,64.3,3.0,57.0,12.9,40.6,26.5,51.7,12.0,42.9,69.2,38.5,JuryManagement4thQuarter09-10.pdf,Apr-Jun,,reported
Lafayette,2010,2,22.0,22.0,1.0,22.0,100.0,36.7,26.5,51.7,12.0,42.9,69.2,38.5,JuryManagement4thQuarter09-10.pdf,Apr-Jun,,reported
Lake,2010,2,27.8,46.6,42.0,36.0,77.2,36.9,26.5,51.7,12.0,42.9,69.2,38.5,JuryManagement4thQuarter09-10.pdf,Apr-Jun,,reported
Lee,2010,2,28.6,70.5,71.0,64.7,44.3,49.2,26.5,51.7,12.0,42.9,69.2,38.5,JuryManagement4thQuarter09-10.pdf,Apr-Jun,,reported
Leon,2010,2,27.5,41.4,92.0,33.2,82.8,44.4,26.5,51.7,12.0,42.9,69.2,38.5,JuryManagement4thQuarter09-10.pdf,Apr-Jun,,reported
Levy,2010,2,7.3,51.4,8.0,42.1,17.2,32.9,26.5,51.7,12.0,42.9,69.2,38.5,JuryManagement4thQuarter09-10.pdf,Apr-Jun,,reported
Liberty,2010,2,20.0,64.0,2.0,57.5,34.8,31.1,26.5,51.7,12.0,42.9,69.2,38.5,JuryManagement4thQuarter09-10.pdf,Apr-Jun,,reported
Madison,2010,2,8.0,254.0,1.0,230.0,3.5,38.3,26.5,51.7,12.0,42.9,69.2,38.5,JuryManagement4thQuarter09-10.pdf,Apr-Jun,,reported
Manatee,2010,2,36.4,84.4,34.0,60.1,60.6,41.7,26.5,51.7,12.0,42.9,69.2,38.5,JuryManagement4thQuarter09-10.pdf,Apr-Jun,,reported
Marion,2010,2,19.6,43.1,58.0,35.8,54.6,36.9,26.5,51.7,12.0,42.9,69.2,38.5,JuryManagement4thQuarter09-10.pdf,Apr-Jun,,reported
Martin,2010,2,40.7,87.3,15.0,64.6,63.0,36.5,26.5,51.7,12.0,42.9,69.2,38.5,JuryManagement4thQuarter09-10.pdf,Apr-Jun,,reported
Miami-Dade,2010,2,39.9,70.2,282.0,54.7,73.0,39.1,26.5,51.7,12.0,42.9,69.2,38.5,JuryManagement4thQuarter09-10.pdf,Apr-Jun,,reported
Monroe,2010,2,30.5,68.4,17.0,57.5,53.0,58.3,26.5,51.7,12.0,42.9,69.2,38.5,JuryManagement4thQuarter09-10.pdf,Apr-Jun,,reported
Nassau,2010,2,20.0,68.8,5.0,66.0,30.3,38.7,26.5,51.7,12.0,42.9,69.2,38.5,JuryManagement4thQuarter09-10.pdf,Apr-Jun,,reported
Okaloosa,2010,2,30.2,68.4,16.0,54.1,55.8,51.7,26.5,51.7,12.0,42.9,69.2,38.5,JuryManagement4thQuarter09-10.pdf,Apr-Jun,,reported
Okeechobee,2010,2,42.2,48.3,13.0,39.4,107.2,24.9,26.5,51.7,12.0,42.9,69.2,38.5,JuryManagement4thQuarter09-10.pdf,Apr-Jun,percent_to_voir_dire_gt_100_reported; ,reported
Orange,2010,2,23.9,38.0,277.0,32.2,74.3,46.0,26.5,51.7,12.0,42.9,69.2,38.5,JuryManagement4thQuarter09-10.pdf,Apr-Jun,,reported
Osceola,2010,2,22.4,46.7,66.0,42.9,52.3,38.8,26.5,51.7,12.0,42.9,69.2,38.5,JuryManagement4thQuarter09-10.pdf,Apr-Jun,,reported
Palm Beach,2010,2,34.5,58.1,242.0,46.5,74.3,33.3,26.5,51.7,12.0,42.9,69.2,38.5,JuryManagement4thQuarter09-10.pdf,Apr-Jun,,reported
Pasco,2010,2,26.5,70.9,39.0,60.7,43.7,44.0,26.5,51.7,12.0,42.9,69.2,38.5,JuryManagement4thQuarter09-10.pdf,Apr-Jun,,reported
Pinellas,2010,2,30.7,52.6,133.0,44.8,68.5,42.8,26.5,51.7,12.0,42.9,69.2,38.5,JuryManagement4thQuarter09-10.pdf,Apr-Jun,,reported
Polk,2010,2,32.1,49.4,80.0,34.9,92.1,43.1,26.5,51.7,12.0,42.9,69.2,38.5,JuryManagement4thQuarter09-10.pdf,Apr-Jun,,reported
Putnam,2010,2,18.1,53.9,12.0,47.1,38.4,37.3,26.5,51.7,12.0,42.9,69.2,38.5,JuryManagement4thQuarter09-10.pdf,Apr-Jun,,reported
Santa Rosa,2010,2,42.3,55.9,30.0,42.9,98.5,34.7,26.5,51.7,12.0,42.9,69.2,38.5,JuryManagement4thQuarter09-10.pdf,Apr-Jun,,reported
Sarasota,2010,2,30.7,56.2,47.0,43.6,70.4,33.8,26.5,51.7,12.0,42.9,69.2,38.5,JuryManagement4thQuarter09-10.pdf,Apr-Jun,,reported
Seminole,2010,2,25.2,38.8,79.0,29.3,85.9,53.2,26.5,51.7,12.0,42.9,69.2,38.5,JuryManagement4thQuarter09-10.pdf,Apr-Jun,,reported
St. Johns,2010,2,20.0,48.8,10.0,28.9,69.2,39.4,26.5,51.7,12.0,42.9,69.2,38.5,JuryManagement4thQuarter09-10.pdf,Apr-Jun,,reported
St. Lucie,2010,2,32.1,62.2,33.0,62.2,51.7,38.5,26.5,51.7,12.0,42.9,69.2,38.5,JuryManagement4thQuarter09-10.pdf,Apr-Jun,,reported
Sumter,2010,2,17.5,36.4,8.0,28.5,61.4,30.4,26.5,51.7,12.0,42.9,69.2,38.5,JuryManagement4thQuarter09-10.pdf,Apr-Jun,,reported
Suwannee,2010,2,25.6,44.8,5.0,34.2,74.9,19.4,26.5,51.7,12.0,42.9,69.2,38.5,JuryManagement4thQuarter09-10.pdf,Apr-Jun,,reported
Taylor,2010,2,43.0,43.0,1.0,43.0,100.0,43.0,26.5,51.7,12.0,42.9,69.2,38.5,JuryManagement4thQuarter09-10.pdf,Apr-Jun,,reported
Union,2010,2,13.3,20.3,3.0,13.3,100.0,33.3,26.5,51.7,12.0,42.9,69.2,38.5,JuryManagement4thQuarter09-10.pdf,Apr-Jun,,reported
Volusia,2010,2,24.3,62.4,35.0,48.2,50.5,46.3,26.5,51.7,12.0,42.9,69.2,38.5,JuryManagement4thQuarter09-10.pdf,Apr-Jun,,reported
Wakulla,2010,2,28.6,39.8,5.0,32.8,87.2,54.4,26.5,51.7,12.0,42.9,69.2,38.5,JuryManagement4thQuarter09-10.pdf,Apr-Jun,,reported
Walton,2010,2,39.7,108.0,3.0,99.3,39.9,24.8,26.5,51.7,12.0,42.9,69.2,38.5,JuryManagement4thQuarter09-10.pdf,Apr-Jun,,reported
Washington,2010,2,0.0,0.0,0.0,0.0,0.0,39.3,26.5,51.7,12.0,42.9,69.2,38.5,JuryManagement4thQuarter09-10.pdf,Apr-Jun,,reported
Alachua,2010,3,27.7,39.2,36.0,29.3,94.5,40.3,25.0,48.8,11.0,45.0,60.9,38.0,JuryManagement3rdQtr10-11.pdf,Jul-Sep,,reported
Baker,2010,3,17.0,17.0,3.0,17.0,100.0,25.5,25.0,48.8,11.0,45.0,60.9,38.0,JuryManagement3rdQtr10-11.pdf,Jul-Sep,,reported
Bay,2010,3,10.3,63.0,17.0,46.1,22.3,35.0,25.0,48.8,11.0,45.0,60.9,38.0,JuryManagement3rdQtr10-11.pdf,Jul-Sep,,reported
Bradford,2010,3,38.0,48.5,2.0,42.0,90.5,47.2,25.0,48.8,11.0,45.0,60.9,38.0,JuryManagement3rdQtr10-11.pdf,Jul-Sep,,reported
Brevard,2010,3,26.4,56.6,106.0,47.7,55.3,35.2,25.0,48.8,11.0,45.0,60.9,38.0,JuryManagement3rdQtr10-11.pdf,Jul-Sep,,reported
Broward,2010,3,28.5,76.8,208.0,61.0,46.8,38.8,25.0,48.8,11.0,45.0,60.9,38.0,JuryManagement3rdQtr10-11.pdf,Jul-Sep,,reported
Calhoun,2010,3,0.0,0.0,0.0,0.0,0.0,0.0,25.0,48.8,11.0,45.0,60.9,38.0,JuryManagement3rdQtr10-11.pdf,Jul-Sep,,reported_all_zero
Charlotte,2010,3,27.8,30.1,23.0,27.8,100.0,61.0,25.0,48.8,11.0,45.0,60.9,38.0,JuryManagement3rdQtr10-11.pdf,Jul-Sep,,reported
Citrus,2010,3,22.7,47.8,12.0,39.1,58.0,43.3,25.0,48.8,11.0,45.0,60.9,38.0,JuryManagement3rdQtr10-11.pdf,Jul-Sep,,reported
Clay,2010,3,28.3,71.0,10.0,56.3,50.3,44.3,25.0,48.8,11.0,45.0,60.9,38.0,JuryManagement3rdQtr10-11.pdf,Jul-Sep,,reported
Collier,2010,3,24.1,108.9,20.0,103.7,23.2,72.3,25.0,48.8,11.0,45.0,60.9,38.0,JuryManagement3rdQtr10-11.pdf,Jul-Sep,,reported
Columbia,2010,3,46.2,46.2,5.0,46.2,100.0,39.9,25.0,48.8,11.0,45.0,60.9,38.0,JuryManagement3rdQtr10-11.pdf,Jul-Sep,,reported
DeSoto,2010,3,45.0,52.0,1.0,45.0,100.0,12.9,25.0,48.8,11.0,45.0,60.9,38.0,JuryManagement3rdQtr10-11.pdf,Jul-Sep,,reported
Dixie,2010,3,31.5,85.0,2.0,49.0,64.3,26.1,25.0,48.8,11.0,45.0,60.9,38.0,JuryManagement3rdQtr10-11.pdf,Jul-Sep,,reported
Duval,2010,3,28.7,48.5,122.0,36.3,79.0,28.0,25.0,48.8,11.0,45.0,60.9,38.0,JuryManagement3rdQtr10-11.pdf,Jul-Sep,,reported
Escambia,2010,3,20.9,37.6,96.0,27.6,75.4,23.1,25.0,48.8,11.0,45.0,60.9,38.0,JuryManagement3rdQtr10-11.pdf,Jul-Sep,,reported
Flagler,2010,3,19.6,33.0,8.0,25.3,77.7,24.5,25.0,48.8,11.0,45.0,60.9,38.0,JuryManagement3rdQtr10-11.pdf,Jul-Sep,,reported
Franklin,2010,3,27.0,74.0,1.0,67.0,40.3,38.3,25.0,48.8,11.0,45.0,60.9,38.0,JuryManagement3rdQtr10-11.pdf,Jul-Sep,,reported
Gadsden,2010,3,27.5,34.0,14.0,27.5,100.0,45.3,25.0,48.8,11.0,45.0,60.9,38.0,JuryManagement3rdQtr10-11.pdf,Jul-Sep,,reported
Gilchrist,2010,3,18.0,53.0,2.0,46.0,39.1,36.8,25.0,48.8,11.0,45.0,60.9,38.0,JuryManagement3rdQtr10-11.pdf,Jul-Sep,,reported
Glades,2010,3,0.0,0.0,0.0,0.0,0.0,20.6,25.0,48.8,11.0,45.0,60.9,38.0,JuryManagement3rdQtr10-11.pdf,Jul-Sep,,reported
Gulf,2010,3,21.5,25.0,2.0,21.5,100.0,44.8,25.0,48.8,11.0,45.0,60.9,38.0,JuryManagement3rdQtr10-11.pdf,Jul-Sep,,reported
Hamilton,2010,3,0.0,0.0,0.0,0.0,0.0,0.0,25.0,48.8,11.0,45.0,60.9,38.0,JuryManagement3rdQtr10-11.pdf,Jul-Sep,,reported_all_zero
Hardee,2010,3,7.0,60.0,1.0,53.0,13.2,69.2,25.0,48.8,11.0,45.0,60.9,38.0,JuryManagement3rdQtr10-11.pdf,Jul-Sep,,reported
Hendry,2010,3,29.8,50.6,8.0,50.6,58.8,74.8,25.0,48.8,11.0,45.0,60.9,38.0,JuryManagement3rdQtr10-11.pdf,Jul-Sep,,reported
Hernando,2010,3,35.2,62.2,13.0,48.5,72.5,52.0,25.0,48.8,11.0,45.0,60.9,38.0,JuryManagement3rdQtr10-11.pdf,Jul-Sep,,reported
Highlands,2010,3,15.6,30.9,7.0,20.4,76.2,14.7,25.0,48.8,11.0,45.0,60.9,38.0,JuryManagement3rdQtr10-11.pdf,Jul-Sep,,reported
Hillsborough,2010,3,28.6,48.8,134.0,36.6,78.2,22.3,25.0,48.8,11.0,45.0,60.9,38.0,JuryManagement3rdQtr10-11.pdf,Jul-Sep,,reported
Holmes,2010,3,20.5,26.0,2.0,22.5,91.1,30.0,25.0,48.8,11.0,45.0,60.9,38.0,JuryManagement3rdQtr10-11.pdf,Jul-Sep,,reported
Indian River,2010,3,21.3,38.5,32.0,30.0,70.9,56.8,25.0,48.8,11.0,45.0,60.9,38.0,JuryManagement3rdQtr10-11.pdf,Jul-Sep,,reported
Jackson,2010,3,0.0,0.0,0.0,0.0,0.0,37.7,25.0,48.8,11.0,45.0,60.9,38.0,JuryManagement3rdQtr10-11.pdf,Jul-Sep,,reported
Jefferson,2010,3,10.0,47.5,2.0,47.5,21.1,38.0,25.0,48.8,11.0,45.0,60.9,38.0,JuryManagement3rdQtr10-11.pdf,Jul-Sep,,reported
Lafayette,2010,3,27.0,27.0,1.0,27.0,100.0,38.6,25.0,48.8,11.0,45.0,60.9,38.0,JuryManagement3rdQtr10-11.pdf,Jul-Sep,,reported
Lake,2010,3,24.0,56.9,19.0,46.8,51.2,40.7,25.0,48.8,11.0,45.0,60.9,38.0,JuryManagement3rdQtr10-11.pdf,Jul-Sep,,reported
Lee,2010,3,28.7,65.9,80.0,61.2,46.9,46.3,25.0,48.8,11.0,45.0,60.9,38.0,JuryManagement3rdQtr10-11.pdf,Jul-Sep,,reported
Leon,2010,3,25.6,38.8,93.0,30.4,84.3,47.6,25.0,48.8,11.0,45.0,60.9,38.0,JuryManagement3rdQtr10-11.pdf,Jul-Sep,,reported
Levy,2010,3,62.0,147.0,1.0,140.0,44.3,34.7,25.0,48.8,11.0,45.0,60.9,38.0,JuryManagement3rdQtr10-11.pdf,Jul-Sep,,reported
Liberty,2010,3,37.0,105.0,1.0,91.0,40.7,36.4,25.0,48.8,11.0,45.0,60.9,38.0,JuryManagement3rdQtr10-11.pdf,Jul-Sep,,reported
Madison,2010,3,0.0,0.0,0.0,0.0,0.0,0.0,25.0,48.8,11.0,45.0,60.9,38.0,JuryManagement3rdQtr10-11.pdf,Jul-Sep,,reported_all_zero
Manatee,2010,3,36.1,85.2,32.0,56.8,63.5,39.9,25.0,48.8,11.0,45.0,60.9,38.0,JuryManagement3rdQtr10-11.pdf,Jul-Sep,,reported
Marion,2010,3,20.9,33.3,70.0,25.7,81.6,35.7,25.0,48.8,11.0,45.0,60.9,38.0,JuryManagement3rdQtr10-11.pdf,Jul-Sep,,reported
Martin,2010,3,31.4,86.9,11.0,64.7,48.5,35.9,25.0,48.8,11.0,45.0,60.9,38.0,JuryManagement3rdQtr10-11.pdf,Jul-Sep,,reported
Miami-Dade,2010,3,41.2,77.8,225.0,62.6,65.9,38.0,25.0,48.8,11.0,45.0,60.9,38.0,JuryManagement3rdQtr10-11.pdf,Jul-Sep,,reported
Monroe,2010,3,25.0,72.0,22.0,55.9,44.7,60.9,25.0,48.8,11.0,45.0,60.9,38.0,JuryManagement3rdQtr10-11.pdf,Jul-Sep,,reported
Nassau,2010,3,22.4,68.8,5.0,60.4,37.1,37.5,25.0,48.8,11.0,45.0,60.9,38.0,JuryManagement3rdQtr10-11.pdf,Jul-Sep,,reported
Okaloosa,2010,3,28.5,64.2,13.0,48.5,58.8,55.1,25.0,48.8,11.0,45.0,60.9,38.0,JuryManagement3rdQtr10-11.pdf,Jul-Sep,,reported
Okeechobee,2010,3,73.8,110.2,5.0,73.8,100.0,25.5,25.0,48.8,11.0,45.0,60.9,38.0,JuryManagement3rdQtr10-11.pdf,Jul-Sep,,reported
Orange,2010,3,24.8,41.9,212.0,36.6,67.8,50.0,25.0,48.8,11.0,45.0,60.9,38.0,JuryManagement3rdQtr10-11.pdf,Jul-Sep,,reported
Osceola,2010,3,21.6,53.5,56.0,49.4,43.8,34.6,25.0,48.8,11.0,45.0,60.9,38.0,JuryManagement3rdQtr10-11.pdf,Jul-Sep,,reported
Palm Beach,2010,3,36.0,63.1,207.0,49.3,73.1,33.9,25.0,48.8,11.0,45.0,60.9,38.0,JuryManagement3rdQtr10-11.pdf,Jul-Sep,,reported
Pasco,2010,3,24.0,61.1,40.0,52.2,46.0,40.8,25.0,48.8,11.0,45.0,60.9,38.0,JuryManagement3rdQtr10-11.pdf,Jul-Sep,,reported
Pinellas,2010,3,28.0,53.4,125.0,46.0,60.9,43.3,25.0,48.8,11.0,45.0,60.9,38.0,JuryManagement3rdQtr10-11.pdf,Jul-Sep,,reported
Polk,2010,3,35.5,60.9,73.0,44.1,80.5,42.3,25.0,48.8,11.0,45.0,60.9,38.0,JuryManagement3rdQtr10-11.pdf,Jul-Sep,,reported
Putnam,2010,3,20.4,45.7,13.0,34.1,59.8,30.8,25.0,48.8,11.0,45.0,60.9,38.0,JuryManagement3rdQtr10-11.pdf,Jul-Sep,,reported
Santa Rosa,2010,3,52.3,60.7,21.0,52.3,100.0,33.5,25.0,48.8,11.0,45.0,60.9,38.0,JuryManagement3rdQtr10-11.pdf,Jul-Sep,,reported
Sarasota,2010,3,30.1,68.9,35.0,60.1,50.0,30.0,25.0,48.8,11.0,45.0,60.9,38.0,JuryManagement3rdQtr10-11.pdf,Jul-Sep,,reported
Seminole,2010,3,24.8,35.6,74.0,28.3,87.6,57.0,25.0,48.8,11.0,45.0,60.9,38.0,JuryManagement3rdQtr10-11.pdf,Jul-Sep,,reported
St. Johns,2010,3,14.3,30.9,10.0,19.8,72.2,45.1,25.0,48.8,11.0,45.0,60.9,38.0,JuryManagement3rdQtr10-11.pdf,Jul-Sep,,reported
St. Lucie,2010,3,39.5,58.6,33.0,57.3,68.8,42.8,25.0,48.8,11.0,45.0,60.9,38.0,JuryManagement3rdQtr10-11.pdf,Jul-Sep,,reported
Sumter,2010,3,19.6,48.2,5.0,42.6,46.0,27.0,25.0,48.8,11.0,45.0,60.9,38.0,JuryManagement3rdQtr10-11.pdf,Jul-Sep,,reported
Suwannee,2010,3,16.2,17.6,10.0,16.2,100.0,46.3,25.0,48.8,11.0,45.0,60.9,38.0,JuryManagement3rdQtr10-11.pdf,Jul-Sep,,reported
Taylor,2010,3,31.0,31.0,4.0,31.0,100.0,36.5,25.0,48.8,11.0,45.0,60.9,38.0,JuryManagement3rdQtr10-11.pdf,Jul-Sep,,reported
Union,2010,3,0.0,0.0,0.0,0.0,0.0,0.0,25.0,48.8,11.0,45.0,60.9,38.0,JuryManagement3rdQtr10-11.pdf,Jul-Sep,,reported_all_zero
Volusia,2010,3,22.6,53.3,43.0,42.5,53.2,43.9,25.0,48.8,11.0,45.0,60.9,38.0,JuryManagement3rdQtr10-11.pdf,Jul-Sep,,reported
Wakulla,2010,3,39.5,48.5,2.0,45.0,87.8,63.0,25.0,48.8,11.0,45.0,60.9,38.0,JuryManagement3rdQtr10-11.pdf,Jul-Sep,,reported
Walton,2010,3,18.3,41.3,8.0,33.4,54.7,26.7,25.0,48.8,11.0,45.0,60.9,38.0,JuryManagement3rdQtr10-11.pdf,Jul-Sep,,reported
Washington,2010,3,21.0,115.0,3.0,112.3,18.7,42.4,25.0,48.8,11.0,45.0,60.9,38.0,JuryManagement3rdQtr10-11.pdf,Jul-Sep,,reported
Alachua,2010,4,31.8,48.8,35.0,35.9,88.6,39.3,24.3,54.9,10.0,45.9,54.3,39.2,JuryManagement3rdQtr10-11.pdf,Oct-Dec,,reported
Baker,2010,4,18.7,38.7,3.0,30.7,60.9,29.8,24.3,54.9,10.0,45.9,54.3,39.2,JuryManagement3rdQtr10-11.pdf,Oct-Dec,,reported
Bay,2010,4,7.2,43.2,26.0,32.4,22.3,38.3,24.3,54.9,10.0,45.9,54.3,39.2,JuryManagement3rdQtr10-11.pdf,Oct-Dec,,reported
Bradford,2010,4,55.5,67.3,4.0,57.8,96.1,42.4,24.3,54.9,10.0,45.9,54.3,39.2,JuryManagement3rdQtr10-11.pdf,Oct-Dec,,reported
Brevard,2010,4,25.4,59.4,88.0,49.2,51.7,35.6,24.3,54.9,10.0,45.9,54.3,39.2,JuryManagement3rdQtr10-11.pdf,Oct-Dec,,reported
Broward,2010,4,30.9,88.5,166.0,68.4,45.2,42.0,24.3,54.9,10.0,45.9,54.3,39.2,JuryManagement3rdQtr10-11.pdf,Oct-Dec,,reported
Calhoun,2010,4,0.0,0.0,0.0,0.0,0.0,0.0,24.3,54.9,10.0,45.9,54.3,39.2,JuryManagement3rdQtr10-11.pdf,Oct-Dec,,reported_all_zero
Charlotte,2010,4,34.8,41.8,19.0,36.3,95.9,64.6,24.3,54.9,10.0,45.9,54.3,39.2,JuryManagement3rdQtr10-11.pdf,Oct-Dec,,reported
Citrus,2010,4,19.8,40.1,10.0,31.1,63.7,45.7,24.3,54.9,10.0,45.9,54.3,39.2,JuryManagement3rdQtr10-11.pdf,Oct-Dec,,reported
Clay,2010,4,22.6,77.8,9.0,66.1,34.1,32.1,24.3,54.9,10.0,45.9,54.3,39.2,JuryManagement3rdQtr10-11.pdf,Oct-Dec,,reported
Collier,2010,4,22.6,100.2,24.0,92.0,24.6,59.5,24.3,54.9,10.0,45.9,54.3,39.2,JuryManagement3rdQtr10-11.pdf,Oct-Dec,,reported
Columbia,2010,4,37.0,37.0,6.0,37.0,100.0,59.4,24.3,54.9,10.0,45.9,54.3,39.2,JuryManagement3rdQtr10-11.pdf,Oct-Dec,,reported
DeSoto,2010,4,41.7,113.7,3.0,84.7,49.2,18.4,24.3,54.9,10.0,45.9,54.3,39.2,JuryManagement3rdQtr10-11.pdf,Oct-Dec,,reported
Dixie,2010,4,26.0,52.0,1.0,52.0,50.0,26.0,24.3,54.9,10.0,45.9,54.3,39.2,JuryManagement3rdQtr10-11.pdf,Oct-Dec,,reported
Duval,2010,4,28.1,43.2,120.0,32.8,85.7,32.3,24.3,54.9,10.0,45.9,54.3,39.2,JuryManagement3rdQtr10-11.pdf,Oct-Dec,,reported
Escambia,2010,4,21.9,36.5,89.0,26.9,81.5,25.0,24.3,54.9,10.0,45.9,54.3,39.2,JuryManagement3rdQtr10-11.pdf,Oct-Dec,,reported
Flagler,2010,4,31.0,167.3,3.0,107.0,29.0,29.9,24.3,54.9,10.0,45.9,54.3,39.2,JuryManagement3rdQtr10-11.pdf,Oct-Dec,,reported
Franklin,2010,4,24.0,101.0,1.0,86.0,27.9,41.6,24.3,54.9,10.0,45.9,54.3,39.2,JuryManagement3rdQtr10-11.pdf,Oct-Dec,,reported
Gadsden,2010,4,36.0,44.9,13.0,36.2,99.4,32.4,24.3,54.9,10.0,45.9,54.3,39.2,JuryManagement3rdQtr10-11.pdf,Oct-Dec,,reported
Gilchrist,2010,4,0.0,0.0,0.0,0.0,0.0,0.0,24.3,54.9,10.0,45.9,54.3,39.2,JuryManagement3rdQtr10-11.pdf,Oct-Dec,,reported_all_zero
Glades,2010,4,24.0,105.0,2.0,97.0,24.7,23.5,24.3,54.9,10.0,45.9,54.3,39.2,JuryManagement3rdQtr10-11.pdf,Oct-Dec,,reported
Gulf,2010,4,32.5,39.5,2.0,36.5,89.0,55.8,24.3,54.9,10.0,45.9,54.3,39.2,JuryManagement3rdQtr10-11.pdf,Oct-Dec,,reported
Hamilton,2010,4,102.0,102.0,1.0,102.0,100.0,34.0,24.3,54.9,10.0,45.9,54.3,39.2,JuryManagement3rdQtr10-11.pdf,Oct-Dec,,reported
Hardee,2010,4,0.0,0.0,0.0,0.0,0.0,71.9,24.3,54.9,10.0,45.9,54.3,39.2,JuryManagement3rdQtr10-11.pdf,Oct-Dec,,reported
Hendry,2010,4,22.8,33.2,14.0,33.2,68.6,81.5,24.3,54.9,10.0,45.9,54.3,39.2,JuryManagement3rdQtr10-11.pdf,Oct-Dec,,reported
Hernando,2010,4,44.6,61.4,8.0,48.0,93.0,50.4,24.3,54.9,10.0,45.9,54.3,39.2,JuryManagement3rdQtr10-11.pdf,Oct-Dec,,reported
Highlands,2010,4,19.0,27.3,9.0,16.4,115.5,15.2,24.3,54.9,10.0,45.9,54.3,39.2,JuryManagement3rdQtr10-11.pdf,Oct-Dec,percent_to_voir_dire_gt_100_reported; ,reported
Hillsborough,2010,4,25.5,42.1,150.0,29.9,85.4,22.8,24.3,54.9,10.0,45.9,54.3,39.2,JuryManagement3rdQtr10-11.pdf,Oct-Dec,,reported
Holmes,2010,4,21.0,51.0,2.0,47.5,44.2,23.8,24.3,54.9,10.0,45.9,54.3,39.2,JuryManagement3rdQtr10-11.pdf,Oct-Dec,,reported
Indian River,2010,4,24.2,56.4,23.0,41.4,58.3,58.1,24.3,54.9,10.0,45.9,54.3,39.2,JuryManagement3rdQtr10-11.pdf,Oct-Dec,,reported
Jackson,2010,4,7.0,142.0,1.0,128.0,5.5,42.7,24.3,54.9,10.0,45.9,54.3,39.2,JuryManagement3rdQtr10-11.pdf,Oct-Dec,,reported
Jefferson,2010,4,7.0,76.0,1.0,69.0,10.1,34.5,24.3,54.9,10.0,45.9,54.3,39.2,JuryManagement3rdQtr10-11.pdf,Oct-Dec,,reported
Lafayette,2010,4,0.0,0.0,0.0,0.0,0.0,0.0,24.3,54.9,10.0,45.9,54.3,39.2,JuryManagement3rdQtr10-11.pdf,Oct-Dec,,reported_all_zero
Lake,2010,4,26.5,49.4,30.0,37.1,71.4,34.8,24.3,54.9,10.0,45.9,54.3,39.2,JuryManagement3rdQtr10-11.pdf,Oct-Dec,,reported
Lee,2010,4,32.2,73.5,68.0,64.3,50.1,51.7,24.3,54.9,10.0,45.9,54.3,39.2,JuryManagement3rdQtr10-11.pdf,Oct-Dec,,reported
Leon,2010,4,27.5,44.4,65.0,36.0,76.5,44.2,24.3,54.9,10.0,45.9,54.3,39.2,JuryManagement3rdQtr10-11.pdf,Oct-Dec,,reported
Levy,2010,4,8.1,68.4,10.0,42.9,18.9,27.2,24.3,54.9,10.0,45.9,54.3,39.2,JuryManagement3rdQtr10-11.pdf,Oct-Dec,,reported
Liberty,2010,4,15.0,42.7,3.0,40.3,37.2,31.4,24.3,54.9,10.0,45.9,54.3,39.2,JuryManagement3rdQtr10-11.pdf,Oct-Dec,,reported
Madison,2010,4,18.0,70.5,2.0,70.5,25.5,39.2,24.3,54.9,10.0,45.9,54.3,39.2,JuryManagement3rdQtr10-11.pdf,Oct-Dec,,reported
Manatee,2010,4,32.9,65.1,35.0,50.5,65.2,45.5,24.3,54.9,10.0,45.9,54.3,39.2,JuryManagement3rdQtr10-11.pdf,Oct-Dec,,reported
Marion,2010,4,18.5,50.0,62.0,42.1,44.0,39.6,24.3,54.9,10.0,45.9,54.3,39.2,JuryManagement3rdQtr10-11.pdf,Oct-Dec,,reported
Martin,2010,4,33.2,57.7,14.0,46.0,72.2,40.1,24.3,54.9,10.0,45.9,54.3,39.2,JuryManagement3rdQtr10-11.pdf,Oct-Dec,,reported
Miami-Dade,2010,4,39.2,64.9,240.0,50.0,78.5,37.3,24.3,54.9,10.0,45.9,54.3,39.2,JuryManagement3rdQtr10-11.pdf,Oct-Dec,,reported
Monroe,2010,4,18.6,42.0,32.0,33.0,56.5,64.9,24.3,54.9,10.0,45.9,54.3,39.2,JuryManagement3rdQtr10-11.pdf,Oct-Dec,,reported
Nassau,2010,4,22.2,52.3,9.0,47.7,46.6,42.0,24.3,54.9,10.0,45.9,54.3,39.2,JuryManagement3rdQtr10-11.pdf,Oct-Dec,,reported
Okaloosa,2010,4,22.1,65.3,9.0,60.6,36.5,53.5,24.3,54.9,10.0,45.9,54.3,39.2,JuryManagement3rdQtr10-11.pdf,Oct-Dec,,reported
Okeechobee,2010,4,48.8,58.7,10.0,46.5,104.9,28.8,24.3,54.9,10.0,45.9,54.3,39.2,JuryManagement3rdQtr10-11.pdf,Oct-Dec,percent_to_voir_dire_gt_100_reported; ,reported
Orange,2010,4,25.7,48.8,189.0,42.0,61.1,51.0,24.3,54.9,10.0,45.9,54.3,39.2,JuryManagement3rdQtr10-11.pdf,Oct-Dec,,reported
Osceola,2010,4,21.1,51.6,50.0,46.4,45.5,38.1,24.3,54.9,10.0,45.9,54.3,39.2,JuryManagement3rdQtr10-11.pdf,Oct-Dec,,reported
Palm Beach,2010,4,31.5,58.7,197.0,46.2,68.2,33.4,24.3,54.9,10.0,45.9,54.3,39.2,JuryManagement3rdQtr10-11.pdf,Oct-Dec,,reported
Pasco,2010,4,25.7,54.9,42.0,44.2,58.1,44.4,24.3,54.9,10.0,45.9,54.3,39.2,JuryManagement3rdQtr10-11.pdf,Oct-Dec,,reported
Pinellas,2010,4,29.6,51.6,113.0,45.5,65.0,44.9,24.3,54.9,10.0,45.9,54.3,39.2,JuryManagement3rdQtr10-11.pdf,Oct-Dec,,reported
Polk,2010,4,42.1,83.3,49.0,55.0,76.6,42.2,24.3,54.9,10.0,45.9,54.3,39.2,JuryManagement3rdQtr10-11.pdf,Oct-Dec,,reported
Putnam,2010,4,19.6,55.6,11.0,42.3,46.5,29.7,24.3,54.9,10.0,45.9,54.3,39.2,JuryManagement3rdQtr10-11.pdf,Oct-Dec,,reported
Santa Rosa,2010,4,43.3,69.5,26.0,56.8,76.2,40.8,24.3,54.9,10.0,45.9,54.3,39.2,JuryManagement3rdQtr10-11.pdf,Oct-Dec,,reported
Sarasota,2010,4,33.6,67.2,36.0,55.2,60.9,37.7,24.3,54.9,10.0,45.9,54.3,39.2,JuryManagement3rdQtr10-11.pdf,Oct-Dec,,reported
Seminole,2010,4,25.5,40.6,58.0,33.0,77.1,56.1,24.3,54.9,10.0,45.9,54.3,39.2,JuryManagement3rdQtr10-11.pdf,Oct-Dec,,reported
St. Johns,2010,4,16.7,42.7,6.0,35.2,47.4,45.4,24.3,54.9,10.0,45.9,54.3,39.2,JuryManagement3rdQtr10-11.pdf,Oct-Dec,,reported
St. Lucie,2010,4,42.2,80.8,21.0,77.8,54.3,42.9,24.3,54.9,10.0,45.9,54.3,39.2,JuryManagement3rdQtr10-11.pdf,Oct-Dec,,reported
Sumter,2010,4,17.8,55.3,6.0,49.5,36.0,27.0,24.3,54.9,10.0,45.9,54.3,39.2,JuryManagement3rdQtr10-11.pdf,Oct-Dec,,reported
Suwannee,2010,4,50.5,61.0,2.0,50.5,100.0,25.3,24.3,54.9,10.0,45.9,54.3,39.2,JuryManagement3rdQtr10-11.pdf,Oct-Dec,,reported
Taylor,2010,4,24.3,76.7,3.0,76.7,31.7,61.6,24.3,54.9,10.0,45.9,54.3,39.2,JuryManagement3rdQtr10-11.pdf,Oct-Dec,,reported
Union,2010,4,0.0,0.0,0.0,0.0,0.0,0.0,24.3,54.9,10.0,45.9,54.3,39.2,JuryManagement3rdQtr10-11.pdf,Oct-Dec,,reported_all_zero
Volusia,2010,4,22.5,58.0,43.0,45.9,49.1,46.5,24.3,54.9,10.0,45.9,54.3,39.2,JuryManagement3rdQtr10-11.pdf,Oct-Dec,,reported
Wakulla,2010,4,34.5,42.0,4.0,32.3,107.0,59.8,24.3,54.9,10.0,45.9,54.3,39.2,JuryManagement3rdQtr10-11.pdf,Oct-Dec,percent_to_voir_dire_gt_100_reported; ,reported
Walton,2010,4,14.0,35.3,7.0,29.4,47.6,25.8,24.3,54.9,10.0,45.9,54.3,39.2,JuryManagement3rdQtr10-11.pdf,Oct-Dec,,reported
Washington,2010,4,6.0,105.0,1.0,105.0,5.7,30.0,24.3,54.9,10.0,45.9,54.3,39.2,JuryManagement3rdQtr10-11.pdf,Oct-Dec,,reported
Alachua,2011,1,28.2,41.3,58.0,30.1,93.8,40.7,25.9,50.2,14.0,41.3,59.6,39.4,JuryManagement3rdQtr10-11.pdf,Jan-Mar,,reported
Baker,2011,1,28.0,35.5,2.0,35.5,78.9,20.3,25.9,50.2,14.0,41.3,59.6,39.4,JuryManagement3rdQtr10-11.pdf,Jan-Mar,,reported
Bay,2011,1,7.1,54.5,25.0,43.6,16.2,35.2,25.9,50.2,14.0,41.3,59.6,39.4,JuryManagement3rdQtr10-11.pdf,Jan-Mar,,reported
Bradford,2011,1,0.0,0.0,0.0,0.0,0.0,44.5,25.9,50.2,14.0,41.3,59.6,39.4,JuryManagement3rdQtr10-11.pdf,Jan-Mar,,reported
Brevard,2011,1,44.1,76.7,77.0,69.0,63.9,46.5,25.9,50.2,14.0,41.3,59.6,39.4,JuryManagement3rdQtr10-11.pdf,Jan-Mar,,reported
Broward,2011,1,28.5,72.1,250.0,58.0,49.0,42.6,25.9,50.2,14.0,41.3,59.6,39.4,JuryManagement3rdQtr10-11.pdf,Jan-Mar,,reported
Calhoun,2011,1,21.0,56.0,2.0,56.0,37.5,37.3,25.9,50.2,14.0,41.3,59.6,39.4,JuryManagement3rdQtr10-11.pdf,Jan-Mar,,reported
Charlotte,2011,1,25.9,32.8,30.0,29.8,86.9,65.6,25.9,50.2,14.0,41.3,59.6,39.4,JuryManagement3rdQtr10-11.pdf,Jan-Mar,,reported
Citrus,2011,1,25.5,76.6,10.0,61.0,41.8,54.3,25.9,50.2,14.0,41.3,59.6,39.4,JuryManagement3rdQtr10-11.pdf,Jan-Mar,,reported
Clay,2011,1,44.0,139.0,7.0,94.3,46.7,43.5,25.9,50.2,14.0,41.3,59.6,39.4,JuryManagement3rdQtr10-11.pdf,Jan-Mar,,reported
Collier,2011,1,24.5,116.2,26.0,104.9,23.3,60.5,25.9,50.2,14.0,41.3,59.6,39.4,JuryManagement3rdQtr10-11.pdf,Jan-Mar,,reported
Columbia,2011,1,55.4,55.4,5.0,55.4,100.0,44.0,25.9,50.2,14.0,41.3,59.6,39.4,JuryManagement3rdQtr10-11.pdf,Jan-Mar,,reported
DeSoto,2011,1,42.3,79.0,3.0,72.0,58.8,17.8,25.9,50.2,14.0,41.3,59.6,39.4,JuryManagement3rdQtr10-11.pdf,Jan-Mar,,reported
Dixie,2011,1,12.5,18.5,4.0,18.5,67.6,10.7,25.9,50.2,14.0,41.3,59.6,39.4,JuryManagement3rdQtr10-11.pdf,Jan-Mar,,reported
Duval,2011,1,27.6,53.0,143.0,37.9,72.7,34.4,25.9,50.2,14.0,41.3,59.6,39.4,JuryManagement3rdQtr10-11.pdf,Jan-Mar,,reported
Escambia,2011,1,23.3,36.3,114.0,27.0,86.0,26.0,25.9,50.2,14.0,41.3,59.6,39.4,JuryManagement3rdQtr10-11.pdf,Jan-Mar,aps_placeholder_corrected_from_later_edition,reported
Flagler,2011,1,14.0,28.9,17.0,21.5,65.0,35.7,25.9,50.2,14.0,41.3,59.6,39.4,JuryManagement3rdQtr10-11.pdf,Jan-Mar,,reported
Franklin,2011,1,26.0,83.5,2.0,66.0,39.4,44.7,25.9,50.2,14.0,41.3,59.6,39.4,JuryManagement3rdQtr10-11.pdf,Jan-Mar,,reported
Gadsden,2011,1,32.8,40.8,17.0,33.0,99.5,36.3,25.9,50.2,14.0,41.3,59.6,39.4,JuryManagement3rdQtr10-11.pdf,Jan-Mar,,reported
Gilchrist,2011,1,0.0,0.0,0.0,0.0,0.0,0.0,25.9,50.2,14.0,41.3,59.6,39.4,JuryManagement3rdQtr10-11.pdf,Jan-Mar,,reported_all_zero
Glades,2011,1,25.0,55.0,6.0,50.3,49.7,19.1,25.9,50.2,14.0,41.3,59.6,39.4,JuryManagement3rdQtr10-11.pdf,Jan-Mar,,reported
Gulf,2011,1,21.5,41.5,2.0,35.0,61.4,59.5,25.9,50.2,14.0,41.3,59.6,39.4,JuryManagement3rdQtr10-11.pdf,Jan-Mar,,reported
Hamilton,2011,1,61.0,92.0,1.0,61.0,100.0,30.5,25.9,50.2,14.0,41.3,59.6,39.4,JuryManagement3rdQtr10-11.pdf,Jan-Mar,,reported
Hardee,2011,1,7.0,41.5,2.0,34.5,20.3,41.8,25.9,50.2,14.0,41.3,59.6,39.4,JuryManagement3rdQtr10-11.pdf,Jan-Mar,,reported
Hendry,2011,1,26.1,48.5,8.0,48.5,53.9,77.7,25.9,50.2,14.0,41.3,59.6,39.4,JuryManagement3rdQtr10-11.pdf,Jan-Mar,,reported
Hernando,2011,1,36.9,70.1,7.0,60.0,61.4,54.9,25.9,50.2,14.0,41.3,59.6,39.4,JuryManagement3rdQtr10-11.pdf,Jan-Mar,,reported
Highlands,2011,1,14.2,22.6,12.0,12.1,117.2,14.9,25.9,50.2,14.0,41.3,59.6,39.4,JuryManagement3rdQtr10-11.pdf,Jan-Mar,percent_to_voir_dire_gt_100_reported; ,reported
Hillsborough,2011,1,28.9,50.0,147.0,34.8,82.9,23.1,25.9,50.2,14.0,41.3,59.6,39.4,JuryManagement3rdQtr10-11.pdf,Jan-Mar,,reported
Holmes,2011,1,21.0,27.0,1.0,27.0,77.8,46.5,25.9,50.2,14.0,41.3,59.6,39.4,JuryManagement3rdQtr10-11.pdf,Jan-Mar,,reported
Indian River,2011,1,26.3,45.0,21.0,35.1,74.9,63.1,25.9,50.2,14.0,41.3,59.6,39.4,JuryManagement3rdQtr10-11.pdf,Jan-Mar,,reported
Jackson,2011,1,9.0,39.8,4.0,29.0,31.0,32.2,25.9,50.2,14.0,41.3,59.6,39.4,JuryManagement3rdQtr10-11.pdf,Jan-Mar,,reported
Jefferson,2011,1,8.0,92.0,1.0,76.0,10.5,43.4,25.9,50.2,14.0,41.3,59.6,39.4,JuryManagement3rdQtr10-11.pdf,Jan-Mar,,reported
Lafayette,2011,1,0.0,0.0,0.0,0.0,0.0,33.3,25.9,50.2,14.0,41.3,59.6,39.4,JuryManagement3rdQtr10-11.pdf,Jan-Mar,,reported
Lake,2011,1,23.7,50.2,26.0,39.7,59.7,39.0,25.9,50.2,14.0,41.3,59.6,39.4,JuryManagement3rdQtr10-11.pdf,Jan-Mar,,reported
Lee,2011,1,30.6,80.8,69.0,74.2,41.2,52.5,25.9,50.2,14.0,41.3,59.6,39.4,JuryManagement3rdQtr10-11.pdf,Jan-Mar,,reported
Leon,2011,1,29.4,50.5,70.0,40.5,72.7,42.8,25.9,50.2,14.0,41.3,59.6,39.4,JuryManagement3rdQtr10-11.pdf,Jan-Mar,,reported
Levy,2011,1,31.2,47.6,10.0,40.6,76.8,35.3,25.9,50.2,14.0,41.3,59.6,39.4,JuryManagement3rdQtr10-11.pdf,Jan-Mar,,reported
Liberty,2011,1,22.5,37.3,4.0,33.8,66.7,33.3,25.9,50.2,14.0,41.3,59.6,39.4,JuryManagement3rdQtr10-11.pdf,Jan-Mar,,reported
Madison,2011,1,10.0,51.0,4.0,44.5,22.5,38.7,25.9,50.2,14.0,41.3,59.6,39.4,JuryManagement3rdQtr10-11.pdf,Jan-Mar,,reported
Manatee,2011,1,29.0,49.7,55.0,40.5,71.6,45.7,25.9,50.2,14.0,41.3,59.6,39.4,JuryManagement3rdQtr10-11.pdf,Jan-Mar,,reported
Marion,2011,1,21.4,56.1,59.0,47.5,45.1,38.3,25.9,50.2,14.0,41.3,59.6,39.4,JuryManagement3rdQtr10-11.pdf,Jan-Mar,,reported
Martin,2011,1,39.4,83.8,14.0,63.9,61.7,37.2,25.9,50.2,14.0,41.3,59.6,39.4,JuryManagement3rdQtr10-11.pdf,Jan-Mar,,reported
Miami-Dade,2011,1,39.0,64.2,306.0,50.2,77.8,36.1,25.9,50.2,14.0,41.3,59.6,39.4,JuryManagement3rdQtr10-11.pdf,Jan-Mar,,reported
Monroe,2011,1,19.7,45.6,30.0,38.4,51.3,64.2,25.9,50.2,14.0,41.3,59.6,39.4,JuryManagement3rdQtr10-11.pdf,Jan-Mar,,reported
Nassau,2011,1,23.4,71.6,8.0,57.6,40.6,43.9,25.9,50.2,14.0,41.3,59.6,39.4,JuryManagement3rdQtr10-11.pdf,Jan-Mar,,reported
Okaloosa,2011,1,32.9,57.5,17.0,47.4,69.4,48.9,25.9,50.2,14.0,41.3,59.6,39.4,JuryManagement3rdQtr10-11.pdf,Jan-Mar,,reported
Okeechobee,2011,1,43.3,49.5,14.0,41.3,104.8,33.1,25.9,50.2,14.0,41.3,59.6,39.4,JuryManagement3rdQtr10-11.pdf,Jan-Mar,percent_to_voir_dire_gt_100_reported; ,reported
Orange,2011,1,25.9,41.5,269.0,36.0,71.8,49.1,25.9,50.2,14.0,41.3,59.6,39.4,JuryManagement3rdQtr10-11.pdf,Jan-Mar,,reported
Osceola,2011,1,21.1,48.4,67.0,42.5,49.8,43.0,25.9,50.2,14.0,41.3,59.6,39.4,JuryManagement3rdQtr10-11.pdf,Jan-Mar,,reported
Palm Beach,2011,1,34.3,62.1,237.0,47.7,71.8,33.2,25.9,50.2,14.0,41.3,59.6,39.4,JuryManagement3rdQtr10-11.pdf,Jan-Mar,,reported
Pasco,2011,1,26.7,67.7,35.0,55.7,47.8,46.1,25.9,50.2,14.0,41.3,59.6,39.4,JuryManagement3rdQtr10-11.pdf,Jan-Mar,,reported
Pinellas,2011,1,29.1,52.9,141.0,44.5,65.4,44.9,25.9,50.2,14.0,41.3,59.6,39.4,JuryManagement3rdQtr10-11.pdf,Jan-Mar,,reported
Polk,2011,1,38.9,71.5,77.0,46.9,83.1,42.3,25.9,50.2,14.0,41.3,59.6,39.4,JuryManagement3rdQtr10-11.pdf,Jan-Mar,,reported
Putnam,2011,1,20.2,59.6,11.0,55.2,36.6,33.4,25.9,50.2,14.0,41.3,59.6,39.4,JuryManagement3rdQtr10-11.pdf,Jan-Mar,,reported
Santa Rosa,2011,1,11.3,55.1,23.0,49.7,22.7,39.4,25.9,50.2,14.0,41.3,59.6,39.4,JuryManagement3rdQtr10-11.pdf,Jan-Mar,,reported
Sarasota,2011,1,35.6,90.8,39.0,65.5,54.3,34.8,25.9,50.2,14.0,41.3,59.6,39.4,JuryManagement3rdQtr10-11.pdf,Jan-Mar,,reported
Seminole,2011,1,25.7,46.5,71.0,37.5,68.6,53.5,25.9,50.2,14.0,41.3,59.6,39.4,JuryManagement3rdQtr10-11.pdf,Jan-Mar,,reported
St. Johns,2011,1,15.7,38.3,7.0,29.0,54.2,47.7,25.9,50.2,14.0,41.3,59.6,39.4,JuryManagement3rdQtr10-11.pdf,Jan-Mar,,reported
St. Lucie,2011,1,37.8,87.3,32.0,76.6,49.3,54.3,25.9,50.2,14.0,41.3,59.6,39.4,JuryManagement3rdQtr10-11.pdf,Jan-Mar,,reported
Sumter,2011,1,17.0,84.0,3.0,72.3,23.5,33.4,25.9,50.2,14.0,41.3,59.6,39.4,JuryManagement3rdQtr10-11.pdf,Jan-Mar,,reported
Suwannee,2011,1,31.0,36.3,6.0,30.5,101.6,20.8,25.9,50.2,14.0,41.3,59.6,39.4,JuryManagement3rdQtr10-11.pdf,Jan-Mar,percent_to_voir_dire_gt_100_reported; ,reported
Taylor,2011,1,0.0,0.0,0.0,0.0,0.0,0.0,25.9,50.2,14.0,41.3,59.6,39.4,JuryManagement3rdQtr10-11.pdf,Jan-Mar,,reported_all_zero
Union,2011,1,0.0,0.0,0.0,0.0,0.0,0.0,25.9,50.2,14.0,41.3,59.6,39.4,JuryManagement3rdQtr10-11.pdf,Jan-Mar,,reported_all_zero
Volusia,2011,1,26.5,72.4,38.0,55.5,47.7,48.3,25.9,50.2,14.0,41.3,59.6,39.4,JuryManagement3rdQtr10-11.pdf,Jan-Mar,,reported
Wakulla,2011,1,26.5,27.5,2.0,27.5,96.4,63.0,25.9,50.2,14.0,41.3,59.6,39.4,JuryManagement3rdQtr10-11.pdf,Jan-Mar,,reported
Walton,2011,1,17.0,42.0,14.0,28.5,59.6,30.7,25.9,50.2,14.0,41.3,59.6,39.4,JuryManagement3rdQtr10-11.pdf,Jan-Mar,,reported
Washington,2011,1,0.0,0.0,0.0,0.0,0.0,38.4,25.9,50.2,14.0,41.3,59.6,39.4,JuryManagement3rdQtr10-11.pdf,Jan-Mar,,reported
Alachua,2011,2,27.5,,47.0,,,37.9,25.2,,9.0,,,37.9,JuryManagement2ndQtr11-12.pdf,Apr-Jun,,reported
Baker,2011,2,17.0,,3.0,,,43.3,25.2,,9.0,,,37.9,JuryManagement2ndQtr11-12.pdf,Apr-Jun,,reported
Bay,2011,2,7.6,,14.0,,,35.8,25.2,,9.0,,,37.9,JuryManagement2ndQtr11-12.pdf,Apr-Jun,,reported
Bradford,2011,2,52.7,,3.0,,,46.8,25.2,,9.0,,,37.9,JuryManagement2ndQtr11-12.pdf,Apr-Jun,,reported
Brevard,2011,2,37.4,,76.0,,,45.9,25.2,,9.0,,,37.9,JuryManagement2ndQtr11-12.pdf,Apr-Jun,,reported
Broward,2011,2,27.4,,246.0,,,40.3,25.2,,9.0,,,37.9,JuryManagement2ndQtr11-12.pdf,Apr-Jun,,reported
Calhoun,2011,2,20.7,,3.0,,,38.8,25.2,,9.0,,,37.9,JuryManagement2ndQtr11-12.pdf,Apr-Jun,,reported
Charlotte,2011,2,24.7,,20.0,,,60.0,25.2,,9.0,,,37.9,JuryManagement2ndQtr11-12.pdf,Apr-Jun,,reported
Citrus,2011,2,22.7,,6.0,,,55.7,25.2,,9.0,,,37.9,JuryManagement2ndQtr11-12.pdf,Apr-Jun,,reported
Clay,2011,2,46.4,,5.0,,,35.6,25.2,,9.0,,,37.9,JuryManagement2ndQtr11-12.pdf,Apr-Jun,,reported
Collier,2011,2,20.2,,27.0,,,54.4,25.2,,9.0,,,37.9,JuryManagement2ndQtr11-12.pdf,Apr-Jun,,reported
Columbia,2011,2,56.0,,6.0,,,47.0,25.2,,9.0,,,37.9,JuryManagement2ndQtr11-12.pdf,Apr-Jun,,reported
DeSoto,2011,2,0.0,,0.0,,,14.6,25.2,,9.0,,,37.9,JuryManagement2ndQtr11-12.pdf,Apr-Jun,,reported
Dixie,2011,2,28.0,,1.0,,,29.3,25.2,,9.0,,,37.9,JuryManagement2ndQtr11-12.pdf,Apr-Jun,,reported
Duval,2011,2,35.9,,103.0,,,32.3,25.2,,9.0,,,37.9,JuryManagement2ndQtr11-12.pdf,Apr-Jun,,reported
Escambia,2011,2,21.7,,109.0,,,25.0,25.2,,9.0,,,37.9,JuryManagement2ndQtr11-12.pdf,Apr-Jun,,reported
Flagler,2011,2,20.4,,11.0,,,34.4,25.2,,9.0,,,37.9,JuryManagement2ndQtr11-12.pdf,Apr-Jun,,reported
Franklin,2011,2,21.3,,6.0,,,30.7,25.2,,9.0,,,37.9,JuryManagement2ndQtr11-12.pdf,Apr-Jun,,reported
Gadsden,2011,2,38.1,,14.0,,,43.2,25.2,,9.0,,,37.9,JuryManagement2ndQtr11-12.pdf,Apr-Jun,,reported
Gilchrist,2011,2,0.0,,0.0,,,0.0,25.2,,9.0,,,37.9,JuryManagement2ndQtr11-12.pdf,Apr-Jun,,reported
Glades,2011,2,25.7,,3.0,,,17.4,25.2,,9.0,,,37.9,JuryManagement2ndQtr11-12.pdf,Apr-Jun,,reported
Gulf,2011,2,26.0,,1.0,,,34.7,25.2,,9.0,,,37.9,JuryManagement2ndQtr11-12.pdf,Apr-Jun,,reported
Hamilton,2011,2,0.0,,0.0,,,0.0,25.2,,9.0,,,37.9,JuryManagement2ndQtr11-12.pdf,Apr-Jun,,reported
Hardee,2011,2,7.0,,2.0,,,45.0,25.2,,9.0,,,37.9,JuryManagement2ndQtr11-12.pdf,Apr-Jun,,reported
Hendry,2011,2,31.2,,9.0,,,73.1,25.2,,9.0,,,37.9,JuryManagement2ndQtr11-12.pdf,Apr-Jun,,reported
Hernando,2011,2,24.3,,6.0,,,51.1,25.2,,9.0,,,37.9,JuryManagement2ndQtr11-12.pdf,Apr-Jun,,reported
Highlands,2011,2,17.2,,9.0,,,14.7,25.2,,9.0,,,37.9,JuryManagement2ndQtr11-12.pdf,Apr-Jun,,reported
Hillsborough,2011,2,27.6,,155.0,,,22.9,25.2,,9.0,,,37.9,JuryManagement2ndQtr11-12.pdf,Apr-Jun,,reported
Holmes,2011,2,21.0,,3.0,,,23.1,25.2,,9.0,,,37.9,JuryManagement2ndQtr11-12.pdf,Apr-Jun,,reported
Indian River,2011,2,27.6,,21.0,,,59.0,25.2,,9.0,,,37.9,JuryManagement2ndQtr11-12.pdf,Apr-Jun,,reported
Jackson,2011,2,7.0,,4.0,,,36.0,25.2,,9.0,,,37.9,JuryManagement2ndQtr11-12.pdf,Apr-Jun,,reported
Jefferson,2011,2,13.0,,1.0,,,43.3,25.2,,9.0,,,37.9,JuryManagement2ndQtr11-12.pdf,Apr-Jun,,reported
Lafayette,2011,2,20.0,,1.0,,,40.0,25.2,,9.0,,,37.9,JuryManagement2ndQtr11-12.pdf,Apr-Jun,,reported
Lake,2011,2,22.0,,23.0,,,39.0,25.2,,9.0,,,37.9,JuryManagement2ndQtr11-12.pdf,Apr-Jun,,reported
Lee,2011,2,31.5,,76.0,,,50.8,25.2,,9.0,,,37.9,JuryManagement2ndQtr11-12.pdf,Apr-Jun,,reported
Leon,2011,2,26.5,,80.0,,,43.2,25.2,,9.0,,,37.9,JuryManagement2ndQtr11-12.pdf,Apr-Jun,,reported
Levy,2011,2,36.2,,5.0,,,29.0,25.2,,9.0,,,37.9,JuryManagement2ndQtr11-12.pdf,Apr-Jun,,reported
Liberty,2011,2,20.8,,4.0,,,34.0,25.2,,9.0,,,37.9,JuryManagement2ndQtr11-12.pdf,Apr-Jun,,reported
Madison,2011,2,0.0,,0.0,,,0.0,25.2,,9.0,,,37.9,JuryManagement2ndQtr11-12.pdf,Apr-Jun,,reported
Manatee,2011,2,28.1,,40.0,,,44.4,25.2,,9.0,,,37.9,JuryManagement2ndQtr11-12.pdf,Apr-Jun,,reported
Marion,2011,2,21.0,,57.0,,,36.1,25.2,,9.0,,,37.9,JuryManagement2ndQtr11-12.pdf,Apr-Jun,,reported
Martin,2011,2,40.5,,19.0,,,34.5,25.2,,9.0,,,37.9,JuryManagement2ndQtr11-12.pdf,Apr-Jun,,reported
Miami-Dade,2011,2,40.5,,255.0,,,37.8,25.2,,9.0,,,37.9,JuryManagement2ndQtr11-12.pdf,Apr-Jun,,reported
Monroe,2011,2,24.3,,28.0,,,59.4,25.2,,9.0,,,37.9,JuryManagement2ndQtr11-12.pdf,Apr-Jun,,reported
Nassau,2011,2,21.8,,10.0,,,44.3,25.2,,9.0,,,37.9,JuryManagement2ndQtr11-12.pdf,Apr-Jun,,reported
Okaloosa,2011,2,36.2,,14.0,,,55.0,25.2,,9.0,,,37.9,JuryManagement2ndQtr11-12.pdf,Apr-Jun,,reported
Okeechobee,2011,2,48.4,,5.0,,,25.1,25.2,,9.0,,,37.9,JuryManagement2ndQtr11-12.pdf,Apr-Jun,,reported
Orange,2011,2,27.6,,224.0,,,35.1,25.2,,9.0,,,37.9,JuryManagement2ndQtr11-12.pdf,Apr-Jun,,reported
Osceola,2011,2,20.3,,65.0,,,43.1,25.2,,9.0,,,37.9,JuryManagement2ndQtr11-12.pdf,Apr-Jun,,reported
Palm Beach,2011,2,34.6,,205.0,,,32.8,25.2,,9.0,,,37.9,JuryManagement2ndQtr11-12.pdf,Apr-Jun,,reported
Pasco,2011,2,27.0,,50.0,,,41.6,25.2,,9.0,,,37.9,JuryManagement2ndQtr11-12.pdf,Apr-Jun,,reported
Pinellas,2011,2,29.3,,139.0,,,43.2,25.2,,9.0,,,37.9,JuryManagement2ndQtr11-12.pdf,Apr-Jun,,reported
Polk,2011,2,35.3,,75.0,,,39.9,25.2,,9.0,,,37.9,JuryManagement2ndQtr11-12.pdf,Apr-Jun,,reported
Putnam,2011,2,14.8,,9.0,,,32.7,25.2,,9.0,,,37.9,JuryManagement2ndQtr11-12.pdf,Apr-Jun,,reported
Santa Rosa,2011,2,7.9,,24.0,,,37.9,25.2,,9.0,,,37.9,JuryManagement2ndQtr11-12.pdf,Apr-Jun,,reported
Sarasota,2011,2,31.3,,35.0,,,32.2,25.2,,9.0,,,37.9,JuryManagement2ndQtr11-12.pdf,Apr-Jun,,reported
Seminole,2011,2,25.2,,66.0,,,54.3,25.2,,9.0,,,37.9,JuryManagement2ndQtr11-12.pdf,Apr-Jun,,reported
St. Johns,2011,2,19.5,,8.0,,,43.6,25.2,,9.0,,,37.9,JuryManagement2ndQtr11-12.pdf,Apr-Jun,,reported
St. Lucie,2011,2,34.0,,29.0,,,52.9,25.2,,9.0,,,37.9,JuryManagement2ndQtr11-12.pdf,Apr-Jun,,reported
Sumter,2011,2,24.8,,5.0,,,30.6,25.2,,9.0,,,37.9,JuryManagement2ndQtr11-12.pdf,Apr-Jun,,reported
Suwannee,2011,2,38.7,,6.0,,,23.4,25.2,,9.0,,,37.9,JuryManagement2ndQtr11-12.pdf,Apr-Jun,,reported
Taylor,2011,2,28.0,,1.0,,,31.1,25.2,,9.0,,,37.9,JuryManagement2ndQtr11-12.pdf,Apr-Jun,,reported
Union,2011,2,17.5,,2.0,,,35.0,25.2,,9.0,,,37.9,JuryManagement2ndQtr11-12.pdf,Apr-Jun,,reported
Volusia,2011,2,24.5,,37.0,,,45.2,25.2,,9.0,,,37.9,JuryManagement2ndQtr11-12.pdf,Apr-Jun,,reported
Wakulla,2011,2,32.0,,8.0,,,53.8,25.2,,9.0,,,37.9,JuryManagement2ndQtr11-12.pdf,Apr-Jun,,reported
Walton,2011,2,26.9,,7.0,,,25.5,25.2,,9.0,,,37.9,JuryManagement2ndQtr11-12.pdf,Apr-Jun,,reported
Washington,2011,2,0.0,,0.0,,,0.0,25.2,,9.0,,,37.9,JuryManagement2ndQtr11-12.pdf,Apr-Jun,,reported
Alachua,2011,3,29.5,,44.0,,,41.7,25.7,,10.0,,,38.9,JuryManagement2ndQtr11-12.pdf,Jul-Sep,,reported
Baker,2011,3,28.0,,1.0,,,40.4,25.7,,10.0,,,38.9,JuryManagement2ndQtr11-12.pdf,Jul-Sep,,reported
Bay,2011,3,7.1,,24.0,,,43.1,25.7,,10.0,,,38.9,JuryManagement2ndQtr11-12.pdf,Jul-Sep,,reported
Bradford,2011,3,65.0,,1.0,,,41.7,25.7,,10.0,,,38.9,JuryManagement2ndQtr11-12.pdf,Jul-Sep,,reported
Brevard,2011,3,48.1,,56.0,,,45.3,25.7,,10.0,,,38.9,JuryManagement2ndQtr11-12.pdf,Jul-Sep,,reported
Broward,2011,3,26.5,,204.0,,,40.5,25.7,,10.0,,,38.9,JuryManagement2ndQtr11-12.pdf,Jul-Sep,,reported
Calhoun,2011,3,0.0,,0.0,,,0.0,25.7,,10.0,,,38.9,JuryManagement2ndQtr11-12.pdf,Jul-Sep,,reported
Charlotte,2011,3,29.9,,15.0,,,62.5,25.7,,10.0,,,38.9,JuryManagement2ndQtr11-12.pdf,Jul-Sep,,reported
Citrus,2011,3,21.5,,11.0,,,43.7,25.7,,10.0,,,38.9,JuryManagement2ndQtr11-12.pdf,Jul-Sep,,reported
Clay,2011,3,27.6,,7.0,,,31.1,25.7,,10.0,,,38.9,JuryManagement2ndQtr11-12.pdf,Jul-Sep,,reported
Collier,2011,3,23.2,,26.0,,,64.0,25.7,,10.0,,,38.9,JuryManagement2ndQtr11-12.pdf,Jul-Sep,,reported
Columbia,2011,3,37.7,,10.0,,,46.2,25.7,,10.0,,,38.9,JuryManagement2ndQtr11-12.pdf,Jul-Sep,,reported
DeSoto,2011,3,22.6,,5.0,,,18.7,25.7,,10.0,,,38.9,JuryManagement2ndQtr11-12.pdf,Jul-Sep,,reported
Dixie,2011,3,23.0,,1.0,,,24.0,25.7,,10.0,,,38.9,JuryManagement2ndQtr11-12.pdf,Jul-Sep,,reported
Duval,2011,3,51.9,,94.0,,,29.3,25.7,,10.0,,,38.9,JuryManagement2ndQtr11-12.pdf,Jul-Sep,,reported
Escambia,2011,3,22.1,,98.0,,,24.3,25.7,,10.0,,,38.9,JuryManagement2ndQtr11-12.pdf,Jul-Sep,,reported
Flagler,2011,3,19.5,,4.0,,,35.0,25.7,,10.0,,,38.9,JuryManagement2ndQtr11-12.pdf,Jul-Sep,,reported
Franklin,2011,3,22.0,,1.0,,,27.3,25.7,,10.0,,,38.9,JuryManagement2ndQtr11-12.pdf,Jul-Sep,,reported
Gadsden,2011,3,47.2,,9.0,,,41.7,25.7,,10.0,,,38.9,JuryManagement2ndQtr11-12.pdf,Jul-Sep,,reported
Gilchrist,2011,3,0.0,,0.0,,,0.0,25.7,,10.0,,,38.9,JuryManagement2ndQtr11-12.pdf,Jul-Sep,,reported
Glades,2011,3,21.7,,3.0,,,13.1,25.7,,10.0,,,38.9,JuryManagement2ndQtr11-12.pdf,Jul-Sep,,reported
Gulf,2011,3,45.5,,2.0,,,41.4,25.7,,10.0,,,38.9,JuryManagement2ndQtr11-12.pdf,Jul-Sep,,reported
Hamilton,2011,3,0.0,,0.0,,,0.0,25.7,,10.0,,,38.9,JuryManagement2ndQtr11-12.pdf,Jul-Sep,,reported
Hardee,2011,3,7.0,,2.0,,,52.9,25.7,,10.0,,,38.9,JuryManagement2ndQtr11-12.pdf,Jul-Sep,,reported
Hendry,2011,3,32.6,,9.0,,,73.0,25.7,,10.0,,,38.9,JuryManagement2ndQtr11-12.pdf,Jul-Sep,,reported
Hernando,2011,3,31.5,,10.0,,,51.5,25.7,,10.0,,,38.9,JuryManagement2ndQtr11-12.pdf,Jul-Sep,,reported
Highlands,2011,3,16.8,,4.0,,,10.0,25.7,,10.0,,,38.9,JuryManagement2ndQtr11-12.pdf,Jul-Sep,,reported
Hillsborough,2011,3,29.1,,140.0,,,22.9,25.7,,10.0,,,38.9,JuryManagement2ndQtr11-12.pdf,Jul-Sep,,reported
Holmes,2011,3,0.0,,0.0,,,34.1,25.7,,10.0,,,38.9,JuryManagement2ndQtr11-12.pdf,Jul-Sep,,reported
Indian River,2011,3,36.1,,19.0,,,54.8,25.7,,10.0,,,38.9,JuryManagement2ndQtr11-12.pdf,Jul-Sep,,reported
Jackson,2011,3,5.5,,4.0,,,38.5,25.7,,10.0,,,38.9,JuryManagement2ndQtr11-12.pdf,Jul-Sep,,reported
Jefferson,2011,3,0.0,,0.0,,,0.0,25.7,,10.0,,,38.9,JuryManagement2ndQtr11-12.pdf,Jul-Sep,,reported
Lafayette,2011,3,0.0,,0.0,,,0.0,25.7,,10.0,,,38.9,JuryManagement2ndQtr11-12.pdf,Jul-Sep,,reported
Lake,2011,3,23.3,,20.0,,,41.1,25.7,,10.0,,,38.9,JuryManagement2ndQtr11-12.pdf,Jul-Sep,,reported
Lee,2011,3,31.5,,67.0,,,50.0,25.7,,10.0,,,38.9,JuryManagement2ndQtr11-12.pdf,Jul-Sep,,reported
Leon,2011,3,26.8,,75.0,,,43.8,25.7,,10.0,,,38.9,JuryManagement2ndQtr11-12.pdf,Jul-Sep,,reported
Levy,2011,3,27.0,,2.0,,,31.8,25.7,,10.0,,,38.9,JuryManagement2ndQtr11-12.pdf,Jul-Sep,,reported
Liberty,2011,3,24.0,,5.0,,,33.3,25.7,,10.0,,,38.9,JuryManagement2ndQtr11-12.pdf,Jul-Sep,,reported
Madison,2011,3,7.0,,1.0,,,35.6,25.7,,10.0,,,38.9,JuryManagement2ndQtr11-12.pdf,Jul-Sep,,reported
Manatee,2011,3,29.9,,50.0,,,43.5,25.7,,10.0,,,38.9,JuryManagement2ndQtr11-12.pdf,Jul-Sep,,reported
Marion,2011,3,20.6,,47.0,,,36.5,25.7,,10.0,,,38.9,JuryManagement2ndQtr11-12.pdf,Jul-Sep,,reported
Martin,2011,3,44.4,,8.0,,,40.4,25.7,,10.0,,,38.9,JuryManagement2ndQtr11-12.pdf,Jul-Sep,,reported
Miami-Dade,2011,3,41.0,,230.0,,,36.7,25.7,,10.0,,,38.9,JuryManagement2ndQtr11-12.pdf,Jul-Sep,,reported
Monroe,2011,3,18.9,,28.0,,,56.4,25.7,,10.0,,,38.9,JuryManagement2ndQtr11-12.pdf,Jul-Sep,,reported
Nassau,2011,3,19.6,,5.0,,,43.5,25.7,,10.0,,,38.9,JuryManagement2ndQtr11-12.pdf,Jul-Sep,,reported
Okaloosa,2011,3,37.5,,13.0,,,54.0,25.7,,10.0,,,38.9,JuryManagement2ndQtr11-12.pdf,Jul-Sep,,reported
Okeechobee,2011,3,40.7,,10.0,,,27.7,25.7,,10.0,,,38.9,JuryManagement2ndQtr11-12.pdf,Jul-Sep,,reported
Orange,2011,3,25.7,,227.0,,,34.0,25.7,,10.0,,,38.9,JuryManagement2ndQtr11-12.pdf,Jul-Sep,,reported
Osceola,2011,3,22.8,,67.0,,,41.9,25.7,,10.0,,,38.9,JuryManagement2ndQtr11-12.pdf,Jul-Sep,,reported
Palm Beach,2011,3,30.5,,185.0,,,32.5,25.7,,10.0,,,38.9,JuryManagement2ndQtr11-12.pdf,Jul-Sep,,reported
Pasco,2011,3,28.3,,38.0,,,38.9,25.7,,10.0,,,38.9,JuryManagement2ndQtr11-12.pdf,Jul-Sep,,reported
Pinellas,2011,3,27.1,,109.0,,,44.6,25.7,,10.0,,,38.9,JuryManagement2ndQtr11-12.pdf,Jul-Sep,,reported
Polk,2011,3,36.7,,78.0,,,39.3,25.7,,10.0,,,38.9,JuryManagement2ndQtr11-12.pdf,Jul-Sep,,reported
Putnam,2011,3,18.4,,8.0,,,31.2,25.7,,10.0,,,38.9,JuryManagement2ndQtr11-12.pdf,Jul-Sep,,reported
Santa Rosa,2011,3,7.5,,24.0,,,36.9,25.7,,10.0,,,38.9,JuryManagement2ndQtr11-12.pdf,Jul-Sep,,reported
Sarasota,2011,3,27.3,,40.0,,,32.3,25.7,,10.0,,,38.9,JuryManagement2ndQtr11-12.pdf,Jul-Sep,,reported
Seminole,2011,3,24.0,,71.0,,,58.4,25.7,,10.0,,,38.9,JuryManagement2ndQtr11-12.pdf,Jul-Sep,,reported
St. Johns,2011,3,19.8,,9.0,,,33.4,25.7,,10.0,,,38.9,JuryManagement2ndQtr11-12.pdf,Jul-Sep,,reported
St. Lucie,2011,3,42.8,,21.0,,,46.2,25.7,,10.0,,,38.9,JuryManagement2ndQtr11-12.pdf,Jul-Sep,,reported
Sumter,2011,3,35.0,,1.0,,,32.4,25.7,,10.0,,,38.9,JuryManagement2ndQtr11-12.pdf,Jul-Sep,,reported
Suwannee,2011,3,7.0,,2.0,,,43.3,25.7,,10.0,,,38.9,JuryManagement2ndQtr11-12.pdf,Jul-Sep,,reported
Taylor,2011,3,26.0,,2.0,,,38.5,25.7,,10.0,,,38.9,JuryManagement2ndQtr11-12.pdf,Jul-Sep,,reported
Union,2011,3,36.0,,1.0,,,45.0,25.7,,10.0,,,38.9,JuryManagement2ndQtr11-12.pdf,Jul-Sep,,reported
Volusia,2011,3,25.1,,37.0,,,47.3,25.7,,10.0,,,38.9,JuryManagement2ndQtr11-12.pdf,Jul-Sep,,reported
Wakulla,2011,3,33.8,,11.0,,,58.8,25.7,,10.0,,,38.9,JuryManagement2ndQtr11-12.pdf,Jul-Sep,,reported
Walton,2011,3,17.6,,10.0,,,31.5,25.7,,10.0,,,38.9,JuryManagement2ndQtr11-12.pdf,Jul-Sep,,reported
Washington,2011,3,7.0,,1.0,,,36.0,25.7,,10.0,,,38.9,JuryManagement2ndQtr11-12.pdf,Jul-Sep,,reported
Alachua,2011,4,31.7,,41.0,,,36.4,25.9,,10.0,,,37.6,JuryManagement2ndQtr11-12.pdf,Oct-Dec,,reported
Baker,2011,4,22.0,,3.0,,,40.0,25.9,,10.0,,,37.6,JuryManagement2ndQtr11-12.pdf,Oct-Dec,,reported
Bay,2011,4,7.4,,15.0,,,43.8,25.9,,10.0,,,37.6,JuryManagement2ndQtr11-12.pdf,Oct-Dec,,reported
Bradford,2011,4,94.0,,1.0,,,31.2,25.9,,10.0,,,37.6,JuryManagement2ndQtr11-12.pdf,Oct-Dec,,reported
Brevard,2011,4,28.5,,64.0,,,46.4,25.9,,10.0,,,37.6,JuryManagement2ndQtr11-12.pdf,Oct-Dec,,reported
Broward,2011,4,27.8,,201.0,,,38.7,25.9,,10.0,,,37.6,JuryManagement2ndQtr11-12.pdf,Oct-Dec,,reported
Calhoun,2011,4,0.0,,0.0,,,0.0,25.9,,10.0,,,37.6,JuryManagement2ndQtr11-12.pdf,Oct-Dec,,reported
Charlotte,2011,4,30.5,,17.0,,,64.4,25.9,,10.0,,,37.6,JuryManagement2ndQtr11-12.pdf,Oct-Dec,,reported
Citrus,2011,4,23.0,,8.0,,,49.6,25.9,,10.0,,,37.6,JuryManagement2ndQtr11-12.pdf,Oct-Dec,,reported
Clay,2011,4,24.5,,13.0,,,41.9,25.9,,10.0,,,37.6,JuryManagement2ndQtr11-12.pdf,Oct-Dec,,reported
Collier,2011,4,19.4,,24.0,,,58.6,25.9,,10.0,,,37.6,JuryManagement2ndQtr11-12.pdf,Oct-Dec,,reported
Columbia,2011,4,39.4,,5.0,,,54.0,25.9,,10.0,,,37.6,JuryManagement2ndQtr11-12.pdf,Oct-Dec,,reported
DeSoto,2011,4,22.2,,5.0,,,17.4,25.9,,10.0,,,37.6,JuryManagement2ndQtr11-12.pdf,Oct-Dec,,reported
Dixie,2011,4,33.0,,1.0,,,29.5,25.9,,10.0,,,37.6,JuryManagement2ndQtr11-12.pdf,Oct-Dec,,reported
Duval,2011,4,42.6,,103.0,,,33.9,25.9,,10.0,,,37.6,JuryManagement2ndQtr11-12.pdf,Oct-Dec,,reported
Escambia,2011,4,21.8,,95.0,,,25.5,25.9,,10.0,,,37.6,JuryManagement2ndQtr11-12.pdf,Oct-Dec,aps_placeholder_corrected_from_later_edition,reported
Flagler,2011,4,30.3,,10.0,,,31.5,25.9,,10.0,,,37.6,JuryManagement2ndQtr11-12.pdf,Oct-Dec,,reported
Franklin,2011,4,17.0,,2.0,,,35.3,25.9,,10.0,,,37.6,JuryManagement2ndQtr11-12.pdf,Oct-Dec,,reported
Gadsden,2011,4,34.3,,10.0,,,46.4,25.9,,10.0,,,37.6,JuryManagement2ndQtr11-12.pdf,Oct-Dec,,reported
Gilchrist,2011,4,18.0,,1.0,,,31.8,25.9,,10.0,,,37.6,JuryManagement2ndQtr11-12.pdf,Oct-Dec,,reported
Glades,2011,4,17.0,,1.0,,,17.2,25.9,,10.0,,,37.6,JuryManagement2ndQtr11-12.pdf,Oct-Dec,,reported
Gulf,2011,4,0.0,,0.0,,,0.0,25.9,,10.0,,,37.6,JuryManagement2ndQtr11-12.pdf,Oct-Dec,,reported
Hamilton,2011,4,0.0,,0.0,,,0.0,25.9,,10.0,,,37.6,JuryManagement2ndQtr11-12.pdf,Oct-Dec,,reported
Hardee,2011,4,7.0,,5.0,,,49.2,25.9,,10.0,,,37.6,JuryManagement2ndQtr11-12.pdf,Oct-Dec,,reported
Hendry,2011,4,34.9,,8.0,,,73.8,25.9,,10.0,,,37.6,JuryManagement2ndQtr11-12.pdf,Oct-Dec,,reported
Hernando,2011,4,37.4,,8.0,,,53.4,25.9,,10.0,,,37.6,JuryManagement2ndQtr11-12.pdf,Oct-Dec,,reported
Highlands,2011,4,21.0,,9.0,,,19.0,25.9,,10.0,,,37.6,JuryManagement2ndQtr11-12.pdf,Oct-Dec,,reported
Hillsborough,2011,4,30.1,,119.0,,,24.2,25.9,,10.0,,,37.6,JuryManagement2ndQtr11-12.pdf,Oct-Dec,,reported
Holmes,2011,4,21.0,,1.0,,,17.9,25.9,,10.0,,,37.6,JuryManagement2ndQtr11-12.pdf,Oct-Dec,,reported
Indian River,2011,4,27.0,,20.0,,,58.4,25.9,,10.0,,,37.6,JuryManagement2ndQtr11-12.pdf,Oct-Dec,,reported
Jackson,2011,4,3.5,,2.0,,,33.0,25.9,,10.0,,,37.6,JuryManagement2ndQtr11-12.pdf,Oct-Dec,,reported
Jefferson,2011,4,7.0,,1.0,,,41.3,25.9,,10.0,,,37.6,JuryManagement2ndQtr11-12.pdf,Oct-Dec,,reported
Lafayette,2011,4,0.0,,0.0,,,0.0,25.9,,10.0,,,37.6,JuryManagement2ndQtr11-12.pdf,Oct-Dec,,reported
Lake,2011,4,23.4,,19.0,,,41.4,25.9,,10.0,,,37.6,JuryManagement2ndQtr11-12.pdf,Oct-Dec,,reported
Lee,2011,4,35.9,,60.0,,,53.0,25.9,,10.0,,,37.6,JuryManagement2ndQtr11-12.pdf,Oct-Dec,,reported
Leon,2011,4,26.6,,74.0,,,43.6,25.9,,10.0,,,37.6,JuryManagement2ndQtr11-12.pdf,Oct-Dec,,reported
Levy,2011,4,33.0,,3.0,,,34.1,25.9,,10.0,,,37.6,JuryManagement2ndQtr11-12.pdf,Oct-Dec,,reported
Liberty,2011,4,24.2,,6.0,,,33.1,25.9,,10.0,,,37.6,JuryManagement2ndQtr11-12.pdf,Oct-Dec,,reported
Madison,2011,4,0.0,,0.0,,,0.0,25.9,,10.0,,,37.6,JuryManagement2ndQtr11-12.pdf,Oct-Dec,,reported
Manatee,2011,4,28.0,,40.0,,,46.5,25.9,,10.0,,,37.6,JuryManagement2ndQtr11-12.pdf,Oct-Dec,,reported
Marion,2011,4,21.8,,52.0,,,37.3,25.9,,10.0,,,37.6,JuryManagement2ndQtr11-12.pdf,Oct-Dec,,reported
Martin,2011,4,40.3,,18.0,,,37.6,25.9,,10.0,,,37.6,JuryManagement2ndQtr11-12.pdf,Oct-Dec,,reported
Miami-Dade,2011,4,40.2,,232.0,,,36.2,25.9,,10.0,,,37.6,JuryManagement2ndQtr11-12.pdf,Oct-Dec,,reported
Monroe,2011,4,22.0,,32.0,,,59.9,25.9,,10.0,,,37.6,JuryManagement2ndQtr11-12.pdf,Oct-Dec,,reported
Nassau,2011,4,33.3,,6.0,,,39.9,25.9,,10.0,,,37.6,JuryManagement2ndQtr11-12.pdf,Oct-Dec,,reported
Okaloosa,2011,4,29.9,,16.0,,,58.1,25.9,,10.0,,,37.6,JuryManagement2ndQtr11-12.pdf,Oct-Dec,,reported
Okeechobee,2011,4,42.3,,7.0,,,26.6,25.9,,10.0,,,37.6,JuryManagement2ndQtr11-12.pdf,Oct-Dec,,reported
Orange,2011,4,25.9,,263.0,,,40.9,25.9,,10.0,,,37.6,JuryManagement2ndQtr11-12.pdf,Oct-Dec,,reported
Osceola,2011,4,21.8,,68.0,,,43.0,25.9,,10.0,,,37.6,JuryManagement2ndQtr11-12.pdf,Oct-Dec,,reported
Palm Beach,2011,4,32.4,,182.0,,,32.7,25.9,,10.0,,,37.6,JuryManagement2ndQtr11-12.pdf,Oct-Dec,,reported
Pasco,2011,4,28.3,,45.0,,,35.6,25.9,,10.0,,,37.6,JuryManagement2ndQtr11-12.pdf,Oct-Dec,,reported
Pinellas,2011,4,32.8,,107.0,,,45.4,25.9,,10.0,,,37.6,JuryManagement2ndQtr11-12.pdf,Oct-Dec,,reported
Polk,2011,4,25.9,,110.0,,,40.1,25.9,,10.0,,,37.6,JuryManagement2ndQtr11-12.pdf,Oct-Dec,,reported
Putnam,2011,4,28.5,,2.0,,,31.4,25.9,,10.0,,,37.6,JuryManagement2ndQtr11-12.pdf,Oct-Dec,,reported
Santa Rosa,2011,4,7.1,,32.0,,,36.9,25.9,,10.0,,,37.6,JuryManagement2ndQtr11-12.pdf,Oct-Dec,,reported
Sarasota,2011,4,32.8,,42.0,,,29.0,25.9,,10.0,,,37.6,JuryManagement2ndQtr11-12.pdf,Oct-Dec,,reported
Seminole,2011,4,24.2,,73.0,,,51.9,25.9,,10.0,,,37.6,JuryManagement2ndQtr11-12.pdf,Oct-Dec,,reported
St. Johns,2011,4,16.6,,10.0,,,38.6,25.9,,10.0,,,37.6,JuryManagement2ndQtr11-12.pdf,Oct-Dec,,reported
St. Lucie,2011,4,35.9,,38.0,,,43.7,25.9,,10.0,,,37.6,JuryManagement2ndQtr11-12.pdf,Oct-Dec,,reported
Sumter,2011,4,34.1,,9.0,,,28.2,25.9,,10.0,,,37.6,JuryManagement2ndQtr11-12.pdf,Oct-Dec,,reported
Suwannee,2011,4,10.0,,3.0,,,42.0,25.9,,10.0,,,37.6,JuryManagement2ndQtr11-12.pdf,Oct-Dec,,reported
Taylor,2011,4,28.0,,1.0,,,100.0,25.9,,10.0,,,37.6,JuryManagement2ndQtr11-12.pdf,Oct-Dec,,reported
Union,2011,4,0.0,,0.0,,,0.0,25.9,,10.0,,,37.6,JuryManagement2ndQtr11-12.pdf,Oct-Dec,,reported
Volusia,2011,4,22.9,,38.0,,,45.9,25.9,,10.0,,,37.6,JuryManagement2ndQtr11-12.pdf,Oct-Dec,,reported
Wakulla,2011,4,36.6,,9.0,,,54.2,25.9,,10.0,,,37.6,JuryManagement2ndQtr11-12.pdf,Oct-Dec,,reported
Walton,2011,4,23.4,,5.0,,,28.8,25.9,,10.0,,,37.6,JuryManagement2ndQtr11-12.pdf,Oct-Dec,,reported
Washington,2011,4,0.0,,0.0,,,34.0,25.9,,10.0,,,37.6,JuryManagement2ndQtr11-12.pdf,Oct-Dec,,reported
Alachua,2012,1,29.5,,50.0,,,44.9,26.0,,10.0,,,41.1,JuryManagement1stQtr12-13.pdf,Jan-Mar,,reported
Baker,2012,1,11.4,,7.0,,,45.1,26.0,,10.0,,,41.1,JuryManagement1stQtr12-13.pdf,Jan-Mar,,reported
Bay,2012,1,7.6,,17.0,,,45.3,26.0,,10.0,,,41.1,JuryManagement1stQtr12-13.pdf,Jan-Mar,,reported
Bradford,2012,1,7.0,,3.0,,,46.8,26.0,,10.0,,,41.1,JuryManagement1stQtr12-13.pdf,Jan-Mar,,reported
Brevard,2012,1,38.6,,76.0,,,47.3,26.0,,10.0,,,41.1,JuryManagement1stQtr12-13.pdf,Jan-Mar,,reported
Broward,2012,1,29.6,,259.0,,,40.4,26.0,,10.0,,,41.1,JuryManagement1stQtr12-13.pdf,Jan-Mar,,reported
Calhoun,2012,1,0.0,,0.0,,,0.0,26.0,,10.0,,,41.1,JuryManagement1stQtr12-13.pdf,Jan-Mar,,reported
Charlotte,2012,1,31.2,,18.0,,,64.0,26.0,,10.0,,,41.1,JuryManagement1stQtr12-13.pdf,Jan-Mar,,reported
Citrus,2012,1,20.5,,19.0,,,41.3,26.0,,10.0,,,41.1,JuryManagement1stQtr12-13.pdf,Jan-Mar,,reported
Clay,2012,1,25.3,,10.0,,,41.5,26.0,,10.0,,,41.1,JuryManagement1stQtr12-13.pdf,Jan-Mar,,reported
Collier,2012,1,18.9,,27.0,,,61.6,26.0,,10.0,,,41.1,JuryManagement1stQtr12-13.pdf,Jan-Mar,,reported
Columbia,2012,1,46.0,,6.0,,,38.9,26.0,,10.0,,,41.1,JuryManagement1stQtr12-13.pdf,Jan-Mar,,reported
DeSoto,2012,1,23.3,,4.0,,,71.9,26.0,,10.0,,,41.1,JuryManagement1stQtr12-13.pdf,Jan-Mar,,reported
Dixie,2012,1,0.0,,0.0,,,0.0,26.0,,10.0,,,41.1,JuryManagement1stQtr12-13.pdf,Jan-Mar,,reported
Duval,2012,1,44.8,,106.0,,,34.9,26.0,,10.0,,,41.1,JuryManagement1stQtr12-13.pdf,Jan-Mar,,reported
Escambia,2012,1,27.0,,99.0,,,24.7,26.0,,10.0,,,41.1,JuryManagement1stQtr12-13.pdf,Jan-Mar,,reported
Flagler,2012,1,19.1,,11.0,,,39.9,26.0,,10.0,,,41.1,JuryManagement1stQtr12-13.pdf,Jan-Mar,,reported
Franklin,2012,1,23.5,,2.0,,,24.3,26.0,,10.0,,,41.1,JuryManagement1stQtr12-13.pdf,Jan-Mar,,reported
Gadsden,2012,1,31.1,,9.0,,,46.2,26.0,,10.0,,,41.1,JuryManagement1stQtr12-13.pdf,Jan-Mar,,reported
Gilchrist,2012,1,0.0,,0.0,,,0.0,26.0,,10.0,,,41.1,JuryManagement1stQtr12-13.pdf,Jan-Mar,,reported
Glades,2012,1,19.3,,3.0,,,18.9,26.0,,10.0,,,41.1,JuryManagement1stQtr12-13.pdf,Jan-Mar,,reported
Gulf,2012,1,0.0,,0.0,,,64.7,26.0,,10.0,,,41.1,JuryManagement1stQtr12-13.pdf,Jan-Mar,,reported
Hamilton,2012,1,60.5,,2.0,,,22.0,26.0,,10.0,,,41.1,JuryManagement1stQtr12-13.pdf,Jan-Mar,,reported
Hardee,2012,1,7.0,,1.0,,,39.7,26.0,,10.0,,,41.1,JuryManagement1stQtr12-13.pdf,Jan-Mar,,reported
Hendry,2012,1,27.4,,8.0,,,77.8,26.0,,10.0,,,41.1,JuryManagement1stQtr12-13.pdf,Jan-Mar,,reported
Hernando,2012,1,35.1,,12.0,,,54.2,26.0,,10.0,,,41.1,JuryManagement1stQtr12-13.pdf,Jan-Mar,,reported
Highlands,2012,1,33.0,,6.0,,,16.0,26.0,,10.0,,,41.1,JuryManagement1stQtr12-13.pdf,Jan-Mar,,reported
Hillsborough,2012,1,27.1,,168.0,,,24.6,26.0,,10.0,,,41.1,JuryManagement1stQtr12-13.pdf,Jan-Mar,,reported
Holmes,2012,1,36.0,,1.0,,,36.0,26.0,,10.0,,,41.1,JuryManagement1stQtr12-13.pdf,Jan-Mar,,reported
Indian River,2012,1,32.0,,25.0,,,58.6,26.0,,10.0,,,41.1,JuryManagement1stQtr12-13.pdf,Jan-Mar,,reported
Jackson,2012,1,10.0,,4.0,,,31.3,26.0,,10.0,,,41.1,JuryManagement1stQtr12-13.pdf,Jan-Mar,,reported
Jefferson,2012,1,3.5,,2.0,,,42.7,26.0,,10.0,,,41.1,JuryManagement1stQtr12-13.pdf,Jan-Mar,,reported
Lafayette,2012,1,0.0,,0.0,,,36.7,26.0,,10.0,,,41.1,JuryManagement1stQtr12-13.pdf,Jan-Mar,,reported
Lake,2012,1,25.7,,18.0,,,41.8,26.0,,10.0,,,41.1,JuryManagement1stQtr12-13.pdf,Jan-Mar,,reported
Lee,2012,1,29.5,,85.0,,,54.3,26.0,,10.0,,,41.1,JuryManagement1stQtr12-13.pdf,Jan-Mar,,reported
Leon,2012,1,26.0,,96.0,,,42.5,26.0,,10.0,,,41.1,JuryManagement1stQtr12-13.pdf,Jan-Mar,,reported
Levy,2012,1,64.3,,3.0,,,32.7,26.0,,10.0,,,41.1,JuryManagement1stQtr12-13.pdf,Jan-Mar,,reported
Liberty,2012,1,26.0,,2.0,,,35.7,26.0,,10.0,,,41.1,JuryManagement1stQtr12-13.pdf,Jan-Mar,,reported
Madison,2012,1,7.0,,1.0,,,39.0,26.0,,10.0,,,41.1,JuryManagement1stQtr12-13.pdf,Jan-Mar,,reported
Manatee,2012,1,29.8,,62.0,,,45.1,26.0,,10.0,,,41.1,JuryManagement1stQtr12-13.pdf,Jan-Mar,,reported
Marion,2012,1,21.7,,57.0,,,38.0,26.0,,10.0,,,41.1,JuryManagement1stQtr12-13.pdf,Jan-Mar,,reported
Martin,2012,1,51.3,,11.0,,,42.4,26.0,,10.0,,,41.1,JuryManagement1stQtr12-13.pdf,Jan-Mar,,reported
Miami-Dade,2012,1,39.3,,266.0,,,36.5,26.0,,10.0,,,41.1,JuryManagement1stQtr12-13.pdf,Jan-Mar,,reported
Monroe,2012,1,26.1,,21.0,,,45.2,26.0,,10.0,,,41.1,JuryManagement1stQtr12-13.pdf,Jan-Mar,,reported
Nassau,2012,1,28.7,,3.0,,,45.5,26.0,,10.0,,,41.1,JuryManagement1stQtr12-13.pdf,Jan-Mar,,reported
Okaloosa,2012,1,24.2,,17.0,,,55.5,26.0,,10.0,,,41.1,JuryManagement1stQtr12-13.pdf,Jan-Mar,,reported
Okeechobee,2012,1,45.9,,10.0,,,29.9,26.0,,10.0,,,41.1,JuryManagement1stQtr12-13.pdf,Jan-Mar,,reported
Orange,2012,1,26.7,,292.0,,,49.0,26.0,,10.0,,,41.1,JuryManagement1stQtr12-13.pdf,Jan-Mar,,reported
Osceola,2012,1,22.6,,99.0,,,41.0,26.0,,10.0,,,41.1,JuryManagement1stQtr12-13.pdf,Jan-Mar,,reported
Palm Beach,2012,1,31.6,,179.0,,,32.6,26.0,,10.0,,,41.1,JuryManagement1stQtr12-13.pdf,Jan-Mar,,reported
Pasco,2012,1,30.5,,39.0,,,41.9,26.0,,10.0,,,41.1,JuryManagement1stQtr12-13.pdf,Jan-Mar,,reported
Pinellas,2012,1,27.4,,147.0,,,46.7,26.0,,10.0,,,41.1,JuryManagement1stQtr12-13.pdf,Jan-Mar,,reported
Polk,2012,1,31.4,,99.0,,,39.3,26.0,,10.0,,,41.1,JuryManagement1stQtr12-13.pdf,Jan-Mar,,reported
Putnam,2012,1,22.6,,10.0,,,28.8,26.0,,10.0,,,41.1,JuryManagement1stQtr12-13.pdf,Jan-Mar,,reported
Santa Rosa,2012,1,7.3,,14.0,,,35.6,26.0,,10.0,,,41.1,JuryManagement1stQtr12-13.pdf,Jan-Mar,,reported
Sarasota,2012,1,31.8,,57.0,,,34.6,26.0,,10.0,,,41.1,JuryManagement1stQtr12-13.pdf,Jan-Mar,,reported
Seminole,2012,1,22.9,,65.0,,,54.7,26.0,,10.0,,,41.1,JuryManagement1stQtr12-13.pdf,Jan-Mar,,reported
St. Johns,2012,1,17.2,,10.0,,,50.4,26.0,,10.0,,,41.1,JuryManagement1stQtr12-13.pdf,Jan-Mar,,reported
St. Lucie,2012,1,33.8,,38.0,,,45.7,26.0,,10.0,,,41.1,JuryManagement1stQtr12-13.pdf,Jan-Mar,,reported
Sumter,2012,1,17.6,,5.0,,,34.9,26.0,,10.0,,,41.1,JuryManagement1stQtr12-13.pdf,Jan-Mar,,reported
Suwannee,2012,1,9.3,,3.0,,,41.1,26.0,,10.0,,,41.1,JuryManagement1stQtr12-13.pdf,Jan-Mar,,reported
Taylor,2012,1,26.0,,1.0,,,100.0,26.0,,10.0,,,41.1,JuryManagement1stQtr12-13.pdf,Jan-Mar,,reported
Union,2012,1,0.0,,0.0,,,38.8,26.0,,10.0,,,41.1,JuryManagement1stQtr12-13.pdf,Jan-Mar,,reported
Volusia,2012,1,22.3,,59.0,,,45.7,26.0,,10.0,,,41.1,JuryManagement1stQtr12-13.pdf,Jan-Mar,,reported
Wakulla,2012,1,42.9,,9.0,,,57.0,26.0,,10.0,,,41.1,JuryManagement1stQtr12-13.pdf,Jan-Mar,,reported
Walton,2012,1,13.5,,4.0,,,32.3,26.0,,10.0,,,41.1,JuryManagement1stQtr12-13.pdf,Jan-Mar,,reported
Washington,2012,1,7.0,,1.0,,,27.3,26.0,,10.0,,,41.1,JuryManagement1stQtr12-13.pdf,Jan-Mar,,reported
Alachua,2012,2,31.4,,33.0,,,39.9,25.4,,10.0,,,40.2,JuryManagement1stQtr12-13.pdf,Apr-Jun,,reported
Baker,2012,2,10.7,,9.0,,,42.4,25.4,,10.0,,,40.2,JuryManagement1stQtr12-13.pdf,Apr-Jun,,reported
Bay,2012,2,7.4,,23.0,,,42.6,25.4,,10.0,,,40.2,JuryManagement1stQtr12-13.pdf,Apr-Jun,,reported
Bradford,2012,2,7.0,,1.0,,,47.2,25.4,,10.0,,,40.2,JuryManagement1stQtr12-13.pdf,Apr-Jun,,reported
Brevard,2012,2,33.9,,75.0,,,47.1,25.4,,10.0,,,40.2,JuryManagement1stQtr12-13.pdf,Apr-Jun,,reported
Broward,2012,2,42.8,,183.0,,,39.2,25.4,,10.0,,,40.2,JuryManagement1stQtr12-13.pdf,Apr-Jun,,reported
Calhoun,2012,2,0.0,,0.0,,,56.6,25.4,,10.0,,,40.2,JuryManagement1stQtr12-13.pdf,Apr-Jun,,reported
Charlotte,2012,2,29.8,,20.0,,,63.2,25.4,,10.0,,,40.2,JuryManagement1stQtr12-13.pdf,Apr-Jun,,reported
Citrus,2012,2,26.7,,6.0,,,47.9,25.4,,10.0,,,40.2,JuryManagement1stQtr12-13.pdf,Apr-Jun,,reported
Clay,2012,2,24.9,,7.0,,,42.0,25.4,,10.0,,,40.2,JuryManagement1stQtr12-13.pdf,Apr-Jun,,reported
Collier,2012,2,21.0,,25.0,,,67.8,25.4,,10.0,,,40.2,JuryManagement1stQtr12-13.pdf,Apr-Jun,,reported
Columbia,2012,2,28.3,,13.0,,,48.8,25.4,,10.0,,,40.2,JuryManagement1stQtr12-13.pdf,Apr-Jun,,reported
DeSoto,2012,2,29.0,,2.0,,,20.9,25.4,,10.0,,,40.2,JuryManagement1stQtr12-13.pdf,Apr-Jun,,reported
Dixie,2012,2,36.0,,2.0,,,21.8,25.4,,10.0,,,40.2,JuryManagement1stQtr12-13.pdf,Apr-Jun,,reported
Duval,2012,2,44.6,,81.0,,,31.1,25.4,,10.0,,,40.2,JuryManagement1stQtr12-13.pdf,Apr-Jun,,reported
Escambia,2012,2,24.3,,81.0,,,23.3,25.4,,10.0,,,40.2,JuryManagement1stQtr12-13.pdf,Apr-Jun,,reported
Flagler,2012,2,15.2,,6.0,,,28.8,25.4,,10.0,,,40.2,JuryManagement1stQtr12-13.pdf,Apr-Jun,,reported
Franklin,2012,2,21.3,,3.0,,,33.3,25.4,,10.0,,,40.2,JuryManagement1stQtr12-13.pdf,Apr-Jun,,reported
Gadsden,2012,2,29.1,,15.0,,,48.8,25.4,,10.0,,,40.2,JuryManagement1stQtr12-13.pdf,Apr-Jun,,reported
Gilchrist,2012,2,0.0,,0.0,,,0.0,25.4,,10.0,,,40.2,JuryManagement1stQtr12-13.pdf,Apr-Jun,,reported
Glades,2012,2,26.5,,4.0,,,76.6,25.4,,10.0,,,40.2,JuryManagement1stQtr12-13.pdf,Apr-Jun,,reported
Gulf,2012,2,0.0,,0.0,,,0.0,25.4,,10.0,,,40.2,JuryManagement1stQtr12-13.pdf,Apr-Jun,,reported
Hamilton,2012,2,0.0,,0.0,,,0.0,25.4,,10.0,,,40.2,JuryManagement1stQtr12-13.pdf,Apr-Jun,,reported
Hardee,2012,2,7.0,,4.0,,,65.7,25.4,,10.0,,,40.2,JuryManagement1stQtr12-13.pdf,Apr-Jun,,reported
Hendry,2012,2,31.0,,5.0,,,80.7,25.4,,10.0,,,40.2,JuryManagement1stQtr12-13.pdf,Apr-Jun,,reported
Hernando,2012,2,32.0,,18.0,,,55.2,25.4,,10.0,,,40.2,JuryManagement1stQtr12-13.pdf,Apr-Jun,,reported
Highlands,2012,2,16.0,,8.0,,,15.9,25.4,,10.0,,,40.2,JuryManagement1stQtr12-13.pdf,Apr-Jun,,reported
Hillsborough,2012,2,29.8,,171.0,,,24.9,25.4,,10.0,,,40.2,JuryManagement1stQtr12-13.pdf,Apr-Jun,,reported
Holmes,2012,2,21.0,,1.0,,,23.1,25.4,,10.0,,,40.2,JuryManagement1stQtr12-13.pdf,Apr-Jun,,reported
Indian River,2012,2,32.2,,19.0,,,55.0,25.4,,10.0,,,40.2,JuryManagement1stQtr12-13.pdf,Apr-Jun,,reported
Jackson,2012,2,6.8,,6.0,,,46.4,25.4,,10.0,,,40.2,JuryManagement1stQtr12-13.pdf,Apr-Jun,,reported
Jefferson,2012,2,7.5,,2.0,,,39.4,25.4,,10.0,,,40.2,JuryManagement1stQtr12-13.pdf,Apr-Jun,,reported
Lafayette,2012,2,0.0,,0.0,,,36.3,25.4,,10.0,,,40.2,JuryManagement1stQtr12-13.pdf,Apr-Jun,,reported
Lake,2012,2,22.7,,29.0,,,35.5,25.4,,10.0,,,40.2,JuryManagement1stQtr12-13.pdf,Apr-Jun,,reported
Lee,2012,2,29.6,,63.0,,,54.1,25.4,,10.0,,,40.2,JuryManagement1stQtr12-13.pdf,Apr-Jun,,reported
Leon,2012,2,27.8,,91.0,,,42.9,25.4,,10.0,,,40.2,JuryManagement1stQtr12-13.pdf,Apr-Jun,,reported
Levy,2012,2,25.5,,6.0,,,34.5,25.4,,10.0,,,40.2,JuryManagement1stQtr12-13.pdf,Apr-Jun,,reported
Liberty,2012,2,21.0,,1.0,,,28.0,25.4,,10.0,,,40.2,JuryManagement1stQtr12-13.pdf,Apr-Jun,,reported
Madison,2012,2,7.0,,2.0,,,42.7,25.4,,10.0,,,40.2,JuryManagement1stQtr12-13.pdf,Apr-Jun,,reported
Manatee,2012,2,28.8,,50.0,,,43.0,25.4,,10.0,,,40.2,JuryManagement1stQtr12-13.pdf,Apr-Jun,,reported
Marion,2012,2,27.1,,47.0,,,37.7,25.4,,10.0,,,40.2,JuryManagement1stQtr12-13.pdf,Apr-Jun,,reported
Martin,2012,2,36.2,,10.0,,,37.1,25.4,,10.0,,,40.2,JuryManagement1stQtr12-13.pdf,Apr-Jun,,reported
Miami-Dade,2012,2,42.2,,244.0,,,38.6,25.4,,10.0,,,40.2,JuryManagement1stQtr12-13.pdf,Apr-Jun,,reported
Monroe,2012,2,23.0,,24.0,,,30.6,25.4,,10.0,,,40.2,JuryManagement1stQtr12-13.pdf,Apr-Jun,,reported
Nassau,2012,2,21.6,,5.0,,,43.5,25.4,,10.0,,,40.2,JuryManagement1stQtr12-13.pdf,Apr-Jun,,reported
Okaloosa,2012,2,21.2,,17.0,,,51.4,25.4,,10.0,,,40.2,JuryManagement1stQtr12-13.pdf,Apr-Jun,,reported
Okeechobee,2012,2,42.5,,4.0,,,22.5,25.4,,10.0,,,40.2,JuryManagement1stQtr12-13.pdf,Apr-Jun,,reported
Orange,2012,2,25.9,,272.0,,,46.3,25.4,,10.0,,,40.2,JuryManagement1stQtr12-13.pdf,Apr-Jun,,reported
Osceola,2012,2,21.6,,88.0,,,40.2,25.4,,10.0,,,40.2,JuryManagement1stQtr12-13.pdf,Apr-Jun,,reported
Palm Beach,2012,2,30.3,,186.0,,,32.6,25.4,,10.0,,,40.2,JuryManagement1stQtr12-13.pdf,Apr-Jun,,reported
Pasco,2012,2,29.0,,43.0,,,39.1,25.4,,10.0,,,40.2,JuryManagement1stQtr12-13.pdf,Apr-Jun,,reported
Pinellas,2012,2,26.9,,123.0,,,44.9,25.4,,10.0,,,40.2,JuryManagement1stQtr12-13.pdf,Apr-Jun,,reported
Polk,2012,2,32.7,,100.0,,,39.9,25.4,,10.0,,,40.2,JuryManagement1stQtr12-13.pdf,Apr-Jun,,reported
Putnam,2012,2,20.4,,12.0,,,29.5,25.4,,10.0,,,40.2,JuryManagement1stQtr12-13.pdf,Apr-Jun,,reported
Santa Rosa,2012,2,13.3,,21.0,,,36.6,25.4,,10.0,,,40.2,JuryManagement1stQtr12-13.pdf,Apr-Jun,,reported
Sarasota,2012,2,31.0,,30.0,,,35.5,25.4,,10.0,,,40.2,JuryManagement1stQtr12-13.pdf,Apr-Jun,,reported
Seminole,2012,2,25.4,,75.0,,,55.1,25.4,,10.0,,,40.2,JuryManagement1stQtr12-13.pdf,Apr-Jun,,reported
St. Johns,2012,2,19.1,,8.0,,,40.3,25.4,,10.0,,,40.2,JuryManagement1stQtr12-13.pdf,Apr-Jun,,reported
St. Lucie,2012,2,43.6,,29.0,,,44.3,25.4,,10.0,,,40.2,JuryManagement1stQtr12-13.pdf,Apr-Jun,,reported
Sumter,2012,2,45.0,,1.0,,,30.0,25.4,,10.0,,,40.2,JuryManagement1stQtr12-13.pdf,Apr-Jun,,reported
Suwannee,2012,2,7.0,,4.0,,,46.9,25.4,,10.0,,,40.2,JuryManagement1stQtr12-13.pdf,Apr-Jun,,reported
Taylor,2012,2,27.0,,1.0,,,100.0,25.4,,10.0,,,40.2,JuryManagement1stQtr12-13.pdf,Apr-Jun,,reported
Union,2012,2,25.0,,1.0,,,31.3,25.4,,10.0,,,40.2,JuryManagement1stQtr12-13.pdf,Apr-Jun,,reported
Volusia,2012,2,22.8,,48.0,,,44.6,25.4,,10.0,,,40.2,JuryManagement1stQtr12-13.pdf,Apr-Jun,,reported
Wakulla,2012,2,31.0,,8.0,,,58.5,25.4,,10.0,,,40.2,JuryManagement1stQtr12-13.pdf,Apr-Jun,,reported
Walton,2012,2,16.8,,10.0,,,40.3,25.4,,10.0,,,40.2,JuryManagement1stQtr12-13.pdf,Apr-Jun,,reported
Washington,2012,2,7.0,,1.0,,,32.7,25.4,,10.0,,,40.2,JuryManagement1stQtr12-13.pdf,Apr-Jun,,reported
Alachua,2012,3,30.6,,36.0,,,38.6,24.6,,9.0,,,37.5,JuryManagement1stQtr12-13.pdf,Jul-Sep,,reported
Baker,2012,3,31.5,,2.0,,,42.6,24.6,,9.0,,,37.5,JuryManagement1stQtr12-13.pdf,Jul-Sep,osca_note_missing_month_august_2012,reported_partial_quarter
Bay,2012,3,7.3,,13.0,,,44.5,24.6,,9.0,,,37.5,JuryManagement1stQtr12-13.pdf,Jul-Sep,,reported
Bradford,2012,3,25.5,,4.0,,,34.0,24.6,,9.0,,,37.5,JuryManagement1stQtr12-13.pdf,Jul-Sep,,reported
Brevard,2012,3,35.0,,59.0,,,45.4,24.6,,9.0,,,37.5,JuryManagement1stQtr12-13.pdf,Jul-Sep,,reported
Broward,2012,3,30.4,,173.0,,,40.4,24.6,,9.0,,,37.5,JuryManagement1stQtr12-13.pdf,Jul-Sep,,reported
Calhoun,2012,3,29.5,,2.0,,,44.3,24.6,,9.0,,,37.5,JuryManagement1stQtr12-13.pdf,Jul-Sep,,reported
Charlotte,2012,3,29.5,,30.0,,,61.4,24.6,,9.0,,,37.5,JuryManagement1stQtr12-13.pdf,Jul-Sep,,reported
Citrus,2012,3,20.4,,9.0,,,54.6,24.6,,9.0,,,37.5,JuryManagement1stQtr12-13.pdf,Jul-Sep,,reported
Clay,2012,3,29.2,,9.0,,,45.1,24.6,,9.0,,,37.5,JuryManagement1stQtr12-13.pdf,Jul-Sep,,reported
Collier,2012,3,20.1,,16.0,,,62.2,24.6,,9.0,,,37.5,JuryManagement1stQtr12-13.pdf,Jul-Sep,,reported
Columbia,2012,3,32.3,,8.0,,,58.9,24.6,,9.0,,,37.5,JuryManagement1stQtr12-13.pdf,Jul-Sep,,reported
DeSoto,2012,3,0.0,,0.0,,,0.0,24.6,,9.0,,,37.5,JuryManagement1stQtr12-13.pdf,Jul-Sep,,reported
Dixie,2012,3,0.0,,0.0,,,0.0,24.6,,9.0,,,37.5,JuryManagement1stQtr12-13.pdf,Jul-Sep,,reported
Duval,2012,3,43.3,,123.0,,,32.8,24.6,,9.0,,,37.5,JuryManagement1stQtr12-13.pdf,Jul-Sep,,reported
Escambia,2012,3,23.7,,85.0,,,24.3,24.6,,9.0,,,37.5,JuryManagement1stQtr12-13.pdf,Jul-Sep,aps_placeholder_corrected_from_later_edition,reported
Flagler,2012,3,13.2,,10.0,,,35.7,24.6,,9.0,,,37.5,JuryManagement1stQtr12-13.pdf,Jul-Sep,,reported
Franklin,2012,3,28.0,,1.0,,,25.6,24.6,,9.0,,,37.5,JuryManagement1stQtr12-13.pdf,Jul-Sep,,reported
Gadsden,2012,3,24.3,,6.0,,,62.0,24.6,,9.0,,,37.5,JuryManagement1stQtr12-13.pdf,Jul-Sep,,reported
Gilchrist,2012,3,0.0,,0.0,,,0.0,24.6,,9.0,,,37.5,JuryManagement1stQtr12-13.pdf,Jul-Sep,,reported
Glades,2012,3,0.0,,0.0,,,0.0,24.6,,9.0,,,37.5,JuryManagement1stQtr12-13.pdf,Jul-Sep,,reported
Gulf,2012,3,36.0,,1.0,,,36.4,24.6,,9.0,,,37.5,JuryManagement1stQtr12-13.pdf,Jul-Sep,,reported
Hamilton,2012,3,0.0,,0.0,,,0.0,24.6,,9.0,,,37.5,JuryManagement1stQtr12-13.pdf,Jul-Sep,,reported
Hardee,2012,3,7.0,,4.0,,,61.1,24.6,,9.0,,,37.5,JuryManagement1stQtr12-13.pdf,Jul-Sep,,reported
Hendry,2012,3,26.1,,12.0,,,83.7,24.6,,9.0,,,37.5,JuryManagement1stQtr12-13.pdf,Jul-Sep,osca_note_missing_month_june_2012,reported_partial_quarter
Hernando,2012,3,33.6,,9.0,,,54.8,24.6,,9.0,,,37.5,JuryManagement1stQtr12-13.pdf,Jul-Sep,,reported
Highlands,2012,3,20.2,,9.0,,,16.0,24.6,,9.0,,,37.5,JuryManagement1stQtr12-13.pdf,Jul-Sep,,reported
Hillsborough,2012,3,29.7,,151.0,,,23.6,24.6,,9.0,,,37.5,JuryManagement1stQtr12-13.pdf,Jul-Sep,,reported
Holmes,2012,3,0.0,,0.0,,,0.0,24.6,,9.0,,,37.5,JuryManagement1stQtr12-13.pdf,Jul-Sep,,reported
Indian River,2012,3,31.0,,23.0,,,54.9,24.6,,9.0,,,37.5,JuryManagement1stQtr12-13.pdf,Jul-Sep,,reported
Jackson,2012,3,7.0,,2.0,,,42.5,24.6,,9.0,,,37.5,JuryManagement1stQtr12-13.pdf,Jul-Sep,,reported
Jefferson,2012,3,7.0,,2.0,,,37.3,24.6,,9.0,,,37.5,JuryManagement1stQtr12-13.pdf,Jul-Sep,,reported
Lafayette,2012,3,14.0,,1.0,,,33.3,24.6,,9.0,,,37.5,JuryManagement1stQtr12-13.pdf,Jul-Sep,,reported
Lake,2012,3,24.6,,29.0,,,34.3,24.6,,9.0,,,37.5,JuryManagement1stQtr12-13.pdf,Jul-Sep,,reported
Lee,2012,3,30.1,,54.0,,,50.6,24.6,,9.0,,,37.5,JuryManagement1stQtr12-13.pdf,Jul-Sep,,reported
Leon,2012,3,25.7,,76.0,,,41.5,24.6,,9.0,,,37.5,JuryManagement1stQtr12-13.pdf,Jul-Sep,,reported
Levy,2012,3,31.0,,3.0,,,34.2,24.6,,9.0,,,37.5,JuryManagement1stQtr12-13.pdf,Jul-Sep,,reported
Liberty,2012,3,22.5,,2.0,,,32.6,24.6,,9.0,,,37.5,JuryManagement1stQtr12-13.pdf,Jul-Sep,,reported
Madison,2012,3,0.0,,0.0,,,0.0,24.6,,9.0,,,37.5,JuryManagement1stQtr12-13.pdf,Jul-Sep,,reported
Manatee,2012,3,34.5,,39.0,,,41.4,24.6,,9.0,,,37.5,JuryManagement1stQtr12-13.pdf,Jul-Sep,,reported
Marion,2012,3,20.7,,86.0,,,37.5,24.6,,9.0,,,37.5,JuryManagement1stQtr12-13.pdf,Jul-Sep,,reported
Martin,2012,3,45.7,,10.0,,,32.1,24.6,,9.0,,,37.5,JuryManagement1stQtr12-13.pdf,Jul-Sep,,reported
Miami-Dade,2012,3,43.1,,206.0,,,36.3,24.6,,9.0,,,37.5,JuryManagement1stQtr12-13.pdf,Jul-Sep,,reported
Monroe,2012,3,30.3,,23.0,,,27.5,24.6,,9.0,,,37.5,JuryManagement1stQtr12-13.pdf,Jul-Sep,,reported
Nassau,2012,3,21.6,,7.0,,,41.1,24.6,,9.0,,,37.5,JuryManagement1stQtr12-13.pdf,Jul-Sep,,reported
Okaloosa,2012,3,30.6,,18.0,,,49.8,24.6,,9.0,,,37.5,JuryManagement1stQtr12-13.pdf,Jul-Sep,,reported
Okeechobee,2012,3,17.0,,8.0,,,25.4,24.6,,9.0,,,37.5,JuryManagement1stQtr12-13.pdf,Jul-Sep,,reported
Orange,2012,3,26.6,,228.0,,,48.2,24.6,,9.0,,,37.5,JuryManagement1stQtr12-13.pdf,Jul-Sep,,reported
Osceola,2012,3,22.9,,75.0,,,40.4,24.6,,9.0,,,37.5,JuryManagement1stQtr12-13.pdf,Jul-Sep,,reported
Palm Beach,2012,3,31.9,,176.0,,,31.7,24.6,,9.0,,,37.5,JuryManagement1stQtr12-13.pdf,Jul-Sep,,reported
Pasco,2012,3,27.6,,40.0,,,41.5,24.6,,9.0,,,37.5,JuryManagement1stQtr12-13.pdf,Jul-Sep,,reported
Pinellas,2012,3,27.4,,94.0,,,43.5,24.6,,9.0,,,37.5,JuryManagement1stQtr12-13.pdf,Jul-Sep,,reported
Polk,2012,3,32.1,,98.0,,,36.2,24.6,,9.0,,,37.5,JuryManagement1stQtr12-13.pdf,Jul-Sep,,reported
Putnam,2012,3,19.2,,6.0,,,33.0,24.6,,9.0,,,37.5,JuryManagement1stQtr12-13.pdf,Jul-Sep,,reported
Santa Rosa,2012,3,6.4,,9.0,,,38.6,24.6,,9.0,,,37.5,JuryManagement1stQtr12-13.pdf,Jul-Sep,,reported
Sarasota,2012,3,33.9,,41.0,,,33.7,24.6,,9.0,,,37.5,JuryManagement1stQtr12-13.pdf,Jul-Sep,,reported
Seminole,2012,3,24.6,,40.0,,,48.9,24.6,,9.0,,,37.5,JuryManagement1stQtr12-13.pdf,Jul-Sep,,reported
St. Johns,2012,3,18.7,,14.0,,,41.0,24.6,,9.0,,,37.5,JuryManagement1stQtr12-13.pdf,Jul-Sep,,reported
St. Lucie,2012,3,37.1,,26.0,,,46.0,24.6,,9.0,,,37.5,JuryManagement1stQtr12-13.pdf,Jul-Sep,,reported
Sumter,2012,3,30.3,,3.0,,,23.4,24.6,,9.0,,,37.5,JuryManagement1stQtr12-13.pdf,Jul-Sep,,reported
Suwannee,2012,3,7.2,,10.0,,,40.8,24.6,,9.0,,,37.5,JuryManagement1stQtr12-13.pdf,Jul-Sep,,reported
Taylor,2012,3,0.0,,0.0,,,28.9,24.6,,9.0,,,37.5,JuryManagement1stQtr12-13.pdf,Jul-Sep,,reported
Union,2012,3,0.0,,0.0,,,30.0,24.6,,9.0,,,37.5,JuryManagement1stQtr12-13.pdf,Jul-Sep,,reported
Volusia,2012,3,22.1,,39.0,,,41.7,24.6,,9.0,,,37.5,JuryManagement1stQtr12-13.pdf,Jul-Sep,,reported
Wakulla,2012,3,37.1,,7.0,,,59.5,24.6,,9.0,,,37.5,JuryManagement1stQtr12-13.pdf,Jul-Sep,,reported
Walton,2012,3,18.9,,7.0,,,22.9,24.6,,9.0,,,37.5,JuryManagement1stQtr12-13.pdf,Jul-Sep,,reported
Washington,2012,3,6.7,,3.0,,,35.1,24.6,,9.0,,,37.5,JuryManagement1stQtr12-13.pdf,Jul-Sep,,reported
Alachua,2012,4,28.9,,42.0,,,37.5,25.0,,12.0,,,38.4,JuryManagement4thQtr12-13.pdf,Oct-Dec,,reported
Baker,2012,4,16.7,,3.0,,,43.2,25.0,,12.0,,,38.4,JuryManagement4thQtr12-13.pdf,Oct-Dec,,reported
Bay,2012,4,7.2,,14.0,,,42.9,25.0,,12.0,,,38.4,JuryManagement4thQtr12-13.pdf,Oct-Dec,,reported
Bradford,2012,4,0.0,,0.0,,,54.7,25.0,,12.0,,,38.4,JuryManagement4thQtr12-13.pdf,Oct-Dec,,reported
Brevard,2012,4,36.2,,66.0,,,45.2,25.0,,12.0,,,38.4,JuryManagement4thQtr12-13.pdf,Oct-Dec,,reported
Broward,2012,4,30.3,,176.0,,,40.3,25.0,,12.0,,,38.4,JuryManagement4thQtr12-13.pdf,Oct-Dec,,reported
Calhoun,2012,4,20.7,,3.0,,,38.0,25.0,,12.0,,,38.4,JuryManagement4thQtr12-13.pdf,Oct-Dec,,reported
Charlotte,2012,4,31.5,,16.0,,,67.6,25.0,,12.0,,,38.4,JuryManagement4thQtr12-13.pdf,Oct-Dec,,reported
Citrus,2012,4,21.5,,8.0,,,63.4,25.0,,12.0,,,38.4,JuryManagement4thQtr12-13.pdf,Oct-Dec,,reported
Clay,2012,4,26.8,,6.0,,,40.8,25.0,,12.0,,,38.4,JuryManagement4thQtr12-13.pdf,Oct-Dec,,reported
Collier,2012,4,20.6,,29.0,,,63.9,25.0,,12.0,,,38.4,JuryManagement4thQtr12-13.pdf,Oct-Dec,,reported
Columbia,2012,4,34.2,,5.0,,,31.7,25.0,,12.0,,,38.4,JuryManagement4thQtr12-13.pdf,Oct-Dec,,reported
DeSoto,2012,4,0.0,,0.0,,,0.0,25.0,,12.0,,,38.4,JuryManagement4thQtr12-13.pdf,Oct-Dec,,reported
Dixie,2012,4,18.5,,2.0,,,18.8,25.0,,12.0,,,38.4,JuryManagement4thQtr12-13.pdf,Oct-Dec,,reported
Duval,2012,4,42.6,,113.0,,,34.6,25.0,,12.0,,,38.4,JuryManagement4thQtr12-13.pdf,Oct-Dec,,reported
Escambia,2012,4,21.1,,101.0,,,22.5,25.0,,12.0,,,38.4,JuryManagement4thQtr12-13.pdf,Oct-Dec,,reported
Flagler,2012,4,21.5,,13.0,,,33.3,25.0,,12.0,,,38.4,JuryManagement4thQtr12-13.pdf,Oct-Dec,,reported
Franklin,2012,4,29.5,,2.0,,,38.0,25.0,,12.0,,,38.4,JuryManagement4thQtr12-13.pdf,Oct-Dec,,reported
Gadsden,2012,4,27.5,,10.0,,,45.7,25.0,,12.0,,,38.4,JuryManagement4thQtr12-13.pdf,Oct-Dec,,reported
Gilchrist,2012,4,0.0,,0.0,,,0.0,25.0,,12.0,,,38.4,JuryManagement4thQtr12-13.pdf,Oct-Dec,,reported
Glades,2012,4,25.0,,1.0,,,17.3,25.0,,12.0,,,38.4,JuryManagement4thQtr12-13.pdf,Oct-Dec,,reported
Gulf,2012,4,6.0,,1.0,,,64.0,25.0,,12.0,,,38.4,JuryManagement4thQtr12-13.pdf,Oct-Dec,,reported
Hamilton,2012,4,21.0,,1.0,,,21.0,25.0,,12.0,,,38.4,JuryManagement4thQtr12-13.pdf,Oct-Dec,,reported
Hardee,2012,4,7.0,,1.0,,,51.0,25.0,,12.0,,,38.4,JuryManagement4thQtr12-13.pdf,Oct-Dec,,reported
Hendry,2012,4,38.9,,9.0,,,62.8,25.0,,12.0,,,38.4,JuryManagement4thQtr12-13.pdf,Oct-Dec,,reported
Hernando,2012,4,30.5,,14.0,,,60.2,25.0,,12.0,,,38.4,JuryManagement4thQtr12-13.pdf,Oct-Dec,,reported
Highlands,2012,4,16.4,,12.0,,,22.1,25.0,,12.0,,,38.4,JuryManagement4thQtr12-13.pdf,Oct-Dec,,reported
Hillsborough,2012,4,31.3,,174.0,,,23.9,25.0,,12.0,,,38.4,JuryManagement4thQtr12-13.pdf,Oct-Dec,,reported
Holmes,2012,4,21.0,,1.0,,,13.7,25.0,,12.0,,,38.4,JuryManagement4thQtr12-13.pdf,Oct-Dec,,reported
Indian River,2012,4,33.4,,21.0,,,58.1,25.0,,12.0,,,38.4,JuryManagement4thQtr12-13.pdf,Oct-Dec,,reported
Jackson,2012,4,7.0,,1.0,,,33.3,25.0,,12.0,,,38.4,JuryManagement4thQtr12-13.pdf,Oct-Dec,,reported
Jefferson,2012,4,0.0,,0.0,,,0.0,25.0,,12.0,,,38.4,JuryManagement4thQtr12-13.pdf,Oct-Dec,,reported
Lafayette,2012,4,0.0,,0.0,,,0.0,25.0,,12.0,,,38.4,JuryManagement4thQtr12-13.pdf,Oct-Dec,,reported
Lake,2012,4,22.7,,35.0,,,38.4,25.0,,12.0,,,38.4,JuryManagement4thQtr12-13.pdf,Oct-Dec,,reported
Lee,2012,4,41.6,,56.0,,,54.2,25.0,,12.0,,,38.4,JuryManagement4thQtr12-13.pdf,Oct-Dec,,reported
Leon,2012,4,27.0,,74.0,,,38.6,25.0,,12.0,,,38.4,JuryManagement4thQtr12-13.pdf,Oct-Dec,,reported
Levy,2012,4,52.7,,3.0,,,36.0,25.0,,12.0,,,38.4,JuryManagement4thQtr12-13.pdf,Oct-Dec,,reported
Liberty,2012,4,30.5,,2.0,,,37.7,25.0,,12.0,,,38.4,JuryManagement4thQtr12-13.pdf,Oct-Dec,,reported
Madison,2012,4,0.0,,0.0,,,43.8,25.0,,12.0,,,38.4,JuryManagement4thQtr12-13.pdf,Oct-Dec,,reported
Manatee,2012,4,30.3,,46.0,,,46.6,25.0,,12.0,,,38.4,JuryManagement4thQtr12-13.pdf,Oct-Dec,,reported
Marion,2012,4,19.8,,55.0,,,36.3,25.0,,12.0,,,38.4,JuryManagement4thQtr12-13.pdf,Oct-Dec,,reported
Martin,2012,4,50.0,,15.0,,,44.4,25.0,,12.0,,,38.4,JuryManagement4thQtr12-13.pdf,Oct-Dec,,reported
Miami-Dade,2012,4,43.7,,224.0,,,35.1,25.0,,12.0,,,38.4,JuryManagement4thQtr12-13.pdf,Oct-Dec,,reported
Monroe,2012,4,21.5,,15.0,,,23.6,25.0,,12.0,,,38.4,JuryManagement4thQtr12-13.pdf,Oct-Dec,,reported
Nassau,2012,4,25.6,,5.0,,,39.7,25.0,,12.0,,,38.4,JuryManagement4thQtr12-13.pdf,Oct-Dec,,reported
Okaloosa,2012,4,32.2,,13.0,,,51.6,25.0,,12.0,,,38.4,JuryManagement4thQtr12-13.pdf,Oct-Dec,,reported
Okeechobee,2012,4,31.2,,10.0,,,33.2,25.0,,12.0,,,38.4,JuryManagement4thQtr12-13.pdf,Oct-Dec,,reported
Orange,2012,4,26.4,,222.0,,,47.4,25.0,,12.0,,,38.4,JuryManagement4thQtr12-13.pdf,Oct-Dec,,reported
Osceola,2012,4,23.3,,59.0,,,39.0,25.0,,12.0,,,38.4,JuryManagement4thQtr12-13.pdf,Oct-Dec,,reported
Palm Beach,2012,4,28.6,,197.0,,,32.1,25.0,,12.0,,,38.4,JuryManagement4thQtr12-13.pdf,Oct-Dec,,reported
Pasco,2012,4,26.8,,34.0,,,39.7,25.0,,12.0,,,38.4,JuryManagement4thQtr12-13.pdf,Oct-Dec,,reported
Pinellas,2012,4,28.5,,108.0,,,44.1,25.0,,12.0,,,38.4,JuryManagement4thQtr12-13.pdf,Oct-Dec,,reported
Polk,2012,4,33.8,,102.0,,,39.1,25.0,,12.0,,,38.4,JuryManagement4thQtr12-13.pdf,Oct-Dec,,reported
Putnam,2012,4,22.0,,14.0,,,32.8,25.0,,12.0,,,38.4,JuryManagement4thQtr12-13.pdf,Oct-Dec,,reported
Santa Rosa,2012,4,7.5,,18.0,,,36.9,25.0,,12.0,,,38.4,JuryManagement4thQtr12-13.pdf,Oct-Dec,,reported
Sarasota,2012,4,33.4,,40.0,,,32.6,25.0,,12.0,,,38.4,JuryManagement4thQtr12-13.pdf,Oct-Dec,,reported
Seminole,2012,4,25.2,,49.0,,,43.0,25.0,,12.0,,,38.4,JuryManagement4thQtr12-13.pdf,Oct-Dec,,reported
St. Johns,2012,4,9.8,,9.0,,,43.3,25.0,,12.0,,,38.4,JuryManagement4thQtr12-13.pdf,Oct-Dec,,reported
St. Lucie,2012,4,30.5,,32.0,,,43.4,25.0,,12.0,,,38.4,JuryManagement4thQtr12-13.pdf,Oct-Dec,,reported
Sumter,2012,4,22.3,,4.0,,,32.9,25.0,,12.0,,,38.4,JuryManagement4thQtr12-13.pdf,Oct-Dec,,reported
Suwannee,2012,4,7.0,,4.0,,,38.0,25.0,,12.0,,,38.4,JuryManagement4thQtr12-13.pdf,Oct-Dec,,reported
Taylor,2012,4,20.0,,1.0,,,100.0,25.0,,12.0,,,38.4,JuryManagement4thQtr12-13.pdf,Oct-Dec,,reported
Union,2012,4,28.0,,2.0,,,35.0,25.0,,12.0,,,38.4,JuryManagement4thQtr12-13.pdf,Oct-Dec,,reported
Volusia,2012,4,23.5,,51.0,,,44.4,25.0,,12.0,,,38.4,JuryManagement4thQtr12-13.pdf,Oct-Dec,,reported
Wakulla,2012,4,29.7,,7.0,,,62.8,25.0,,12.0,,,38.4,JuryManagement4thQtr12-13.pdf,Oct-Dec,,reported
Walton,2012,4,15.1,,7.0,,,30.6,25.0,,12.0,,,38.4,JuryManagement4thQtr12-13.pdf,Oct-Dec,,reported
Washington,2012,4,6.0,,1.0,,,33.5,25.0,,12.0,,,38.4,JuryManagement4thQtr12-13.pdf,Oct-Dec,,reported
Alachua,2013,1,30.5,,40.0,,,44.6,24.6,,11.0,,,40.2,JuryManagement4thQtr12-13.pdf,Jan-Mar,,reported
Baker,2013,1,10.4,,8.0,,,45.0,24.6,,11.0,,,40.2,JuryManagement4thQtr12-13.pdf,Jan-Mar,,reported
Bay,2013,1,7.1,,29.0,,,40.9,24.6,,11.0,,,40.2,JuryManagement4thQtr12-13.pdf,Jan-Mar,,reported
Bradford,2013,1,65.0,,3.0,,,40.6,24.6,,11.0,,,40.2,JuryManagement4thQtr12-13.pdf,Jan-Mar,,reported
Brevard,2013,1,33.6,,67.0,,,47.0,24.6,,11.0,,,40.2,JuryManagement4thQtr12-13.pdf,Jan-Mar,,reported
Broward,2013,1,30.2,,186.0,,,39.5,24.6,,11.0,,,40.2,JuryManagement4thQtr12-13.pdf,Jan-Mar,,reported
Calhoun,2013,1,0.0,,0.0,,,0.0,24.6,,11.0,,,40.2,JuryManagement4thQtr12-13.pdf,Jan-Mar,,reported
Charlotte,2013,1,32.3,,26.0,,,63.8,24.6,,11.0,,,40.2,JuryManagement4thQtr12-13.pdf,Jan-Mar,,reported
Citrus,2013,1,27.3,,11.0,,,48.9,24.6,,11.0,,,40.2,JuryManagement4thQtr12-13.pdf,Jan-Mar,,reported
Clay,2013,1,28.4,,8.0,,,45.3,24.6,,11.0,,,40.2,JuryManagement4thQtr12-13.pdf,Jan-Mar,,reported
Collier,2013,1,23.6,,24.0,,,59.4,24.6,,11.0,,,40.2,JuryManagement4thQtr12-13.pdf,Jan-Mar,,reported
Columbia,2013,1,52.2,,5.0,,,45.3,24.6,,11.0,,,40.2,JuryManagement4thQtr12-13.pdf,Jan-Mar,,reported
DeSoto,2013,1,30.0,,1.0,,,18.3,24.6,,11.0,,,40.2,JuryManagement4thQtr12-13.pdf,Jan-Mar,,reported
Dixie,2013,1,24.0,,1.0,,,22.0,24.6,,11.0,,,40.2,JuryManagement4thQtr12-13.pdf,Jan-Mar,,reported
Duval,2013,1,36.9,,126.0,,,31.8,24.6,,11.0,,,40.2,JuryManagement4thQtr12-13.pdf,Jan-Mar,,reported
Escambia,2013,1,23.3,,85.0,,,23.5,24.6,,11.0,,,40.2,JuryManagement4thQtr12-13.pdf,Jan-Mar,,reported
Flagler,2013,1,14.3,,7.0,,,28.6,24.6,,11.0,,,40.2,JuryManagement4thQtr12-13.pdf,Jan-Mar,,reported
Franklin,2013,1,23.3,,4.0,,,30.0,24.6,,11.0,,,40.2,JuryManagement4thQtr12-13.pdf,Jan-Mar,,reported
Gadsden,2013,1,21.1,,12.0,,,41.9,24.6,,11.0,,,40.2,JuryManagement4thQtr12-13.pdf,Jan-Mar,,reported
Gilchrist,2013,1,7.0,,1.0,,,31.4,24.6,,11.0,,,40.2,JuryManagement4thQtr12-13.pdf,Jan-Mar,,reported
Glades,2013,1,28.3,,3.0,,,34.4,24.6,,11.0,,,40.2,JuryManagement4thQtr12-13.pdf,Jan-Mar,,reported
Gulf,2013,1,7.0,,1.0,,,37.3,24.6,,11.0,,,40.2,JuryManagement4thQtr12-13.pdf,Jan-Mar,,reported
Hamilton,2013,1,7.0,,1.0,,,4.7,24.6,,11.0,,,40.2,JuryManagement4thQtr12-13.pdf,Jan-Mar,,reported
Hardee,2013,1,11.8,,5.0,,,36.7,24.6,,11.0,,,40.2,JuryManagement4thQtr12-13.pdf,Jan-Mar,,reported
Hendry,2013,1,33.0,,7.0,,,56.0,24.6,,11.0,,,40.2,JuryManagement4thQtr12-13.pdf,Jan-Mar,,reported
Hernando,2013,1,46.6,,9.0,,,50.1,24.6,,11.0,,,40.2,JuryManagement4thQtr12-13.pdf,Jan-Mar,,reported
Highlands,2013,1,19.2,,12.0,,,22.1,24.6,,11.0,,,40.2,JuryManagement4thQtr12-13.pdf,Jan-Mar,,reported
Hillsborough,2013,1,29.9,,194.0,,,23.6,24.6,,11.0,,,40.2,JuryManagement4thQtr12-13.pdf,Jan-Mar,,reported
Holmes,2013,1,18.0,,2.0,,,24.7,24.6,,11.0,,,40.2,JuryManagement4thQtr12-13.pdf,Jan-Mar,,reported
Indian River,2013,1,24.8,,25.0,,,54.8,24.6,,11.0,,,40.2,JuryManagement4thQtr12-13.pdf,Jan-Mar,,reported
Jackson,2013,1,0.0,,0.0,,,0.0,24.6,,11.0,,,40.2,JuryManagement4thQtr12-13.pdf,Jan-Mar,,reported
Jefferson,2013,1,7.0,,1.0,,,41.3,24.6,,11.0,,,40.2,JuryManagement4thQtr12-13.pdf,Jan-Mar,,reported
Lafayette,2013,1,0.0,,0.0,,,0.0,24.6,,11.0,,,40.2,JuryManagement4thQtr12-13.pdf,Jan-Mar,,reported
Lake,2013,1,21.2,,26.0,,,41.7,24.6,,11.0,,,40.2,JuryManagement4thQtr12-13.pdf,Jan-Mar,,reported
Lee,2013,1,28.5,,51.0,,,56.4,24.6,,11.0,,,40.2,JuryManagement4thQtr12-13.pdf,Jan-Mar,,reported
Leon,2013,1,24.9,,82.0,,,41.8,24.6,,11.0,,,40.2,JuryManagement4thQtr12-13.pdf,Jan-Mar,,reported
Levy,2013,1,41.3,,3.0,,,38.1,24.6,,11.0,,,40.2,JuryManagement4thQtr12-13.pdf,Jan-Mar,,reported
Liberty,2013,1,21.0,,2.0,,,39.3,24.6,,11.0,,,40.2,JuryManagement4thQtr12-13.pdf,Jan-Mar,,reported
Madison,2013,1,8.0,,1.0,,,46.9,24.6,,11.0,,,40.2,JuryManagement4thQtr12-13.pdf,Jan-Mar,,reported
Manatee,2013,1,32.3,,34.0,,,45.8,24.6,,11.0,,,40.2,JuryManagement4thQtr12-13.pdf,Jan-Mar,,reported
Marion,2013,1,24.6,,47.0,,,38.9,24.6,,11.0,,,40.2,JuryManagement4thQtr12-13.pdf,Jan-Mar,,reported
Martin,2013,1,48.2,,24.0,,,35.0,24.6,,11.0,,,40.2,JuryManagement4thQtr12-13.pdf,Jan-Mar,,reported
Miami-Dade,2013,1,41.2,,222.0,,,36.6,24.6,,11.0,,,40.2,JuryManagement4thQtr12-13.pdf,Jan-Mar,,reported
Monroe,2013,1,20.3,,21.0,,,25.9,24.6,,11.0,,,40.2,JuryManagement4thQtr12-13.pdf,Jan-Mar,,reported
Nassau,2013,1,24.3,,4.0,,,45.3,24.6,,11.0,,,40.2,JuryManagement4thQtr12-13.pdf,Jan-Mar,,reported
Okaloosa,2013,1,28.8,,17.0,,,54.4,24.6,,11.0,,,40.2,JuryManagement4thQtr12-13.pdf,Jan-Mar,,reported
Okeechobee,2013,1,19.3,,10.0,,,29.6,24.6,,11.0,,,40.2,JuryManagement4thQtr12-13.pdf,Jan-Mar,,reported
Orange,2013,1,29.3,,186.0,,,48.1,24.6,,11.0,,,40.2,JuryManagement4thQtr12-13.pdf,Jan-Mar,,reported
Osceola,2013,1,24.9,,40.0,,,40.2,24.6,,11.0,,,40.2,JuryManagement4thQtr12-13.pdf,Jan-Mar,,reported
Palm Beach,2013,1,29.3,,206.0,,,33.0,24.6,,11.0,,,40.2,JuryManagement4thQtr12-13.pdf,Jan-Mar,,reported
Pasco,2013,1,28.1,,41.0,,,41.4,24.6,,11.0,,,40.2,JuryManagement4thQtr12-13.pdf,Jan-Mar,,reported
Pinellas,2013,1,29.8,,129.0,,,45.8,24.6,,11.0,,,40.2,JuryManagement4thQtr12-13.pdf,Jan-Mar,,reported
Polk,2013,1,30.3,,124.0,,,37.1,24.6,,11.0,,,40.2,JuryManagement4thQtr12-13.pdf,Jan-Mar,,reported
Putnam,2013,1,23.3,,6.0,,,30.4,24.6,,11.0,,,40.2,JuryManagement4thQtr12-13.pdf,Jan-Mar,,reported
Santa Rosa,2013,1,7.2,,18.0,,,40.5,24.6,,11.0,,,40.2,JuryManagement4thQtr12-13.pdf,Jan-Mar,,reported
Sarasota,2013,1,31.9,,54.0,,,34.7,24.6,,11.0,,,40.2,JuryManagement4thQtr12-13.pdf,Jan-Mar,,reported
Seminole,2013,1,29.7,,42.0,,,59.0,24.6,,11.0,,,40.2,JuryManagement4thQtr12-13.pdf,Jan-Mar,,reported
St. Johns,2013,1,16.3,,12.0,,,45.7,24.6,,11.0,,,40.2,JuryManagement4thQtr12-13.pdf,Jan-Mar,,reported
St. Lucie,2013,1,36.5,,30.0,,,47.8,24.6,,11.0,,,40.2,JuryManagement4thQtr12-13.pdf,Jan-Mar,,reported
Sumter,2013,1,15.8,,5.0,,,34.1,24.6,,11.0,,,40.2,JuryManagement4thQtr12-13.pdf,Jan-Mar,,reported
Suwannee,2013,1,7.0,,2.0,,,55.2,24.6,,11.0,,,40.2,JuryManagement4thQtr12-13.pdf,Jan-Mar,,reported
Taylor,2013,1,22.0,,4.0,,,54.5,24.6,,11.0,,,40.2,JuryManagement4thQtr12-13.pdf,Jan-Mar,,reported
Union,2013,1,0.0,,0.0,,,36.0,24.6,,11.0,,,40.2,JuryManagement4thQtr12-13.pdf,Jan-Mar,,reported
Volusia,2013,1,21.4,,54.0,,,46.1,24.6,,11.0,,,40.2,JuryManagement4thQtr12-13.pdf,Jan-Mar,,reported
Wakulla,2013,1,37.5,,4.0,,,60.0,24.6,,11.0,,,40.2,JuryManagement4thQtr12-13.pdf,Jan-Mar,,reported
Walton,2013,1,27.7,,9.0,,,29.6,24.6,,11.0,,,40.2,JuryManagement4thQtr12-13.pdf,Jan-Mar,,reported
Washington,2013,1,7.0,,4.0,,,38.5,24.6,,11.0,,,40.2,JuryManagement4thQtr12-13.pdf,Jan-Mar,,reported
Alachua,2013,2,28.7,,54.0,,,38.4,26.4,,13.0,,,38.4,JuryManagement4thQtr12-13.pdf,Apr-Jun,,reported
Baker,2013,2,3.5,,2.0,,,21.9,26.4,,13.0,,,38.4,JuryManagement4thQtr12-13.pdf,Apr-Jun,,reported
Bay,2013,2,7.2,,10.0,,,43.5,26.4,,13.0,,,38.4,JuryManagement4thQtr12-13.pdf,Apr-Jun,,reported
Bradford,2013,2,43.0,,2.0,,,40.0,26.4,,13.0,,,38.4,JuryManagement4thQtr12-13.pdf,Apr-Jun,,reported
Brevard,2013,2,48.2,,60.0,,,44.6,26.4,,13.0,,,38.4,JuryManagement4thQtr12-13.pdf,Apr-Jun,,reported
Broward,2013,2,30.8,,214.0,,,39.0,26.4,,13.0,,,38.4,JuryManagement4thQtr12-13.pdf,Apr-Jun,,reported
Calhoun,2013,2,0.0,,0.0,,,0.0,26.4,,13.0,,,38.4,JuryManagement4thQtr12-13.pdf,Apr-Jun,,reported
Charlotte,2013,2,31.4,,34.0,,,59.4,26.4,,13.0,,,38.4,JuryManagement4thQtr12-13.pdf,Apr-Jun,,reported
Citrus,2013,2,23.6,,15.0,,,39.2,26.4,,13.0,,,38.4,JuryManagement4thQtr12-13.pdf,Apr-Jun,,reported
Clay,2013,2,30.6,,7.0,,,47.9,26.4,,13.0,,,38.4,JuryManagement4thQtr12-13.pdf,Apr-Jun,,reported
Collier,2013,2,20.5,,29.0,,,62.9,26.4,,13.0,,,38.4,JuryManagement4thQtr12-13.pdf,Apr-Jun,,reported
Columbia,2013,2,56.1,,7.0,,,27.5,26.4,,13.0,,,38.4,JuryManagement4thQtr12-13.pdf,Apr-Jun,,reported
DeSoto,2013,2,30.5,,4.0,,,19.0,26.4,,13.0,,,38.4,JuryManagement4thQtr12-13.pdf,Apr-Jun,,reported
Dixie,2013,2,34.0,,1.0,,,15.6,26.4,,13.0,,,38.4,JuryManagement4thQtr12-13.pdf,Apr-Jun,,reported
Duval,2013,2,48.6,,106.0,,,32.8,26.4,,13.0,,,38.4,JuryManagement4thQtr12-13.pdf,Apr-Jun,,reported
Escambia,2013,2,25.9,,115.0,,,21.8,26.4,,13.0,,,38.4,JuryManagement4thQtr12-13.pdf,Apr-Jun,aps_placeholder_uncorrected_in_source,reported
Flagler,2013,2,20.5,,8.0,,,30.6,26.4,,13.0,,,38.4,JuryManagement4thQtr12-13.pdf,Apr-Jun,,reported
Franklin,2013,2,21.0,,2.0,,,26.7,26.4,,13.0,,,38.4,JuryManagement4thQtr12-13.pdf,Apr-Jun,,reported
Gadsden,2013,2,21.0,,16.0,,,45.5,26.4,,13.0,,,38.4,JuryManagement4thQtr12-13.pdf,Apr-Jun,,reported
Gilchrist,2013,2,0.0,,0.0,,,0.0,26.4,,13.0,,,38.4,JuryManagement4thQtr12-13.pdf,Apr-Jun,,reported
Glades,2013,2,20.0,,1.0,,,29.1,26.4,,13.0,,,38.4,JuryManagement4thQtr12-13.pdf,Apr-Jun,,reported
Gulf,2013,2,0.0,,0.0,,,0.0,26.4,,13.0,,,38.4,JuryManagement4thQtr12-13.pdf,Apr-Jun,,reported
Hamilton,2013,2,23.8,,4.0,,,14.3,26.4,,13.0,,,38.4,JuryManagement4thQtr12-13.pdf,Apr-Jun,,reported
Hardee,2013,2,22.0,,4.0,,,33.7,26.4,,13.0,,,38.4,JuryManagement4thQtr12-13.pdf,Apr-Jun,,reported
Hendry,2013,2,34.3,,15.0,,,80.3,26.4,,13.0,,,38.4,JuryManagement4thQtr12-13.pdf,Apr-Jun,,reported
Hernando,2013,2,33.6,,16.0,,,49.3,26.4,,13.0,,,38.4,JuryManagement4thQtr12-13.pdf,Apr-Jun,,reported
Highlands,2013,2,23.6,,7.0,,,16.7,26.4,,13.0,,,38.4,JuryManagement4thQtr12-13.pdf,Apr-Jun,,reported
Hillsborough,2013,2,28.8,,188.0,,,23.7,26.4,,13.0,,,38.4,JuryManagement4thQtr12-13.pdf,Apr-Jun,,reported
Holmes,2013,2,0.0,,0.0,,,29.3,26.4,,13.0,,,38.4,JuryManagement4thQtr12-13.pdf,Apr-Jun,,reported
Indian River,2013,2,27.2,,30.0,,,55.7,26.4,,13.0,,,38.4,JuryManagement4thQtr12-13.pdf,Apr-Jun,,reported
Jackson,2013,2,0.0,,0.0,,,0.0,26.4,,13.0,,,38.4,JuryManagement4thQtr12-13.pdf,Apr-Jun,,reported
Jefferson,2013,2,7.0,,1.0,,,36.7,26.4,,13.0,,,38.4,JuryManagement4thQtr12-13.pdf,Apr-Jun,,reported
Lafayette,2013,2,14.0,,1.0,,,42.5,26.4,,13.0,,,38.4,JuryManagement4thQtr12-13.pdf,Apr-Jun,,reported
Lake,2013,2,23.9,,25.0,,,39.5,26.4,,13.0,,,38.4,JuryManagement4thQtr12-13.pdf,Apr-Jun,,reported
Lee,2013,2,29.8,,52.0,,,53.6,26.4,,13.0,,,38.4,JuryManagement4thQtr12-13.pdf,Apr-Jun,,reported
Leon,2013,2,26.8,,86.0,,,42.4,26.4,,13.0,,,38.4,JuryManagement4thQtr12-13.pdf,Apr-Jun,,reported
Levy,2013,2,6.5,,2.0,,,38.6,26.4,,13.0,,,38.4,JuryManagement4thQtr12-13.pdf,Apr-Jun,,reported
Liberty,2013,2,37.0,,1.0,,,34.6,26.4,,13.0,,,38.4,JuryManagement4thQtr12-13.pdf,Apr-Jun,,reported
Madison,2013,2,8.0,,2.0,,,37.0,26.4,,13.0,,,38.4,JuryManagement4thQtr12-13.pdf,Apr-Jun,,reported
Manatee,2013,2,32.8,,33.0,,,44.0,26.4,,13.0,,,38.4,JuryManagement4thQtr12-13.pdf,Apr-Jun,,reported
Marion,2013,2,26.4,,48.0,,,38.8,26.4,,13.0,,,38.4,JuryManagement4thQtr12-13.pdf,Apr-Jun,,reported
Martin,2013,2,51.1,,17.0,,,35.6,26.4,,13.0,,,38.4,JuryManagement4thQtr12-13.pdf,Apr-Jun,,reported
Miami-Dade,2013,2,39.7,,250.0,,,37.2,26.4,,13.0,,,38.4,JuryManagement4thQtr12-13.pdf,Apr-Jun,,reported
Monroe,2013,2,31.8,,25.0,,,27.5,26.4,,13.0,,,38.4,JuryManagement4thQtr12-13.pdf,Apr-Jun,,reported
Nassau,2013,2,23.6,,5.0,,,39.4,26.4,,13.0,,,38.4,JuryManagement4thQtr12-13.pdf,Apr-Jun,,reported
Okaloosa,2013,2,29.5,,10.0,,,50.6,26.4,,13.0,,,38.4,JuryManagement4thQtr12-13.pdf,Apr-Jun,,reported
Okeechobee,2013,2,29.1,,14.0,,,25.6,26.4,,13.0,,,38.4,JuryManagement4thQtr12-13.pdf,Apr-Jun,,reported
Orange,2013,2,29.8,,176.0,,,47.2,26.4,,13.0,,,38.4,JuryManagement4thQtr12-13.pdf,Apr-Jun,,reported
Osceola,2013,2,29.6,,41.0,,,41.4,26.4,,13.0,,,38.4,JuryManagement4thQtr12-13.pdf,Apr-Jun,,reported
Palm Beach,2013,2,36.8,,162.0,,,33.3,26.4,,13.0,,,38.4,JuryManagement4thQtr12-13.pdf,Apr-Jun,,reported
Pasco,2013,2,31.6,,49.0,,,41.0,26.4,,13.0,,,38.4,JuryManagement4thQtr12-13.pdf,Apr-Jun,,reported
Pinellas,2013,2,28.5,,130.0,,,44.4,26.4,,13.0,,,38.4,JuryManagement4thQtr12-13.pdf,Apr-Jun,,reported
Polk,2013,2,33.0,,146.0,,,38.6,26.4,,13.0,,,38.4,JuryManagement4thQtr12-13.pdf,Apr-Jun,,reported
Putnam,2013,2,22.5,,13.0,,,32.0,26.4,,13.0,,,38.4,JuryManagement4thQtr12-13.pdf,Apr-Jun,,reported
Santa Rosa,2013,2,10.7,,23.0,,,34.8,26.4,,13.0,,,38.4,JuryManagement4thQtr12-13.pdf,Apr-Jun,,reported
Sarasota,2013,2,36.7,,29.0,,,31.6,26.4,,13.0,,,38.4,JuryManagement4thQtr12-13.pdf,Apr-Jun,,reported
Seminole,2013,2,30.9,,39.0,,,60.6,26.4,,13.0,,,38.4,JuryManagement4thQtr12-13.pdf,Apr-Jun,,reported
St. Johns,2013,2,11.5,,12.0,,,45.7,26.4,,13.0,,,38.4,JuryManagement4thQtr12-13.pdf,Apr-Jun,,reported
St. Lucie,2013,2,30.6,,48.0,,,53.4,26.4,,13.0,,,38.4,JuryManagement4thQtr12-13.pdf,Apr-Jun,,reported
Sumter,2013,2,14.0,,4.0,,,29.0,26.4,,13.0,,,38.4,JuryManagement4thQtr12-13.pdf,Apr-Jun,,reported
Suwannee,2013,2,7.5,,2.0,,,42.1,26.4,,13.0,,,38.4,JuryManagement4thQtr12-13.pdf,Apr-Jun,,reported
Taylor,2013,2,0.0,,0.0,,,0.0,26.4,,13.0,,,38.4,JuryManagement4thQtr12-13.pdf,Apr-Jun,,reported
Union,2013,2,18.0,,2.0,,,55.0,26.4,,13.0,,,38.4,JuryManagement4thQtr12-13.pdf,Apr-Jun,,reported
Volusia,2013,2,24.2,,54.0,,,42.6,26.4,,13.0,,,38.4,JuryManagement4thQtr12-13.pdf,Apr-Jun,,reported
Wakulla,2013,2,7.0,,8.0,,,56.0,26.4,,13.0,,,38.4,JuryManagement4thQtr12-13.pdf,Apr-Jun,,reported
Walton,2013,2,23.3,,6.0,,,30.4,26.4,,13.0,,,38.4,JuryManagement4thQtr12-13.pdf,Apr-Jun,,reported
Washington,2013,2,0.0,,0.0,,,37.0,26.4,,13.0,,,38.4,JuryManagement4thQtr12-13.pdf,Apr-Jun,,reported
Alachua,2013,3,23.8,35.7,53.0,26.4,90.2,40.7,24.2,57.0,12.0,48.3,48.5,38.6,JuryManagementQtrEnding6-30-14.pdf,Jul-Sep,,reported
Baker,2013,3,0.0,0.0,0.0,0.0,0.0,27.6,24.2,57.0,12.0,48.3,48.5,38.6,JuryManagementQtrEnding6-30-14.pdf,Jul-Sep,,reported
Bay,2013,3,17.4,64.6,18.0,56.6,30.8,44.9,24.2,57.0,12.0,48.3,48.5,38.6,JuryManagementQtrEnding6-30-14.pdf,Jul-Sep,,reported
Bradford,2013,3,52.0,110.0,1.0,102.0,51.0,40.4,24.2,57.0,12.0,48.3,48.5,38.6,JuryManagementQtrEnding6-30-14.pdf,Jul-Sep,,reported
Brevard,2013,3,48.8,100.5,65.0,80.8,60.3,43.9,24.2,57.0,12.0,48.3,48.5,38.6,JuryManagementQtrEnding6-30-14.pdf,Jul-Sep,,reported
Broward,2013,3,34.0,82.2,195.0,66.5,51.0,39.5,24.2,57.0,12.0,48.3,48.5,38.6,JuryManagementQtrEnding6-30-14.pdf,Jul-Sep,,reported
Calhoun,2013,3,0.0,0.0,0.0,0.0,0.0,0.0,24.2,57.0,12.0,48.3,48.5,38.6,JuryManagementQtrEnding6-30-14.pdf,Jul-Sep,,reported_all_zero
Charlotte,2013,3,36.8,57.5,22.0,48.3,76.2,59.3,24.2,57.0,12.0,48.3,48.5,38.6,JuryManagementQtrEnding6-30-14.pdf,Jul-Sep,,reported
Citrus,2013,3,26.2,57.0,13.0,45.2,58.1,42.1,24.2,57.0,12.0,48.3,48.5,38.6,JuryManagementQtrEnding6-30-14.pdf,Jul-Sep,,reported
Clay,2013,3,25.8,89.5,10.0,79.8,32.3,39.0,24.2,57.0,12.0,48.3,48.5,38.6,JuryManagementQtrEnding6-30-14.pdf,Jul-Sep,,reported
Collier,2013,3,20.6,98.2,18.0,91.7,22.5,56.9,24.2,57.0,12.0,48.3,48.5,38.6,JuryManagementQtrEnding6-30-14.pdf,Jul-Sep,,reported
Columbia,2013,3,36.0,36.0,6.0,36.0,100.0,45.7,24.2,57.0,12.0,48.3,48.5,38.6,JuryManagementQtrEnding6-30-14.pdf,Jul-Sep,,reported
DeSoto,2013,3,56.0,92.5,2.0,76.5,73.2,18.0,24.2,57.0,12.0,48.3,48.5,38.6,JuryManagementQtrEnding6-30-14.pdf,Jul-Sep,,reported
Dixie,2013,3,0.0,0.0,0.0,0.0,0.0,0.0,24.2,57.0,12.0,48.3,48.5,38.6,JuryManagementQtrEnding6-30-14.pdf,Jul-Sep,,reported_all_zero
Duval,2013,3,42.9,57.8,110.0,44.4,96.6,28.8,24.2,57.0,12.0,48.3,48.5,38.6,JuryManagementQtrEnding6-30-14.pdf,Jul-Sep,,reported
Escambia,2013,3,22.5,37.5,112.0,29.5,76.5,23.2,24.2,57.0,12.0,48.3,48.5,38.6,JuryManagementQtrEnding6-30-14.pdf,Jul-Sep,,reported
Flagler,2013,3,18.4,43.1,8.0,39.1,47.0,32.1,24.2,57.0,12.0,48.3,48.5,38.6,JuryManagementQtrEnding6-30-14.pdf,Jul-Sep,,reported
Franklin,2013,3,0.0,0.0,0.0,0.0,0.0,0.0,24.2,57.0,12.0,48.3,48.5,38.6,JuryManagementQtrEnding6-30-14.pdf,Jul-Sep,,reported_all_zero
Gadsden,2013,3,18.0,39.2,22.0,31.5,56.9,35.1,24.2,57.0,12.0,48.3,48.5,38.6,JuryManagementQtrEnding6-30-14.pdf,Jul-Sep,,reported
Gilchrist,2013,3,22.0,94.0,1.0,70.0,31.4,35.0,24.2,57.0,12.0,48.3,48.5,38.6,JuryManagementQtrEnding6-30-14.pdf,Jul-Sep,,reported
Glades,2013,3,19.0,136.5,2.0,72.5,26.2,23.8,24.2,57.0,12.0,48.3,48.5,38.6,JuryManagementQtrEnding6-30-14.pdf,Jul-Sep,,reported
Gulf,2013,3,0.0,0.0,0.0,0.0,0.0,53.3,24.2,57.0,12.0,48.3,48.5,38.6,JuryManagementQtrEnding6-30-14.pdf,Jul-Sep,,reported
Hamilton,2013,3,0.0,0.0,0.0,0.0,0.0,0.0,24.2,57.0,12.0,48.3,48.5,38.6,JuryManagementQtrEnding6-30-14.pdf,Jul-Sep,,reported_all_zero
Hardee,2013,3,14.0,138.0,1.0,132.0,10.6,39.8,24.2,57.0,12.0,48.3,48.5,38.6,JuryManagementQtrEnding6-30-14.pdf,Jul-Sep,,reported
Hendry,2013,3,36.1,56.1,13.0,56.1,64.3,83.6,24.2,57.0,12.0,48.3,48.5,38.6,JuryManagementQtrEnding6-30-14.pdf,Jul-Sep,,reported
Hernando,2013,3,37.6,103.3,11.0,66.4,56.7,55.4,24.2,57.0,12.0,48.3,48.5,38.6,JuryManagementQtrEnding6-30-14.pdf,Jul-Sep,,reported
Highlands,2013,3,17.3,24.0,12.0,15.9,108.9,16.6,24.2,57.0,12.0,48.3,48.5,38.6,JuryManagementQtrEnding6-30-14.pdf,Jul-Sep,percent_to_voir_dire_gt_100_reported; ,reported
Hillsborough,2013,3,28.9,52.2,158.0,38.6,74.9,23.1,24.2,57.0,12.0,48.3,48.5,38.6,JuryManagementQtrEnding6-30-14.pdf,Jul-Sep,,reported
Holmes,2013,3,14.0,55.0,1.0,55.0,25.5,18.3,24.2,57.0,12.0,48.3,48.5,38.6,JuryManagementQtrEnding6-30-14.pdf,Jul-Sep,,reported
Indian River,2013,3,25.6,55.7,25.0,34.9,73.3,54.1,24.2,57.0,12.0,48.3,48.5,38.6,JuryManagementQtrEnding6-30-14.pdf,Jul-Sep,,reported
Jackson,2013,3,6.8,26.3,4.0,21.0,32.1,42.0,24.2,57.0,12.0,48.3,48.5,38.6,JuryManagementQtrEnding6-30-14.pdf,Jul-Sep,,reported
Jefferson,2013,3,7.0,58.4,5.0,54.2,12.9,40.1,24.2,57.0,12.0,48.3,48.5,38.6,JuryManagementQtrEnding6-30-14.pdf,Jul-Sep,,reported
Lafayette,2013,3,0.0,0.0,0.0,0.0,0.0,42.5,24.2,57.0,12.0,48.3,48.5,38.6,JuryManagementQtrEnding6-30-14.pdf,Jul-Sep,,reported
Lake,2013,3,24.2,51.5,20.0,35.0,69.2,39.4,24.2,57.0,12.0,48.3,48.5,38.6,JuryManagementQtrEnding6-30-14.pdf,Jul-Sep,,reported
Lee,2013,3,32.4,91.4,59.0,81.9,39.5,49.3,24.2,57.0,12.0,48.3,48.5,38.6,JuryManagementQtrEnding6-30-14.pdf,Jul-Sep,,reported
Leon,2013,3,25.0,44.7,78.0,36.5,68.4,41.2,24.2,57.0,12.0,48.3,48.5,38.6,JuryManagementQtrEnding6-30-14.pdf,Jul-Sep,,reported
Levy,2013,3,59.4,68.0,5.0,59.4,100.0,35.9,24.2,57.0,12.0,48.3,48.5,38.6,JuryManagementQtrEnding6-30-14.pdf,Jul-Sep,,reported
Liberty,2013,3,29.0,45.0,4.0,41.8,69.5,37.5,24.2,57.0,12.0,48.3,48.5,38.6,JuryManagementQtrEnding6-30-14.pdf,Jul-Sep,,reported
Madison,2013,3,0.0,0.0,0.0,0.0,0.0,0.0,24.2,57.0,12.0,48.3,48.5,38.6,JuryManagementQtrEnding6-30-14.pdf,Jul-Sep,,reported_all_zero
Manatee,2013,3,32.3,71.8,29.0,58.0,55.7,43.1,24.2,57.0,12.0,48.3,48.5,38.6,JuryManagementQtrEnding6-30-14.pdf,Jul-Sep,,reported
Marion,2013,3,31.9,77.3,52.0,63.1,50.5,38.6,24.2,57.0,12.0,48.3,48.5,38.6,JuryManagementQtrEnding6-30-14.pdf,Jul-Sep,,reported
Martin,2013,3,62.0,112.9,13.0,94.3,65.7,38.2,24.2,57.0,12.0,48.3,48.5,38.6,JuryManagementQtrEnding6-30-14.pdf,Jul-Sep,,reported
Miami-Dade,2013,3,38.8,87.7,220.0,75.4,51.4,35.8,24.2,57.0,12.0,48.3,48.5,38.6,JuryManagementQtrEnding6-30-14.pdf,Jul-Sep,,reported
Monroe,2013,3,23.7,66.8,18.0,52.6,45.0,32.2,24.2,57.0,12.0,48.3,48.5,38.6,JuryManagementQtrEnding6-30-14.pdf,Jul-Sep,,reported
Nassau,2013,3,18.0,168.3,3.0,168.3,10.7,38.2,24.2,57.0,12.0,48.3,48.5,38.6,JuryManagementQtrEnding6-30-14.pdf,Jul-Sep,,reported
Okaloosa,2013,3,33.9,78.3,15.0,65.6,51.7,46.1,24.2,57.0,12.0,48.3,48.5,38.6,JuryManagementQtrEnding6-30-14.pdf,Jul-Sep,,reported
Okeechobee,2013,3,30.6,30.9,9.0,27.8,110.0,30.9,24.2,57.0,12.0,48.3,48.5,38.6,JuryManagementQtrEnding6-30-14.pdf,Jul-Sep,percent_to_voir_dire_gt_100_reported; ,reported
Orange,2013,3,31.2,77.1,148.0,64.4,48.5,50.7,24.2,57.0,12.0,48.3,48.5,38.6,JuryManagementQtrEnding6-30-14.pdf,Jul-Sep,,reported
Osceola,2013,3,23.8,65.0,42.0,59.6,39.8,40.2,24.2,57.0,12.0,48.3,48.5,38.6,JuryManagementQtrEnding6-30-14.pdf,Jul-Sep,,reported
Palm Beach,2013,3,33.3,93.9,152.0,76.0,43.8,32.8,24.2,57.0,12.0,48.3,48.5,38.6,JuryManagementQtrEnding6-30-14.pdf,Jul-Sep,,reported
Pasco,2013,3,26.6,56.8,53.0,46.2,57.6,38.7,24.2,57.0,12.0,48.3,48.5,38.6,JuryManagementQtrEnding6-30-14.pdf,Jul-Sep,,reported
Pinellas,2013,3,29.8,79.6,107.0,70.7,42.2,45.1,24.2,57.0,12.0,48.3,48.5,38.6,JuryManagementQtrEnding6-30-14.pdf,Jul-Sep,,reported
Polk,2013,3,38.6,39.6,139.0,28.3,136.7,56.9,24.2,57.0,12.0,48.3,48.5,38.6,JuryManagementQtrEnding6-30-14.pdf,Jul-Sep,percent_to_voir_dire_gt_100_reported; ,reported
Putnam,2013,3,16.6,41.6,7.0,35.6,46.6,29.5,24.2,57.0,12.0,48.3,48.5,38.6,JuryManagementQtrEnding6-30-14.pdf,Jul-Sep,,reported
Santa Rosa,2013,3,19.4,94.1,13.0,90.3,21.5,35.3,24.2,57.0,12.0,48.3,48.5,38.6,JuryManagementQtrEnding6-30-14.pdf,Jul-Sep,,reported
Sarasota,2013,3,37.6,79.7,46.0,66.4,56.7,31.0,24.2,57.0,12.0,48.3,48.5,38.6,JuryManagementQtrEnding6-30-14.pdf,Jul-Sep,,reported
Seminole,2013,3,28.9,57.0,48.0,46.2,62.5,59.1,24.2,57.0,12.0,48.3,48.5,38.6,JuryManagementQtrEnding6-30-14.pdf,Jul-Sep,,reported
St. Johns,2013,3,11.0,35.6,11.0,25.5,43.1,36.8,24.2,57.0,12.0,48.3,48.5,38.6,JuryManagementQtrEnding6-30-14.pdf,Jul-Sep,,reported
St. Lucie,2013,3,31.1,62.0,39.0,61.4,50.5,48.4,24.2,57.0,12.0,48.3,48.5,38.6,JuryManagementQtrEnding6-30-14.pdf,Jul-Sep,,reported
Sumter,2013,3,14.0,39.0,5.0,29.0,48.3,26.4,24.2,57.0,12.0,48.3,48.5,38.6,JuryManagementQtrEnding6-30-14.pdf,Jul-Sep,,reported
Suwannee,2013,3,7.0,21.1,10.0,21.1,33.2,35.4,24.2,57.0,12.0,48.3,48.5,38.6,JuryManagementQtrEnding6-30-14.pdf,Jul-Sep,,reported
Taylor,2013,3,50.7,118.0,3.0,97.7,51.9,56.9,24.2,57.0,12.0,48.3,48.5,38.6,JuryManagementQtrEnding6-30-14.pdf,Jul-Sep,,reported
Union,2013,3,18.0,63.3,3.0,58.7,30.7,34.9,24.2,57.0,12.0,48.3,48.5,38.6,JuryManagementQtrEnding6-30-14.pdf,Jul-Sep,,reported
Volusia,2013,3,24.6,50.0,48.0,37.7,65.4,45.1,24.2,57.0,12.0,48.3,48.5,38.6,JuryManagementQtrEnding6-30-14.pdf,Jul-Sep,,reported
Wakulla,2013,3,5.3,50.3,4.0,41.5,12.7,56.4,24.2,57.0,12.0,48.3,48.5,38.6,JuryManagementQtrEnding6-30-14.pdf,Jul-Sep,,reported
Walton,2013,3,14.0,98.0,1.0,91.0,15.4,22.8,24.2,57.0,12.0,48.3,48.5,38.6,JuryManagementQtrEnding6-30-14.pdf,Jul-Sep,,reported
Washington,2013,3,7.0,29.0,4.0,27.3,25.7,29.1,24.2,57.0,12.0,48.3,48.5,38.6,JuryManagementQtrEnding6-30-14.pdf,Jul-Sep,,reported
Alachua,2013,4,26.1,40.6,34.0,31.2,83.7,39.6,25.6,54.9,13.0,44.9,45.1,38.4,JuryManagementQtrEnding6-30-14.pdf,Oct-Dec,,reported
Baker,2013,4,10.5,62.5,2.0,26.5,39.6,35.3,25.6,54.9,13.0,44.9,45.1,38.4,JuryManagementQtrEnding6-30-14.pdf,Oct-Dec,,reported
Bay,2013,4,27.1,91.3,9.0,91.3,29.7,41.0,25.6,54.9,13.0,44.9,45.1,38.4,JuryManagementQtrEnding6-30-14.pdf,Oct-Dec,,reported
Bradford,2013,4,59.3,71.7,3.0,59.3,100.0,42.3,25.6,54.9,13.0,44.9,45.1,38.4,JuryManagementQtrEnding6-30-14.pdf,Oct-Dec,,reported
Brevard,2013,4,59.1,121.7,42.0,102.1,57.9,44.3,25.6,54.9,13.0,44.9,45.1,38.4,JuryManagementQtrEnding6-30-14.pdf,Oct-Dec,,reported
Broward,2013,4,31.4,64.7,190.0,48.4,64.9,39.0,25.6,54.9,13.0,44.9,45.1,38.4,JuryManagementQtrEnding6-30-14.pdf,Oct-Dec,,reported
Calhoun,2013,4,0.0,0.0,0.0,0.0,0.0,0.0,25.6,54.9,13.0,44.9,45.1,38.4,JuryManagementQtrEnding6-30-14.pdf,Oct-Dec,,reported_all_zero
Charlotte,2013,4,29.8,52.8,21.0,46.3,64.3,62.4,25.6,54.9,13.0,44.9,45.1,38.4,JuryManagementQtrEnding6-30-14.pdf,Oct-Dec,,reported
Citrus,2013,4,24.8,65.3,6.0,54.3,45.7,41.0,25.6,54.9,13.0,44.9,45.1,38.4,JuryManagementQtrEnding6-30-14.pdf,Oct-Dec,,reported
Clay,2013,4,22.5,146.0,4.0,134.5,16.7,43.3,25.6,54.9,13.0,44.9,45.1,38.4,JuryManagementQtrEnding6-30-14.pdf,Oct-Dec,,reported
Collier,2013,4,28.2,88.3,25.0,76.4,36.9,57.2,25.6,54.9,13.0,44.9,45.1,38.4,JuryManagementQtrEnding6-30-14.pdf,Oct-Dec,,reported
Columbia,2013,4,43.7,61.7,3.0,61.7,70.8,38.4,25.6,54.9,13.0,44.9,45.1,38.4,JuryManagementQtrEnding6-30-14.pdf,Oct-Dec,,reported
DeSoto,2013,4,0.0,0.0,0.0,0.0,0.0,16.2,25.6,54.9,13.0,44.9,45.1,38.4,JuryManagementQtrEnding6-30-14.pdf,Oct-Dec,,reported
Dixie,2013,4,38.5,52.0,2.0,52.0,74.0,18.9,25.6,54.9,13.0,44.9,45.1,38.4,JuryManagementQtrEnding6-30-14.pdf,Oct-Dec,,reported
Duval,2013,4,41.6,64.6,45.0,51.1,81.4,30.8,25.6,54.9,13.0,44.9,45.1,38.4,JuryManagementQtrEnding6-30-14.pdf,Oct-Dec,,reported
Escambia,2013,4,22.4,42.3,75.0,35.6,62.8,22.2,25.6,54.9,13.0,44.9,45.1,38.4,JuryManagementQtrEnding6-30-14.pdf,Oct-Dec,,reported
Flagler,2013,4,11.9,27.7,14.0,24.8,48.1,39.6,25.6,54.9,13.0,44.9,45.1,38.4,JuryManagementQtrEnding6-30-14.pdf,Oct-Dec,,reported
Franklin,2013,4,0.0,0.0,0.0,0.0,0.0,0.0,25.6,54.9,13.0,44.9,45.1,38.4,JuryManagementQtrEnding6-30-14.pdf,Oct-Dec,,reported_all_zero
Gadsden,2013,4,19.1,38.6,14.0,30.2,63.4,49.9,25.6,54.9,13.0,44.9,45.1,38.4,JuryManagementQtrEnding6-30-14.pdf,Oct-Dec,,reported
Gilchrist,2013,4,12.0,40.0,1.0,33.0,36.4,33.0,25.6,54.9,13.0,44.9,45.1,38.4,JuryManagementQtrEnding6-30-14.pdf,Oct-Dec,,reported
Glades,2013,4,15.0,131.0,1.0,124.0,12.1,31.1,25.6,54.9,13.0,44.9,45.1,38.4,JuryManagementQtrEnding6-30-14.pdf,Oct-Dec,,reported
Gulf,2013,4,21.0,89.0,2.0,82.0,25.6,41.0,25.6,54.9,13.0,44.9,45.1,38.4,JuryManagementQtrEnding6-30-14.pdf,Oct-Dec,,reported
Hamilton,2013,4,0.0,0.0,0.0,0.0,0.0,23.5,25.6,54.9,13.0,44.9,45.1,38.4,JuryManagementQtrEnding6-30-14.pdf,Oct-Dec,,reported
Hardee,2013,4,0.0,0.0,0.0,0.0,0.0,0.0,25.6,54.9,13.0,44.9,45.1,38.4,JuryManagementQtrEnding6-30-14.pdf,Oct-Dec,,reported_all_zero
Hendry,2013,4,25.5,70.8,8.0,70.8,36.0,94.1,25.6,54.9,13.0,44.9,45.1,38.4,JuryManagementQtrEnding6-30-14.pdf,Oct-Dec,,reported
Hernando,2013,4,32.4,57.7,13.0,44.2,73.3,53.5,25.6,54.9,13.0,44.9,45.1,38.4,JuryManagementQtrEnding6-30-14.pdf,Oct-Dec,,reported
Highlands,2013,4,19.5,34.0,13.0,24.3,80.1,21.1,25.6,54.9,13.0,44.9,45.1,38.4,JuryManagementQtrEnding6-30-14.pdf,Oct-Dec,,reported
Hillsborough,2013,4,28.7,46.5,167.0,32.0,89.7,24.0,25.6,54.9,13.0,44.9,45.1,38.4,JuryManagementQtrEnding6-30-14.pdf,Oct-Dec,,reported
Holmes,2013,4,0.0,0.0,0.0,0.0,0.0,32.0,25.6,54.9,13.0,44.9,45.1,38.4,JuryManagementQtrEnding6-30-14.pdf,Oct-Dec,,reported
Indian River,2013,4,28.5,51.1,19.0,39.4,72.5,53.8,25.6,54.9,13.0,44.9,45.1,38.4,JuryManagementQtrEnding6-30-14.pdf,Oct-Dec,,reported
Jackson,2013,4,7.0,35.0,2.0,28.0,25.0,44.8,25.6,54.9,13.0,44.9,45.1,38.4,JuryManagementQtrEnding6-30-14.pdf,Oct-Dec,,reported
Jefferson,2013,4,0.0,0.0,0.0,0.0,0.0,28.0,25.6,54.9,13.0,44.9,45.1,38.4,JuryManagementQtrEnding6-30-14.pdf,Oct-Dec,,reported
Lafayette,2013,4,0.0,0.0,0.0,0.0,0.0,0.0,25.6,54.9,13.0,44.9,45.1,38.4,JuryManagementQtrEnding6-30-14.pdf,Oct-Dec,,reported_all_zero
Lake,2013,4,22.5,41.6,20.0,32.6,68.9,38.9,25.6,54.9,13.0,44.9,45.1,38.4,JuryManagementQtrEnding6-30-14.pdf,Oct-Dec,,reported
Lee,2013,4,30.9,75.8,50.0,71.2,43.3,54.0,25.6,54.9,13.0,44.9,45.1,38.4,JuryManagementQtrEnding6-30-14.pdf,Oct-Dec,,reported
Leon,2013,4,28.7,40.5,78.0,31.5,91.0,41.0,25.6,54.9,13.0,44.9,45.1,38.4,JuryManagementQtrEnding6-30-14.pdf,Oct-Dec,,reported
Levy,2013,4,53.2,82.0,5.0,70.4,75.6,35.2,25.6,54.9,13.0,44.9,45.1,38.4,JuryManagementQtrEnding6-30-14.pdf,Oct-Dec,,reported
Liberty,2013,4,27.3,107.3,4.0,92.5,29.5,35.9,25.6,54.9,13.0,44.9,45.1,38.4,JuryManagementQtrEnding6-30-14.pdf,Oct-Dec,,reported
Madison,2013,4,7.0,38.0,1.0,38.0,18.4,34.5,25.6,54.9,13.0,44.9,45.1,38.4,JuryManagementQtrEnding6-30-14.pdf,Oct-Dec,,reported
Manatee,2013,4,33.1,55.6,37.0,44.9,73.7,44.5,25.6,54.9,13.0,44.9,45.1,38.4,JuryManagementQtrEnding6-30-14.pdf,Oct-Dec,,reported
Marion,2013,4,24.9,73.3,44.0,56.9,43.8,38.2,25.6,54.9,13.0,44.9,45.1,38.4,JuryManagementQtrEnding6-30-14.pdf,Oct-Dec,,reported
Martin,2013,4,44.3,92.5,14.0,63.5,69.7,47.3,25.6,54.9,13.0,44.9,45.1,38.4,JuryManagementQtrEnding6-30-14.pdf,Oct-Dec,,reported
Miami-Dade,2013,4,39.8,86.8,209.0,71.2,55.9,35.1,25.6,54.9,13.0,44.9,45.1,38.4,JuryManagementQtrEnding6-30-14.pdf,Oct-Dec,,reported
Monroe,2013,4,20.6,81.3,14.0,72.1,28.6,50.6,25.6,54.9,13.0,44.9,45.1,38.4,JuryManagementQtrEnding6-30-14.pdf,Oct-Dec,,reported
Nassau,2013,4,27.3,80.1,7.0,64.6,42.3,37.8,25.6,54.9,13.0,44.9,45.1,38.4,JuryManagementQtrEnding6-30-14.pdf,Oct-Dec,,reported
Okaloosa,2013,4,25.6,65.2,12.0,58.2,44.0,44.5,25.6,54.9,13.0,44.9,45.1,38.4,JuryManagementQtrEnding6-30-14.pdf,Oct-Dec,,reported
Okeechobee,2013,4,26.4,27.2,19.0,21.6,122.1,31.2,25.6,54.9,13.0,44.9,45.1,38.4,JuryManagementQtrEnding6-30-14.pdf,Oct-Dec,percent_to_voir_dire_gt_100_reported; ,reported
Orange,2013,4,29.7,66.6,149.0,57.0,52.1,46.3,25.6,54.9,13.0,44.9,45.1,38.4,JuryManagementQtrEnding6-30-14.pdf,Oct-Dec,,reported
Osceola,2013,4,27.9,54.9,47.0,47.4,58.9,41.2,25.6,54.9,13.0,44.9,45.1,38.4,JuryManagementQtrEnding6-30-14.pdf,Oct-Dec,,reported
Palm Beach,2013,4,32.6,77.8,155.0,61.9,52.7,33.1,25.6,54.9,13.0,44.9,45.1,38.4,JuryManagementQtrEnding6-30-14.pdf,Oct-Dec,,reported
Pasco,2013,4,31.3,57.2,40.0,44.0,71.2,42.4,25.6,54.9,13.0,44.9,45.1,38.4,JuryManagementQtrEnding6-30-14.pdf,Oct-Dec,,reported
Pinellas,2013,4,32.4,81.6,84.0,72.0,45.0,44.9,25.6,54.9,13.0,44.9,45.1,38.4,JuryManagementQtrEnding6-30-14.pdf,Oct-Dec,,reported
Polk,2013,4,44.9,42.4,101.0,30.3,148.0,84.8,25.6,54.9,13.0,44.9,45.1,38.4,JuryManagementQtrEnding6-30-14.pdf,Oct-Dec,percent_to_voir_dire_gt_100_reported; ,reported
Putnam,2013,4,20.7,29.1,13.0,20.3,101.9,26.0,25.6,54.9,13.0,44.9,45.1,38.4,JuryManagementQtrEnding6-30-14.pdf,Oct-Dec,percent_to_voir_dire_gt_100_reported; ,reported
Santa Rosa,2013,4,40.1,52.4,20.0,46.5,86.2,34.9,25.6,54.9,13.0,44.9,45.1,38.4,JuryManagementQtrEnding6-30-14.pdf,Oct-Dec,,reported
Sarasota,2013,4,35.8,90.6,32.0,79.3,45.1,32.0,25.6,54.9,13.0,44.9,45.1,38.4,JuryManagementQtrEnding6-30-14.pdf,Oct-Dec,,reported
Seminole,2013,4,26.6,57.9,38.0,47.5,56.0,57.1,25.6,54.9,13.0,44.9,45.1,38.4,JuryManagementQtrEnding6-30-14.pdf,Oct-Dec,,reported
St. Johns,2013,4,15.6,54.9,10.0,38.5,40.5,37.6,25.6,54.9,13.0,44.9,45.1,38.4,JuryManagementQtrEnding6-30-14.pdf,Oct-Dec,,reported
St. Lucie,2013,4,39.0,77.7,27.0,77.7,50.1,48.4,25.6,54.9,13.0,44.9,45.1,38.4,JuryManagementQtrEnding6-30-14.pdf,Oct-Dec,,reported
Sumter,2013,4,14.0,58.5,4.0,49.8,28.1,27.4,25.6,54.9,13.0,44.9,45.1,38.4,JuryManagementQtrEnding6-30-14.pdf,Oct-Dec,,reported
Suwannee,2013,4,7.0,40.0,4.0,34.5,20.3,38.4,25.6,54.9,13.0,44.9,45.1,38.4,JuryManagementQtrEnding6-30-14.pdf,Oct-Dec,,reported
Taylor,2013,4,38.0,183.0,1.0,175.0,21.7,100.0,25.6,54.9,13.0,44.9,45.1,38.4,JuryManagementQtrEnding6-30-14.pdf,Oct-Dec,,reported
Union,2013,4,0.0,0.0,0.0,0.0,0.0,36.4,25.6,54.9,13.0,44.9,45.1,38.4,JuryManagementQtrEnding6-30-14.pdf,Oct-Dec,,reported
Volusia,2013,4,22.3,46.7,41.0,37.1,60.1,43.6,25.6,54.9,13.0,44.9,45.1,38.4,JuryManagementQtrEnding6-30-14.pdf,Oct-Dec,,reported
Wakulla,2013,4,0.0,0.0,0.0,0.0,0.0,0.0,25.6,54.9,13.0,44.9,45.1,38.4,JuryManagementQtrEnding6-30-14.pdf,Oct-Dec,,reported_all_zero
Walton,2013,4,15.0,48.0,4.0,44.5,33.7,28.8,25.6,54.9,13.0,44.9,45.1,38.4,JuryManagementQtrEnding6-30-14.pdf,Oct-Dec,,reported
Washington,2013,4,10.0,41.0,1.0,41.0,24.4,32.8,25.6,54.9,13.0,44.9,45.1,38.4,JuryManagementQtrEnding6-30-14.pdf,Oct-Dec,,reported
Alachua,2014,1,27.0,42.8,53.0,29.7,90.9,44.5,27.9,61.5,12.0,50.0,50.4,40.8,JuryManagementQtrEnding6-30-14.pdf,Jan-Mar,,reported
Baker,2014,1,12.5,67.5,2.0,63.5,19.7,40.8,27.9,61.5,12.0,50.0,50.4,40.8,JuryManagementQtrEnding6-30-14.pdf,Jan-Mar,,reported
Bay,2014,1,25.7,61.8,13.0,61.8,41.5,46.6,27.9,61.5,12.0,50.0,50.4,40.8,JuryManagementQtrEnding6-30-14.pdf,Jan-Mar,,reported
Bradford,2014,1,35.0,46.0,3.0,39.0,89.7,42.2,27.9,61.5,12.0,50.0,50.4,40.8,JuryManagementQtrEnding6-30-14.pdf,Jan-Mar,,reported
Brevard,2014,1,57.7,127.2,54.0,105.2,54.8,44.1,27.9,61.5,12.0,50.0,50.4,40.8,JuryManagementQtrEnding6-30-14.pdf,Jan-Mar,,reported
Broward,2014,1,33.2,69.5,224.0,53.1,62.5,39.6,27.9,61.5,12.0,50.0,50.4,40.8,JuryManagementQtrEnding6-30-14.pdf,Jan-Mar,,reported
Calhoun,2014,1,0.0,0.0,0.0,0.0,0.0,0.0,27.9,61.5,12.0,50.0,50.4,40.8,JuryManagementQtrEnding6-30-14.pdf,Jan-Mar,,reported_all_zero
Charlotte,2014,1,28.1,37.9,30.0,31.2,90.0,64.6,27.9,61.5,12.0,50.0,50.4,40.8,JuryManagementQtrEnding6-30-14.pdf,Jan-Mar,,reported
Citrus,2014,1,24.0,61.5,13.0,45.2,53.2,44.9,27.9,61.5,12.0,50.0,50.4,40.8,JuryManagementQtrEnding6-30-14.pdf,Jan-Mar,,reported
Clay,2014,1,31.6,145.4,5.0,126.8,24.9,49.9,27.9,61.5,12.0,50.0,50.4,40.8,JuryManagementQtrEnding6-30-14.pdf,Jan-Mar,,reported
Collier,2014,1,28.3,109.1,24.0,97.4,29.1,52.8,27.9,61.5,12.0,50.0,50.4,40.8,JuryManagementQtrEnding6-30-14.pdf,Jan-Mar,,reported
Columbia,2014,1,39.0,59.3,4.0,59.3,65.8,41.0,27.9,61.5,12.0,50.0,50.4,40.8,JuryManagementQtrEnding6-30-14.pdf,Jan-Mar,,reported
DeSoto,2014,1,31.8,76.0,4.0,70.8,44.9,17.7,27.9,61.5,12.0,50.0,50.4,40.8,JuryManagementQtrEnding6-30-14.pdf,Jan-Mar,,reported
Dixie,2014,1,0.0,0.0,0.0,0.0,0.0,0.0,27.9,61.5,12.0,50.0,50.4,40.8,JuryManagementQtrEnding6-30-14.pdf,Jan-Mar,,reported_all_zero
Duval,2014,1,41.8,64.1,116.0,44.0,94.9,31.8,27.9,61.5,12.0,50.0,50.4,40.8,JuryManagementQtrEnding6-30-14.pdf,Jan-Mar,,reported
Escambia,2014,1,27.8,44.2,88.0,35.0,79.4,24.8,27.9,61.5,12.0,50.0,50.4,40.8,JuryManagementQtrEnding6-30-14.pdf,Jan-Mar,,reported
Flagler,2014,1,26.0,130.5,2.0,130.5,19.9,24.9,27.9,61.5,12.0,50.0,50.4,40.8,JuryManagementQtrEnding6-30-14.pdf,Jan-Mar,,reported
Franklin,2014,1,20.0,75.5,2.0,72.0,27.8,32.0,27.9,61.5,12.0,50.0,50.4,40.8,JuryManagementQtrEnding6-30-14.pdf,Jan-Mar,,reported
Gadsden,2014,1,17.7,43.8,14.0,36.8,48.2,44.4,27.9,61.5,12.0,50.0,50.4,40.8,JuryManagementQtrEnding6-30-14.pdf,Jan-Mar,,reported
Gilchrist,2014,1,27.0,68.0,1.0,64.0,42.2,25.6,27.9,61.5,12.0,50.0,50.4,40.8,JuryManagementQtrEnding6-30-14.pdf,Jan-Mar,,reported
Glades,2014,1,20.5,59.0,2.0,55.0,37.3,27.1,27.9,61.5,12.0,50.0,50.4,40.8,JuryManagementQtrEnding6-30-14.pdf,Jan-Mar,,reported
Gulf,2014,1,0.0,0.0,0.0,0.0,0.0,31.0,27.9,61.5,12.0,50.0,50.4,40.8,JuryManagementQtrEnding6-30-14.pdf,Jan-Mar,,reported
Hamilton,2014,1,32.5,50.5,2.0,39.0,83.3,15.6,27.9,61.5,12.0,50.0,50.4,40.8,JuryManagementQtrEnding6-30-14.pdf,Jan-Mar,,reported
Hardee,2014,1,0.0,0.0,0.0,0.0,0.0,39.0,27.9,61.5,12.0,50.0,50.4,40.8,JuryManagementQtrEnding6-30-14.pdf,Jan-Mar,,reported
Hendry,2014,1,33.4,55.2,9.0,55.2,60.6,70.8,27.9,61.5,12.0,50.0,50.4,40.8,JuryManagementQtrEnding6-30-14.pdf,Jan-Mar,,reported
Hernando,2014,1,30.3,65.5,11.0,49.2,61.6,57.4,27.9,61.5,12.0,50.0,50.4,40.8,JuryManagementQtrEnding6-30-14.pdf,Jan-Mar,,reported
Highlands,2014,1,21.1,31.8,14.0,17.9,117.5,23.2,27.9,61.5,12.0,50.0,50.4,40.8,JuryManagementQtrEnding6-30-14.pdf,Jan-Mar,percent_to_voir_dire_gt_100_reported; ,reported
Hillsborough,2014,1,30.0,45.9,180.0,35.5,84.4,22.2,27.9,61.5,12.0,50.0,50.4,40.8,JuryManagementQtrEnding6-30-14.pdf,Jan-Mar,,reported
Holmes,2014,1,0.0,0.0,0.0,0.0,0.0,2.7,27.9,61.5,12.0,50.0,50.4,40.8,JuryManagementQtrEnding6-30-14.pdf,Jan-Mar,,reported
Indian River,2014,1,33.9,61.5,22.0,43.7,77.5,55.9,27.9,61.5,12.0,50.0,50.4,40.8,JuryManagementQtrEnding6-30-14.pdf,Jan-Mar,,reported
Jackson,2014,1,8.0,65.0,1.0,49.0,16.3,40.8,27.9,61.5,12.0,50.0,50.4,40.8,JuryManagementQtrEnding6-30-14.pdf,Jan-Mar,,reported
Jefferson,2014,1,7.0,76.0,3.0,71.3,9.8,35.7,27.9,61.5,12.0,50.0,50.4,40.8,JuryManagementQtrEnding6-30-14.pdf,Jan-Mar,,reported
Lafayette,2014,1,28.0,75.5,2.0,69.5,40.3,49.0,27.9,61.5,12.0,50.0,50.4,40.8,JuryManagementQtrEnding6-30-14.pdf,Jan-Mar,,reported
Lake,2014,1,26.4,51.6,31.0,37.3,70.7,37.0,27.9,61.5,12.0,50.0,50.4,40.8,JuryManagementQtrEnding6-30-14.pdf,Jan-Mar,,reported
Lee,2014,1,32.1,79.8,69.0,69.0,46.6,52.5,27.9,61.5,12.0,50.0,50.4,40.8,JuryManagementQtrEnding6-30-14.pdf,Jan-Mar,,reported
Leon,2014,1,30.2,43.8,87.0,34.8,86.7,39.9,27.9,61.5,12.0,50.0,50.4,40.8,JuryManagementQtrEnding6-30-14.pdf,Jan-Mar,,reported
Levy,2014,1,16.0,74.5,4.0,49.0,32.7,42.4,27.9,61.5,12.0,50.0,50.4,40.8,JuryManagementQtrEnding6-30-14.pdf,Jan-Mar,,reported
Liberty,2014,1,21.0,46.3,3.0,41.7,50.4,43.9,27.9,61.5,12.0,50.0,50.4,40.8,JuryManagementQtrEnding6-30-14.pdf,Jan-Mar,,reported
Madison,2014,1,8.0,58.0,1.0,50.0,16.0,41.7,27.9,61.5,12.0,50.0,50.4,40.8,JuryManagementQtrEnding6-30-14.pdf,Jan-Mar,,reported
Manatee,2014,1,33.6,71.0,41.0,57.2,58.7,43.7,27.9,61.5,12.0,50.0,50.4,40.8,JuryManagementQtrEnding6-30-14.pdf,Jan-Mar,,reported
Marion,2014,1,26.2,61.0,53.0,47.7,54.9,36.6,27.9,61.5,12.0,50.0,50.4,40.8,JuryManagementQtrEnding6-30-14.pdf,Jan-Mar,,reported
Martin,2014,1,48.9,79.4,14.0,66.8,73.2,49.1,27.9,61.5,12.0,50.0,50.4,40.8,JuryManagementQtrEnding6-30-14.pdf,Jan-Mar,,reported
Miami-Dade,2014,1,43.7,94.1,245.0,74.9,58.3,35.1,27.9,61.5,12.0,50.0,50.4,40.8,JuryManagementQtrEnding6-30-14.pdf,Jan-Mar,,reported
Monroe,2014,1,42.7,124.0,13.0,106.7,40.0,40.9,27.9,61.5,12.0,50.0,50.4,40.8,JuryManagementQtrEnding6-30-14.pdf,Jan-Mar,,reported
Nassau,2014,1,28.0,230.5,2.0,217.5,12.9,38.8,27.9,61.5,12.0,50.0,50.4,40.8,JuryManagementQtrEnding6-30-14.pdf,Jan-Mar,,reported
Okaloosa,2014,1,36.3,65.4,14.0,52.9,68.6,52.3,27.9,61.5,12.0,50.0,50.4,40.8,JuryManagementQtrEnding6-30-14.pdf,Jan-Mar,,reported
Okeechobee,2014,1,27.8,32.3,12.0,27.6,100.6,25.8,27.9,61.5,12.0,50.0,50.4,40.8,JuryManagementQtrEnding6-30-14.pdf,Jan-Mar,percent_to_voir_dire_gt_100_reported; ,reported
Orange,2014,1,31.3,69.3,173.0,58.3,53.7,45.8,27.9,61.5,12.0,50.0,50.4,40.8,JuryManagementQtrEnding6-30-14.pdf,Jan-Mar,,reported
Osceola,2014,1,28.0,59.7,62.0,52.0,53.9,41.6,27.9,61.5,12.0,50.0,50.4,40.8,JuryManagementQtrEnding6-30-14.pdf,Jan-Mar,,reported
Palm Beach,2014,1,33.3,77.8,195.0,60.9,54.7,32.5,27.9,61.5,12.0,50.0,50.4,40.8,JuryManagementQtrEnding6-30-14.pdf,Jan-Mar,,reported
Pasco,2014,1,26.0,54.2,51.0,44.2,58.8,45.3,27.9,61.5,12.0,50.0,50.4,40.8,JuryManagementQtrEnding6-30-14.pdf,Jan-Mar,,reported
Pinellas,2014,1,30.7,76.2,117.0,66.2,46.4,46.4,27.9,61.5,12.0,50.0,50.4,40.8,JuryManagementQtrEnding6-30-14.pdf,Jan-Mar,,reported
Polk,2014,1,35.7,33.8,145.0,24.0,149.0,85.9,27.9,61.5,12.0,50.0,50.4,40.8,JuryManagementQtrEnding6-30-14.pdf,Jan-Mar,percent_to_voir_dire_gt_100_reported; ,reported
Putnam,2014,1,27.9,47.3,7.0,39.9,69.9,28.4,27.9,61.5,12.0,50.0,50.4,40.8,JuryManagementQtrEnding6-30-14.pdf,Jan-Mar,,reported
Santa Rosa,2014,1,46.2,55.0,21.0,46.2,100.0,35.9,27.9,61.5,12.0,50.0,50.4,40.8,JuryManagementQtrEnding6-30-14.pdf,Jan-Mar,,reported
Sarasota,2014,1,31.1,76.2,43.0,66.4,46.8,33.0,27.9,61.5,12.0,50.0,50.4,40.8,JuryManagementQtrEnding6-30-14.pdf,Jan-Mar,,reported
Seminole,2014,1,26.8,74.5,40.0,62.4,43.0,58.0,27.9,61.5,12.0,50.0,50.4,40.8,JuryManagementQtrEnding6-30-14.pdf,Jan-Mar,,reported
St. Johns,2014,1,29.2,87.6,12.0,49.8,58.5,45.1,27.9,61.5,12.0,50.0,50.4,40.8,JuryManagementQtrEnding6-30-14.pdf,Jan-Mar,,reported
St. Lucie,2014,1,34.4,56.4,43.0,56.4,60.9,41.3,27.9,61.5,12.0,50.0,50.4,40.8,JuryManagementQtrEnding6-30-14.pdf,Jan-Mar,,reported
Sumter,2014,1,14.0,99.0,1.0,85.0,16.5,34.0,27.9,61.5,12.0,50.0,50.4,40.8,JuryManagementQtrEnding6-30-14.pdf,Jan-Mar,,reported
Suwannee,2014,1,8.1,33.4,8.0,27.0,30.1,39.9,27.9,61.5,12.0,50.0,50.4,40.8,JuryManagementQtrEnding6-30-14.pdf,Jan-Mar,,reported
Taylor,2014,1,30.1,83.9,7.0,70.4,42.8,76.3,27.9,61.5,12.0,50.0,50.4,40.8,JuryManagementQtrEnding6-30-14.pdf,Jan-Mar,,reported
Union,2014,1,0.0,0.0,0.0,0.0,0.0,0.0,27.9,61.5,12.0,50.0,50.4,40.8,JuryManagementQtrEnding6-30-14.pdf,Jan-Mar,,reported_all_zero
Volusia,2014,1,23.8,43.2,42.0,32.0,74.4,46.6,27.9,61.5,12.0,50.0,50.4,40.8,JuryManagementQtrEnding6-30-14.pdf,Jan-Mar,,reported
Wakulla,2014,1,0.0,0.0,0.0,0.0,0.0,0.0,27.9,61.5,12.0,50.0,50.4,40.8,JuryManagementQtrEnding6-30-14.pdf,Jan-Mar,,reported_all_zero
Walton,2014,1,19.5,56.0,4.0,50.8,38.4,29.0,27.9,61.5,12.0,50.0,50.4,40.8,JuryManagementQtrEnding6-30-14.pdf,Jan-Mar,,reported
Washington,2014,1,8.0,101.0,2.0,81.0,9.9,40.5,27.9,61.5,12.0,50.0,50.4,40.8,JuryManagementQtrEnding6-30-14.pdf,Jan-Mar,,reported
Alachua,2014,2,29.1,41.6,30.0,33.7,86.4,45.5,24.9,53.7,9.0,45.4,48.2,40.2,JuryManagementQtrEnding6-30-14.pdf,Apr-Jun,,reported
Baker,2014,2,23.0,50.0,4.0,37.8,60.9,34.1,24.9,53.7,9.0,45.4,48.2,40.2,JuryManagementQtrEnding6-30-14.pdf,Apr-Jun,,reported
Bay,2014,2,16.5,40.6,23.0,40.6,40.6,43.7,24.9,53.7,9.0,45.4,48.2,40.2,JuryManagementQtrEnding6-30-14.pdf,Apr-Jun,,reported
Bradford,2014,2,11.5,15.3,4.0,13.5,85.2,46.0,24.9,53.7,9.0,45.4,48.2,40.2,JuryManagementQtrEnding6-30-14.pdf,Apr-Jun,,reported
Brevard,2014,2,54.0,107.7,62.0,87.3,61.9,42.3,24.9,53.7,9.0,45.4,48.2,40.2,JuryManagementQtrEnding6-30-14.pdf,Apr-Jun,,reported
Broward,2014,2,31.8,79.2,187.0,60.4,52.7,37.9,24.9,53.7,9.0,45.4,48.2,40.2,JuryManagementQtrEnding6-30-14.pdf,Apr-Jun,,reported
Calhoun,2014,2,0.0,0.0,0.0,0.0,0.0,0.0,24.9,53.7,9.0,45.4,48.2,40.2,JuryManagementQtrEnding6-30-14.pdf,Apr-Jun,,reported_all_zero
Charlotte,2014,2,26.9,45.0,22.0,38.1,70.4,64.3,24.9,53.7,9.0,45.4,48.2,40.2,JuryManagementQtrEnding6-30-14.pdf,Apr-Jun,,reported
Citrus,2014,2,21.4,52.4,10.0,44.7,47.9,48.4,24.9,53.7,9.0,45.4,48.2,40.2,JuryManagementQtrEnding6-30-14.pdf,Apr-Jun,,reported
Clay,2014,2,20.7,105.0,3.0,98.0,21.1,49.8,24.9,53.7,9.0,45.4,48.2,40.2,JuryManagementQtrEnding6-30-14.pdf,Apr-Jun,,reported
Collier,2014,2,21.2,85.3,26.0,75.8,27.9,52.1,24.9,53.7,9.0,45.4,48.2,40.2,JuryManagementQtrEnding6-30-14.pdf,Apr-Jun,,reported
Columbia,2014,2,30.2,30.2,6.0,30.2,100.0,46.5,24.9,53.7,9.0,45.4,48.2,40.2,JuryManagementQtrEnding6-30-14.pdf,Apr-Jun,,reported
DeSoto,2014,2,73.0,159.0,1.0,93.0,78.5,15.5,24.9,53.7,9.0,45.4,48.2,40.2,JuryManagementQtrEnding6-30-14.pdf,Apr-Jun,,reported
Dixie,2014,2,25.5,52.5,2.0,52.5,48.6,17.0,24.9,53.7,9.0,45.4,48.2,40.2,JuryManagementQtrEnding6-30-14.pdf,Apr-Jun,,reported
Duval,2014,2,40.7,60.3,106.0,48.1,84.6,32.3,24.9,53.7,9.0,45.4,48.2,40.2,JuryManagementQtrEnding6-30-14.pdf,Apr-Jun,,reported
Escambia,2014,2,30.4,52.6,77.0,42.6,71.2,23.8,24.9,53.7,9.0,45.4,48.2,40.2,JuryManagementQtrEnding6-30-14.pdf,Apr-Jun,aps_placeholder_corrected_from_later_edition,reported
Flagler,2014,2,19.5,34.9,15.0,29.9,65.3,41.6,24.9,53.7,9.0,45.4,48.2,40.2,JuryManagementQtrEnding6-30-14.pdf,Apr-Jun,,reported
Franklin,2014,2,0.0,0.0,0.0,0.0,0.0,26.7,24.9,53.7,9.0,45.4,48.2,40.2,JuryManagementQtrEnding6-30-14.pdf,Apr-Jun,,reported
Gadsden,2014,2,20.2,49.9,15.0,42.1,48.0,39.6,24.9,53.7,9.0,45.4,48.2,40.2,JuryManagementQtrEnding6-30-14.pdf,Apr-Jun,,reported
Gilchrist,2014,2,0.0,0.0,0.0,0.0,0.0,0.0,24.9,53.7,9.0,45.4,48.2,40.2,JuryManagementQtrEnding6-30-14.pdf,Apr-Jun,,reported_all_zero
Glades,2014,2,15.8,71.3,4.0,53.8,29.3,7.0,24.9,53.7,9.0,45.4,48.2,40.2,JuryManagementQtrEnding6-30-14.pdf,Apr-Jun,,reported
Gulf,2014,2,0.0,0.0,0.0,0.0,0.0,0.0,24.9,53.7,9.0,45.4,48.2,40.2,JuryManagementQtrEnding6-30-14.pdf,Apr-Jun,,reported_all_zero
Hamilton,2014,2,0.0,0.0,0.0,0.0,0.0,0.0,24.9,53.7,9.0,45.4,48.2,40.2,JuryManagementQtrEnding6-30-14.pdf,Apr-Jun,,reported_all_zero
Hardee,2014,2,7.0,50.5,2.0,43.5,16.1,33.5,24.9,53.7,9.0,45.4,48.2,40.2,JuryManagementQtrEnding6-30-14.pdf,Apr-Jun,,reported
Hendry,2014,2,26.4,92.2,5.0,92.2,28.6,53.7,24.9,53.7,9.0,45.4,48.2,40.2,JuryManagementQtrEnding6-30-14.pdf,Apr-Jun,,reported
Hernando,2014,2,29.7,60.3,9.0,54.9,54.0,43.7,24.9,53.7,9.0,45.4,48.2,40.2,JuryManagementQtrEnding6-30-14.pdf,Apr-Jun,,reported
Highlands,2014,2,19.1,38.8,9.0,24.3,78.5,19.2,24.9,53.7,9.0,45.4,48.2,40.2,JuryManagementQtrEnding6-30-14.pdf,Apr-Jun,,reported
Hillsborough,2014,2,30.1,52.2,174.0,36.9,81.7,23.2,24.9,53.7,9.0,45.4,48.2,40.2,JuryManagementQtrEnding6-30-14.pdf,Apr-Jun,,reported
Holmes,2014,2,14.0,95.0,2.0,88.0,15.9,25.1,24.9,53.7,9.0,45.4,48.2,40.2,JuryManagementQtrEnding6-30-14.pdf,Apr-Jun,,reported
Indian River,2014,2,29.0,53.5,21.0,39.2,73.9,55.3,24.9,53.7,9.0,45.4,48.2,40.2,JuryManagementQtrEnding6-30-14.pdf,Apr-Jun,,reported
Jackson,2014,2,7.0,53.7,3.0,44.3,15.8,41.4,24.9,53.7,9.0,45.4,48.2,40.2,JuryManagementQtrEnding6-30-14.pdf,Apr-Jun,,reported
Jefferson,2014,2,0.0,0.0,0.0,0.0,0.0,37.4,24.9,53.7,9.0,45.4,48.2,40.2,JuryManagementQtrEnding6-30-14.pdf,Apr-Jun,,reported
Lafayette,2014,2,0.0,0.0,0.0,0.0,0.0,45.6,24.9,53.7,9.0,45.4,48.2,40.2,JuryManagementQtrEnding6-30-14.pdf,Apr-Jun,,reported
Lake,2014,2,24.9,59.6,12.0,51.7,48.2,42.5,24.9,53.7,9.0,45.4,48.2,40.2,JuryManagementQtrEnding6-30-14.pdf,Apr-Jun,,reported
Lee,2014,2,29.2,85.8,53.0,76.0,38.5,50.9,24.9,53.7,9.0,45.4,48.2,40.2,JuryManagementQtrEnding6-30-14.pdf,Apr-Jun,,reported
Leon,2014,2,23.6,41.7,77.0,33.1,71.3,37.8,24.9,53.7,9.0,45.4,48.2,40.2,JuryManagementQtrEnding6-30-14.pdf,Apr-Jun,,reported
Levy,2014,2,7.0,57.0,2.0,53.5,13.1,40.0,24.9,53.7,9.0,45.4,48.2,40.2,JuryManagementQtrEnding6-30-14.pdf,Apr-Jun,,reported
Liberty,2014,2,26.3,74.0,3.0,62.3,42.2,42.0,24.9,53.7,9.0,45.4,48.2,40.2,JuryManagementQtrEnding6-30-14.pdf,Apr-Jun,,reported
Madison,2014,2,7.0,35.0,1.0,35.0,20.0,35.0,24.9,53.7,9.0,45.4,48.2,40.2,JuryManagementQtrEnding6-30-14.pdf,Apr-Jun,,reported
Manatee,2014,2,34.6,57.4,27.0,46.0,75.2,42.5,24.9,53.7,9.0,45.4,48.2,40.2,JuryManagementQtrEnding6-30-14.pdf,Apr-Jun,,reported
Marion,2014,2,25.3,49.4,53.0,41.8,60.5,35.3,24.9,53.7,9.0,45.4,48.2,40.2,JuryManagementQtrEnding6-30-14.pdf,Apr-Jun,,reported
Martin,2014,2,50.6,153.8,9.0,123.7,40.9,40.0,24.9,53.7,9.0,45.4,48.2,40.2,JuryManagementQtrEnding6-30-14.pdf,Apr-Jun,,reported
Miami-Dade,2014,2,38.2,94.6,220.0,77.7,49.2,37.1,24.9,53.7,9.0,45.4,48.2,40.2,JuryManagementQtrEnding6-30-14.pdf,Apr-Jun,,reported
Monroe,2014,2,23.7,179.7,3.0,172.7,13.7,43.6,24.9,53.7,9.0,45.4,48.2,40.2,JuryManagementQtrEnding6-30-14.pdf,Apr-Jun,,reported
Nassau,2014,2,27.5,188.5,2.0,181.5,15.2,36.3,24.9,53.7,9.0,45.4,48.2,40.2,JuryManagementQtrEnding6-30-14.pdf,Apr-Jun,,reported
Okaloosa,2014,2,32.1,80.5,8.0,63.4,50.7,51.4,24.9,53.7,9.0,45.4,48.2,40.2,JuryManagementQtrEnding6-30-14.pdf,Apr-Jun,,reported
Okeechobee,2014,2,22.9,25.8,21.0,17.8,129.0,21.2,24.9,53.7,9.0,45.4,48.2,40.2,JuryManagementQtrEnding6-30-14.pdf,Apr-Jun,percent_to_voir_dire_gt_100_reported; ,reported
Orange,2014,2,32.4,60.7,174.0,51.3,63.1,48.0,24.9,53.7,9.0,45.4,48.2,40.2,JuryManagementQtrEnding6-30-14.pdf,Apr-Jun,,reported
Osceola,2014,2,27.1,60.4,50.0,55.6,48.8,40.2,24.9,53.7,9.0,45.4,48.2,40.2,JuryManagementQtrEnding6-30-14.pdf,Apr-Jun,,reported
Palm Beach,2014,2,32.8,85.2,160.0,67.8,48.4,33.6,24.9,53.7,9.0,45.4,48.2,40.2,JuryManagementQtrEnding6-30-14.pdf,Apr-Jun,,reported
Pasco,2014,2,34.6,64.7,45.0,46.7,74.0,42.9,24.9,53.7,9.0,45.4,48.2,40.2,JuryManagementQtrEnding6-30-14.pdf,Apr-Jun,,reported
Pinellas,2014,2,29.1,79.0,100.0,70.9,41.1,44.5,24.9,53.7,9.0,45.4,48.2,40.2,JuryManagementQtrEnding6-30-14.pdf,Apr-Jun,,reported
Polk,2014,2,31.9,30.8,144.0,21.8,146.7,85.5,24.9,53.7,9.0,45.4,48.2,40.2,JuryManagementQtrEnding6-30-14.pdf,Apr-Jun,percent_to_voir_dire_gt_100_reported; ,reported
Putnam,2014,2,18.6,32.3,7.0,27.1,68.4,25.2,24.9,53.7,9.0,45.4,48.2,40.2,JuryManagementQtrEnding6-30-14.pdf,Apr-Jun,,reported
Santa Rosa,2014,2,54.2,77.1,18.0,71.3,76.0,36.6,24.9,53.7,9.0,45.4,48.2,40.2,JuryManagementQtrEnding6-30-14.pdf,Apr-Jun,,reported
Sarasota,2014,2,31.5,107.4,46.0,78.7,40.1,34.6,24.9,53.7,9.0,45.4,48.2,40.2,JuryManagementQtrEnding6-30-14.pdf,Apr-Jun,,reported
Seminole,2014,2,29.2,66.6,48.0,54.9,53.2,55.8,24.9,53.7,9.0,45.4,48.2,40.2,JuryManagementQtrEnding6-30-14.pdf,Apr-Jun,,reported
St. Johns,2014,2,21.5,58.5,11.0,33.2,64.9,40.6,24.9,53.7,9.0,45.4,48.2,40.2,JuryManagementQtrEnding6-30-14.pdf,Apr-Jun,,reported
St. Lucie,2014,2,30.9,45.4,38.0,45.4,68.0,46.7,24.9,53.7,9.0,45.4,48.2,40.2,JuryManagementQtrEnding6-30-14.pdf,Apr-Jun,,reported
Sumter,2014,2,16.8,39.3,4.0,37.5,44.7,24.0,24.9,53.7,9.0,45.4,48.2,40.2,JuryManagementQtrEnding6-30-14.pdf,Apr-Jun,,reported
Suwannee,2014,2,7.0,35.0,1.0,28.0,25.0,48.5,24.9,53.7,9.0,45.4,48.2,40.2,JuryManagementQtrEnding6-30-14.pdf,Apr-Jun,,reported
Taylor,2014,2,27.0,91.0,1.0,83.0,32.5,78.0,24.9,53.7,9.0,45.4,48.2,40.2,JuryManagementQtrEnding6-30-14.pdf,Apr-Jun,,reported
Union,2014,2,19.5,81.5,2.0,71.0,27.5,33.8,24.9,53.7,9.0,45.4,48.2,40.2,JuryManagementQtrEnding6-30-14.pdf,Apr-Jun,,reported
Volusia,2014,2,26.5,51.2,52.0,34.4,77.0,42.7,24.9,53.7,9.0,45.4,48.2,40.2,JuryManagementQtrEnding6-30-14.pdf,Apr-Jun,,reported
Wakulla,2014,2,21.0,185.0,1.0,171.0,12.3,50.3,24.9,53.7,9.0,45.4,48.2,40.2,JuryManagementQtrEnding6-30-14.pdf,Apr-Jun,,reported
Walton,2014,2,19.4,64.0,5.0,52.8,36.7,24.0,24.9,53.7,9.0,45.4,48.2,40.2,JuryManagementQtrEnding6-30-14.pdf,Apr-Jun,,reported
Washington,2014,2,7.0,34.0,2.0,30.5,23.0,40.7,24.9,53.7,9.0,45.4,48.2,40.2,JuryManagementQtrEnding6-30-14.pdf,Apr-Jun,,reported
Alachua,2014,3,30.0,50.6,38.0,36.5,82.3,38.9,26.9,60.2,11.0,51.4,44.5,38.1,20150817-Quarter-Ending-December-31-2014.pdf,Jul-Sep,,reported
Baker,2014,3,7.0,46.7,3.0,39.7,17.6,34.0,26.9,60.2,11.0,51.4,44.5,38.1,20150817-Quarter-Ending-December-31-2014.pdf,Jul-Sep,,reported
Bay,2014,3,28.5,50.9,20.0,46.7,61.0,39.5,26.9,60.2,11.0,51.4,44.5,38.1,20150817-Quarter-Ending-December-31-2014.pdf,Jul-Sep,,reported
Bradford,2014,3,43.2,53.6,5.0,45.0,96.0,32.4,26.9,60.2,11.0,51.4,44.5,38.1,20150817-Quarter-Ending-December-31-2014.pdf,Jul-Sep,,reported
Brevard,2014,3,54.3,110.5,69.0,82.9,65.5,42.1,26.9,60.2,11.0,51.4,44.5,38.1,20150817-Quarter-Ending-December-31-2014.pdf,Jul-Sep,,reported
Broward,2014,3,35.0,79.0,185.0,61.7,56.8,38.0,26.9,60.2,11.0,51.4,44.5,38.1,20150817-Quarter-Ending-December-31-2014.pdf,Jul-Sep,,reported
Calhoun,2014,3,0.0,0.0,0.0,0.0,0.0,0.0,26.9,60.2,11.0,51.4,44.5,38.1,20150817-Quarter-Ending-December-31-2014.pdf,Jul-Sep,,reported_all_zero
Charlotte,2014,3,28.9,47.7,20.0,39.4,73.4,63.6,26.9,60.2,11.0,51.4,44.5,38.1,20150817-Quarter-Ending-December-31-2014.pdf,Jul-Sep,,reported
Citrus,2014,3,20.8,61.0,10.0,50.4,41.3,37.2,26.9,60.2,11.0,51.4,44.5,38.1,20150817-Quarter-Ending-December-31-2014.pdf,Jul-Sep,,reported
Clay,2014,3,21.9,72.9,9.0,61.9,35.4,50.5,26.9,60.2,11.0,51.4,44.5,38.1,20150817-Quarter-Ending-December-31-2014.pdf,Jul-Sep,,reported
Collier,2014,3,28.6,168.8,19.0,161.6,17.7,53.3,26.9,60.2,11.0,51.4,44.5,38.1,20150817-Quarter-Ending-December-31-2014.pdf,Jul-Sep,,reported
Columbia,2014,3,41.0,45.4,7.0,45.4,90.3,45.6,26.9,60.2,11.0,51.4,44.5,38.1,20150817-Quarter-Ending-December-31-2014.pdf,Jul-Sep,,reported
DeSoto,2014,3,47.5,100.5,2.0,90.0,52.8,11.4,26.9,60.2,11.0,51.4,44.5,38.1,20150817-Quarter-Ending-December-31-2014.pdf,Jul-Sep,,reported
Dixie,2014,3,54.0,122.0,1.0,122.0,44.3,30.5,26.9,60.2,11.0,51.4,44.5,38.1,20150817-Quarter-Ending-December-31-2014.pdf,Jul-Sep,,reported
Duval,2014,3,41.3,69.2,89.0,51.4,80.4,28.6,26.9,60.2,11.0,51.4,44.5,38.1,20150817-Quarter-Ending-December-31-2014.pdf,Jul-Sep,,reported
Escambia,2014,3,26.5,51.8,73.0,40.9,64.8,23.7,26.9,60.2,11.0,51.4,44.5,38.1,20150817-Quarter-Ending-December-31-2014.pdf,Jul-Sep,,reported
Flagler,2014,3,22.6,46.2,10.0,35.3,64.0,29.9,26.9,60.2,11.0,51.4,44.5,38.1,20150817-Quarter-Ending-December-31-2014.pdf,Jul-Sep,,reported
Franklin,2014,3,0.0,0.0,0.0,0.0,0.0,0.0,26.9,60.2,11.0,51.4,44.5,38.1,20150817-Quarter-Ending-December-31-2014.pdf,Jul-Sep,,reported_all_zero
Gadsden,2014,3,18.2,40.3,16.0,31.7,57.4,56.8,26.9,60.2,11.0,51.4,44.5,38.1,20150817-Quarter-Ending-December-31-2014.pdf,Jul-Sep,,reported
Gilchrist,2014,3,0.0,0.0,0.0,0.0,0.0,0.0,26.9,60.2,11.0,51.4,44.5,38.1,20150817-Quarter-Ending-December-31-2014.pdf,Jul-Sep,,reported_all_zero
Glades,2014,3,0.0,0.0,0.0,0.0,0.0,8.5,26.9,60.2,11.0,51.4,44.5,38.1,20150817-Quarter-Ending-December-31-2014.pdf,Jul-Sep,,reported
Gulf,2014,3,7.0,53.7,3.0,53.7,13.0,38.1,26.9,60.2,11.0,51.4,44.5,38.1,20150817-Quarter-Ending-December-31-2014.pdf,Jul-Sep,,reported
Hamilton,2014,3,7.0,121.0,1.0,121.0,5.8,30.3,26.9,60.2,11.0,51.4,44.5,38.1,20150817-Quarter-Ending-December-31-2014.pdf,Jul-Sep,,reported
Hardee,2014,3,23.0,82.0,1.0,75.0,30.7,28.8,26.9,60.2,11.0,51.4,44.5,38.1,20150817-Quarter-Ending-December-31-2014.pdf,Jul-Sep,,reported
Hendry,2014,3,32.4,76.6,5.0,76.6,42.3,56.3,26.9,60.2,11.0,51.4,44.5,38.1,20150817-Quarter-Ending-December-31-2014.pdf,Jul-Sep,,reported
Hernando,2014,3,27.4,66.8,13.0,60.0,45.6,59.4,26.9,60.2,11.0,51.4,44.5,38.1,20150817-Quarter-Ending-December-31-2014.pdf,Jul-Sep,,reported
Highlands,2014,3,14.9,26.0,14.0,15.8,94.6,19.7,26.9,60.2,11.0,51.4,44.5,38.1,20150817-Quarter-Ending-December-31-2014.pdf,Jul-Sep,,reported
Hillsborough,2014,3,31.3,54.3,167.0,39.0,80.3,23.3,26.9,60.2,11.0,51.4,44.5,38.1,20150817-Quarter-Ending-December-31-2014.pdf,Jul-Sep,,reported
Holmes,2014,3,24.0,63.0,1.0,56.0,42.9,18.7,26.9,60.2,11.0,51.4,44.5,38.1,20150817-Quarter-Ending-December-31-2014.pdf,Jul-Sep,,reported
Indian River,2014,3,43.9,88.6,18.0,57.9,75.8,40.6,26.9,60.2,11.0,51.4,44.5,38.1,20150817-Quarter-Ending-December-31-2014.pdf,Jul-Sep,,reported
Jackson,2014,3,18.0,95.0,1.0,95.0,18.9,47.5,26.9,60.2,11.0,51.4,44.5,38.1,20150817-Quarter-Ending-December-31-2014.pdf,Jul-Sep,,reported
Jefferson,2014,3,7.0,63.0,1.0,63.0,11.1,42.0,26.9,60.2,11.0,51.4,44.5,38.1,20150817-Quarter-Ending-December-31-2014.pdf,Jul-Sep,,reported
Lafayette,2014,3,0.0,0.0,0.0,0.0,0.0,0.0,26.9,60.2,11.0,51.4,44.5,38.1,20150817-Quarter-Ending-December-31-2014.pdf,Jul-Sep,,reported_all_zero
Lake,2014,3,26.4,58.3,12.0,44.3,59.7,40.4,26.9,60.2,11.0,51.4,44.5,38.1,20150817-Quarter-Ending-December-31-2014.pdf,Jul-Sep,,reported
Lee,2014,3,26.3,79.6,53.0,76.3,34.4,50.6,26.9,60.2,11.0,51.4,44.5,38.1,20150817-Quarter-Ending-December-31-2014.pdf,Jul-Sep,,reported
Leon,2014,3,26.9,47.6,56.0,39.9,67.4,38.7,26.9,60.2,11.0,51.4,44.5,38.1,20150817-Quarter-Ending-December-31-2014.pdf,Jul-Sep,,reported
Levy,2014,3,7.0,74.0,1.0,67.0,10.4,40.9,26.9,60.2,11.0,51.4,44.5,38.1,20150817-Quarter-Ending-December-31-2014.pdf,Jul-Sep,,reported
Liberty,2014,3,18.0,76.5,2.0,73.5,24.5,36.3,26.9,60.2,11.0,51.4,44.5,38.1,20150817-Quarter-Ending-December-31-2014.pdf,Jul-Sep,,reported
Madison,2014,3,7.0,38.0,2.0,38.0,18.4,40.0,26.9,60.2,11.0,51.4,44.5,38.1,20150817-Quarter-Ending-December-31-2014.pdf,Jul-Sep,,reported
Manatee,2014,3,36.9,67.7,33.0,58.1,63.5,42.8,26.9,60.2,11.0,51.4,44.5,38.1,20150817-Quarter-Ending-December-31-2014.pdf,Jul-Sep,,reported
Marion,2014,3,23.9,63.8,46.0,55.1,43.4,36.6,26.9,60.2,11.0,51.4,44.5,38.1,20150817-Quarter-Ending-December-31-2014.pdf,Jul-Sep,,reported
Martin,2014,3,52.2,134.6,11.0,106.7,48.9,43.1,26.9,60.2,11.0,51.4,44.5,38.1,20150817-Quarter-Ending-December-31-2014.pdf,Jul-Sep,,reported
Miami-Dade,2014,3,44.2,95.6,200.0,79.0,55.9,34.8,26.9,60.2,11.0,51.4,44.5,38.1,20150817-Quarter-Ending-December-31-2014.pdf,Jul-Sep,,reported
Monroe,2014,3,13.8,64.1,12.0,61.5,22.4,29.4,26.9,60.2,11.0,51.4,44.5,38.1,20150817-Quarter-Ending-December-31-2014.pdf,Jul-Sep,,reported
Nassau,2014,3,27.0,361.0,1.0,361.0,7.5,37.3,26.9,60.2,11.0,51.4,44.5,38.1,20150817-Quarter-Ending-December-31-2014.pdf,Jul-Sep,,reported
Okaloosa,2014,3,32.9,64.8,10.0,56.8,57.9,51.2,26.9,60.2,11.0,51.4,44.5,38.1,20150817-Quarter-Ending-December-31-2014.pdf,Jul-Sep,,reported
Okeechobee,2014,3,31.1,31.1,15.0,26.9,115.6,26.5,26.9,60.2,11.0,51.4,44.5,38.1,20150817-Quarter-Ending-December-31-2014.pdf,Jul-Sep,percent_to_voir_dire_gt_100_reported; ,reported
Orange,2014,3,28.3,56.2,181.0,47.1,60.1,46.9,26.9,60.2,11.0,51.4,44.5,38.1,20150817-Quarter-Ending-December-31-2014.pdf,Jul-Sep,,reported
Osceola,2014,3,28.1,64.0,50.0,57.8,48.5,46.4,26.9,60.2,11.0,51.4,44.5,38.1,20150817-Quarter-Ending-December-31-2014.pdf,Jul-Sep,,reported
Palm Beach,2014,3,31.5,89.6,130.0,76.5,41.2,33.4,26.9,60.2,11.0,51.4,44.5,38.1,20150817-Quarter-Ending-December-31-2014.pdf,Jul-Sep,,reported
Pasco,2014,3,27.4,61.8,37.0,51.4,53.2,41.8,26.9,60.2,11.0,51.4,44.5,38.1,20150817-Quarter-Ending-December-31-2014.pdf,Jul-Sep,,reported
Pinellas,2014,3,28.3,84.9,95.0,73.4,38.5,44.7,26.9,60.2,11.0,51.4,44.5,38.1,20150817-Quarter-Ending-December-31-2014.pdf,Jul-Sep,,reported
Polk,2014,3,33.7,30.9,172.0,21.0,160.2,85.8,26.9,60.2,11.0,51.4,44.5,38.1,20150817-Quarter-Ending-December-31-2014.pdf,Jul-Sep,percent_to_voir_dire_gt_100_reported; ,reported
Putnam,2014,3,23.2,29.0,12.0,22.3,103.7,27.4,26.9,60.2,11.0,51.4,44.5,38.1,20150817-Quarter-Ending-December-31-2014.pdf,Jul-Sep,percent_to_voir_dire_gt_100_reported; ,reported
Santa Rosa,2014,3,48.5,58.3,23.0,52.9,91.7,31.7,26.9,60.2,11.0,51.4,44.5,38.1,20150817-Quarter-Ending-December-31-2014.pdf,Jul-Sep,,reported
Sarasota,2014,3,34.3,119.5,31.0,102.1,33.6,32.2,26.9,60.2,11.0,51.4,44.5,38.1,20150817-Quarter-Ending-December-31-2014.pdf,Jul-Sep,,reported
Seminole,2014,3,27.4,59.2,40.0,50.3,54.4,56.3,26.9,60.2,11.0,51.4,44.5,38.1,20150817-Quarter-Ending-December-31-2014.pdf,Jul-Sep,,reported
St. Johns,2014,3,18.7,58.9,7.0,45.1,41.5,38.3,26.9,60.2,11.0,51.4,44.5,38.1,20150817-Quarter-Ending-December-31-2014.pdf,Jul-Sep,,reported
St. Lucie,2014,3,34.3,66.2,39.0,56.0,61.3,29.9,26.9,60.2,11.0,51.4,44.5,38.1,20150817-Quarter-Ending-December-31-2014.pdf,Jul-Sep,,reported
Sumter,2014,3,14.7,38.0,3.0,33.3,44.0,25.0,26.9,60.2,11.0,51.4,44.5,38.1,20150817-Quarter-Ending-December-31-2014.pdf,Jul-Sep,,reported
Suwannee,2014,3,6.8,47.8,4.0,44.3,15.3,41.1,26.9,60.2,11.0,51.4,44.5,38.1,20150817-Quarter-Ending-December-31-2014.pdf,Jul-Sep,,reported
Taylor,2014,3,33.5,70.0,2.0,62.0,54.0,48.6,26.9,60.2,11.0,51.4,44.5,38.1,20150817-Quarter-Ending-December-31-2014.pdf,Jul-Sep,,reported
Union,2014,3,0.0,0.0,0.0,0.0,0.0,0.0,26.9,60.2,11.0,51.4,44.5,38.1,20150817-Quarter-Ending-December-31-2014.pdf,Jul-Sep,,reported_all_zero
Volusia,2014,3,22.7,60.2,31.0,51.0,44.5,47.1,26.9,60.2,11.0,51.4,44.5,38.1,20150817-Quarter-Ending-December-31-2014.pdf,Jul-Sep,,reported
Wakulla,2014,3,36.8,42.0,4.0,36.8,100.0,53.6,26.9,60.2,11.0,51.4,44.5,38.1,20150817-Quarter-Ending-December-31-2014.pdf,Jul-Sep,,reported
Walton,2014,3,17.0,57.5,2.0,50.5,33.7,25.3,26.9,60.2,11.0,51.4,44.5,38.1,20150817-Quarter-Ending-December-31-2014.pdf,Jul-Sep,,reported
Washington,2014,3,7.0,39.0,1.0,32.0,21.9,42.7,26.9,60.2,11.0,51.4,44.5,38.1,20150817-Quarter-Ending-December-31-2014.pdf,Jul-Sep,,reported
Alachua,2014,4,26.6,40.7,43.0,28.5,93.2,42.1,25.3,54.6,12.0,46.8,47.7,38.7,20150817-Quarter-Ending-December-31-2014.pdf,Oct-Dec,,reported
Baker,2014,4,18.7,25.7,3.0,25.7,72.7,30.8,25.3,54.6,12.0,46.8,47.7,38.7,20150817-Quarter-Ending-December-31-2014.pdf,Oct-Dec,,reported
Bay,2014,4,33.9,63.8,17.0,52.5,64.7,40.5,25.3,54.6,12.0,46.8,47.7,38.7,20150817-Quarter-Ending-December-31-2014.pdf,Oct-Dec,,reported
Bradford,2014,4,11.3,40.3,9.0,30.7,37.0,32.2,25.3,54.6,12.0,46.8,47.7,38.7,20150817-Quarter-Ending-December-31-2014.pdf,Oct-Dec,,reported
Brevard,2014,4,55.2,106.0,54.0,83.9,65.8,45.0,25.3,54.6,12.0,46.8,47.7,38.7,20150817-Quarter-Ending-December-31-2014.pdf,Oct-Dec,,reported
Broward,2014,4,34.1,72.6,155.0,56.1,60.8,39.2,25.3,54.6,12.0,46.8,47.7,38.7,20150817-Quarter-Ending-December-31-2014.pdf,Oct-Dec,,reported
Calhoun,2014,4,7.0,40.0,1.0,40.0,17.5,40.0,25.3,54.6,12.0,46.8,47.7,38.7,20150817-Quarter-Ending-December-31-2014.pdf,Oct-Dec,,reported
Charlotte,2014,4,42.4,54.6,18.0,47.2,89.8,65.9,25.3,54.6,12.0,46.8,47.7,38.7,20150817-Quarter-Ending-December-31-2014.pdf,Oct-Dec,,reported
Citrus,2014,4,22.0,227.0,1.0,220.0,10.0,54.3,25.3,54.6,12.0,46.8,47.7,38.7,20150817-Quarter-Ending-December-31-2014.pdf,Oct-Dec,,reported
Clay,2014,4,29.8,112.0,5.0,98.2,30.3,49.7,25.3,54.6,12.0,46.8,47.7,38.7,20150817-Quarter-Ending-December-31-2014.pdf,Oct-Dec,,reported
Collier,2014,4,30.1,88.3,22.0,78.5,38.4,48.1,25.3,54.6,12.0,46.8,47.7,38.7,20150817-Quarter-Ending-December-31-2014.pdf,Oct-Dec,,reported
Columbia,2014,4,57.3,57.3,3.0,57.3,100.0,38.0,25.3,54.6,12.0,46.8,47.7,38.7,20150817-Quarter-Ending-December-31-2014.pdf,Oct-Dec,,reported
DeSoto,2014,4,0.0,0.0,0.0,0.0,0.0,0.0,25.3,54.6,12.0,46.8,47.7,38.7,20150817-Quarter-Ending-December-31-2014.pdf,Oct-Dec,,reported_all_zero
Dixie,2014,4,58.0,130.0,1.0,130.0,44.6,20.3,25.3,54.6,12.0,46.8,47.7,38.7,20150817-Quarter-Ending-December-31-2014.pdf,Oct-Dec,,reported
Duval,2014,4,43.9,69.8,67.0,50.0,87.6,27.5,25.3,54.6,12.0,46.8,47.7,38.7,20150817-Quarter-Ending-December-31-2014.pdf,Oct-Dec,,reported
Escambia,2014,4,25.9,47.5,66.0,39.3,60.1,24.0,25.3,54.6,12.0,46.8,47.7,38.7,20150817-Quarter-Ending-December-31-2014.pdf,Oct-Dec,aps_placeholder_uncorrected_in_source,reported
Flagler,2014,4,26.5,67.6,8.0,55.5,47.7,32.6,25.3,54.6,12.0,46.8,47.7,38.7,20150817-Quarter-Ending-December-31-2014.pdf,Oct-Dec,,reported
Franklin,2014,4,45.0,98.0,1.0,90.0,50.0,30.0,25.3,54.6,12.0,46.8,47.7,38.7,20150817-Quarter-Ending-December-31-2014.pdf,Oct-Dec,,reported
Gadsden,2014,4,18.3,41.3,16.0,34.8,52.4,40.8,25.3,54.6,12.0,46.8,47.7,38.7,20150817-Quarter-Ending-December-31-2014.pdf,Oct-Dec,,reported
Gilchrist,2014,4,0.0,0.0,0.0,0.0,0.0,38.0,25.3,54.6,12.0,46.8,47.7,38.7,20150817-Quarter-Ending-December-31-2014.pdf,Oct-Dec,,reported
Glades,2014,4,0.0,0.0,0.0,0.0,0.0,0.0,25.3,54.6,12.0,46.8,47.7,38.7,20150817-Quarter-Ending-December-31-2014.pdf,Oct-Dec,,reported_all_zero
Gulf,2014,4,0.0,0.0,0.0,0.0,0.0,40.0,25.3,54.6,12.0,46.8,47.7,38.7,20150817-Quarter-Ending-December-31-2014.pdf,Oct-Dec,,reported
Hamilton,2014,4,0.0,0.0,0.0,0.0,0.0,0.0,25.3,54.6,12.0,46.8,47.7,38.7,20150817-Quarter-Ending-December-31-2014.pdf,Oct-Dec,,reported_all_zero
Hardee,2014,4,15.7,52.0,3.0,47.7,32.9,38.7,25.3,54.6,12.0,46.8,47.7,38.7,20150817-Quarter-Ending-December-31-2014.pdf,Oct-Dec,,reported
Hendry,2014,4,26.2,74.4,5.0,74.4,35.2,53.6,25.3,54.6,12.0,46.8,47.7,38.7,20150817-Quarter-Ending-December-31-2014.pdf,Oct-Dec,,reported
Hernando,2014,4,28.3,50.5,16.0,44.0,64.3,57.6,25.3,54.6,12.0,46.8,47.7,38.7,20150817-Quarter-Ending-December-31-2014.pdf,Oct-Dec,,reported
Highlands,2014,4,14.3,27.8,12.0,19.6,72.8,22.6,25.3,54.6,12.0,46.8,47.7,38.7,20150817-Quarter-Ending-December-31-2014.pdf,Oct-Dec,,reported
Hillsborough,2014,4,33.1,50.9,170.0,33.7,98.4,23.5,25.3,54.6,12.0,46.8,47.7,38.7,20150817-Quarter-Ending-December-31-2014.pdf,Oct-Dec,,reported
Holmes,2014,4,0.0,0.0,0.0,0.0,0.0,17.0,25.3,54.6,12.0,46.8,47.7,38.7,20150817-Quarter-Ending-December-31-2014.pdf,Oct-Dec,,reported
Indian River,2014,4,29.8,85.4,12.0,71.2,41.9,45.1,25.3,54.6,12.0,46.8,47.7,38.7,20150817-Quarter-Ending-December-31-2014.pdf,Oct-Dec,,reported
Jackson,2014,4,7.0,60.0,1.0,53.0,13.2,44.2,25.3,54.6,12.0,46.8,47.7,38.7,20150817-Quarter-Ending-December-31-2014.pdf,Oct-Dec,,reported
Jefferson,2014,4,0.0,0.0,0.0,0.0,0.0,0.0,25.3,54.6,12.0,46.8,47.7,38.7,20150817-Quarter-Ending-December-31-2014.pdf,Oct-Dec,,reported_all_zero
Lafayette,2014,4,0.0,0.0,0.0,0.0,0.0,0.0,25.3,54.6,12.0,46.8,47.7,38.7,20150817-Quarter-Ending-December-31-2014.pdf,Oct-Dec,,reported_all_zero
Lake,2014,4,23.8,41.6,17.0,33.2,71.7,40.4,25.3,54.6,12.0,46.8,47.7,38.7,20150817-Quarter-Ending-December-31-2014.pdf,Oct-Dec,,reported
Lee,2014,4,30.3,76.9,56.0,70.4,43.1,54.5,25.3,54.6,12.0,46.8,47.7,38.7,20150817-Quarter-Ending-December-31-2014.pdf,Oct-Dec,,reported
Leon,2014,4,25.3,47.2,58.0,38.8,65.2,49.6,25.3,54.6,12.0,46.8,47.7,38.7,20150817-Quarter-Ending-December-31-2014.pdf,Oct-Dec,,reported
Levy,2014,4,34.1,66.0,7.0,57.1,59.8,34.0,25.3,54.6,12.0,46.8,47.7,38.7,20150817-Quarter-Ending-December-31-2014.pdf,Oct-Dec,,reported
Liberty,2014,4,22.0,42.7,3.0,40.3,54.5,30.5,25.3,54.6,12.0,46.8,47.7,38.7,20150817-Quarter-Ending-December-31-2014.pdf,Oct-Dec,,reported
Madison,2014,4,7.0,39.0,1.0,39.0,17.9,43.3,25.3,54.6,12.0,46.8,47.7,38.7,20150817-Quarter-Ending-December-31-2014.pdf,Oct-Dec,,reported
Manatee,2014,4,36.4,72.7,35.0,59.7,60.9,43.6,25.3,54.6,12.0,46.8,47.7,38.7,20150817-Quarter-Ending-December-31-2014.pdf,Oct-Dec,,reported
Marion,2014,4,23.4,60.2,44.0,50.8,46.1,34.7,25.3,54.6,12.0,46.8,47.7,38.7,20150817-Quarter-Ending-December-31-2014.pdf,Oct-Dec,,reported
Martin,2014,4,49.3,131.9,9.0,105.7,46.7,40.7,25.3,54.6,12.0,46.8,47.7,38.7,20150817-Quarter-Ending-December-31-2014.pdf,Oct-Dec,,reported
Miami-Dade,2014,4,46.7,118.2,157.0,91.9,50.9,34.0,25.3,54.6,12.0,46.8,47.7,38.7,20150817-Quarter-Ending-December-31-2014.pdf,Oct-Dec,,reported
Monroe,2014,4,18.8,104.1,10.0,98.2,19.1,36.2,25.3,54.6,12.0,46.8,47.7,38.7,20150817-Quarter-Ending-December-31-2014.pdf,Oct-Dec,,reported
Nassau,2014,4,25.0,99.8,4.0,96.5,25.9,36.0,25.3,54.6,12.0,46.8,47.7,38.7,20150817-Quarter-Ending-December-31-2014.pdf,Oct-Dec,,reported
Okaloosa,2014,4,23.4,49.1,18.0,40.7,57.6,53.0,25.3,54.6,12.0,46.8,47.7,38.7,20150817-Quarter-Ending-December-31-2014.pdf,Oct-Dec,,reported
Okeechobee,2014,4,35.0,36.0,14.0,31.5,111.1,23.6,25.3,54.6,12.0,46.8,47.7,38.7,20150817-Quarter-Ending-December-31-2014.pdf,Oct-Dec,percent_to_voir_dire_gt_100_reported; ,reported
Orange,2014,4,34.8,71.0,129.0,59.7,58.3,45.6,25.3,54.6,12.0,46.8,47.7,38.7,20150817-Quarter-Ending-December-31-2014.pdf,Oct-Dec,,reported
Osceola,2014,4,27.9,59.4,45.0,52.6,53.1,43.6,25.3,54.6,12.0,46.8,47.7,38.7,20150817-Quarter-Ending-December-31-2014.pdf,Oct-Dec,,reported
Palm Beach,2014,4,36.4,108.4,103.0,85.6,42.5,34.0,25.3,54.6,12.0,46.8,47.7,38.7,20150817-Quarter-Ending-December-31-2014.pdf,Oct-Dec,,reported
Pasco,2014,4,32.6,65.3,32.0,56.8,57.3,42.0,25.3,54.6,12.0,46.8,47.7,38.7,20150817-Quarter-Ending-December-31-2014.pdf,Oct-Dec,,reported
Pinellas,2014,4,31.0,83.5,76.0,73.1,42.4,47.6,25.3,54.6,12.0,46.8,47.7,38.7,20150817-Quarter-Ending-December-31-2014.pdf,Oct-Dec,,reported
Polk,2014,4,31.7,28.6,161.0,19.3,164.0,86.1,25.3,54.6,12.0,46.8,47.7,38.7,20150817-Quarter-Ending-December-31-2014.pdf,Oct-Dec,percent_to_voir_dire_gt_100_reported; ,reported
Putnam,2014,4,22.4,27.1,14.0,19.9,112.5,28.0,25.3,54.6,12.0,46.8,47.7,38.7,20150817-Quarter-Ending-December-31-2014.pdf,Oct-Dec,percent_to_voir_dire_gt_100_reported; ,reported
Santa Rosa,2014,4,36.2,51.8,18.0,47.7,75.9,35.3,25.3,54.6,12.0,46.8,47.7,38.7,20150817-Quarter-Ending-December-31-2014.pdf,Oct-Dec,,reported
Sarasota,2014,4,40.1,102.3,36.0,85.9,46.6,33.0,25.3,54.6,12.0,46.8,47.7,38.7,20150817-Quarter-Ending-December-31-2014.pdf,Oct-Dec,,reported
Seminole,2014,4,28.9,57.8,47.0,44.8,64.5,54.1,25.3,54.6,12.0,46.8,47.7,38.7,20150817-Quarter-Ending-December-31-2014.pdf,Oct-Dec,,reported
St. Johns,2014,4,13.8,30.1,15.0,20.3,68.1,36.8,25.3,54.6,12.0,46.8,47.7,38.7,20150817-Quarter-Ending-December-31-2014.pdf,Oct-Dec,,reported
St. Lucie,2014,4,31.0,57.3,41.0,44.6,69.5,32.8,25.3,54.6,12.0,46.8,47.7,38.7,20150817-Quarter-Ending-December-31-2014.pdf,Oct-Dec,,reported
Sumter,2014,4,15.0,56.0,1.0,49.0,30.6,24.5,25.3,54.6,12.0,46.8,47.7,38.7,20150817-Quarter-Ending-December-31-2014.pdf,Oct-Dec,,reported
Suwannee,2014,4,7.0,25.0,6.0,20.3,34.4,40.8,25.3,54.6,12.0,46.8,47.7,38.7,20150817-Quarter-Ending-December-31-2014.pdf,Oct-Dec,,reported
Taylor,2014,4,22.0,97.0,1.0,90.0,24.4,100.0,25.3,54.6,12.0,46.8,47.7,38.7,20150817-Quarter-Ending-December-31-2014.pdf,Oct-Dec,,reported
Union,2014,4,21.0,46.0,1.0,39.0,53.8,39.0,25.3,54.6,12.0,46.8,47.7,38.7,20150817-Quarter-Ending-December-31-2014.pdf,Oct-Dec,,reported
Volusia,2014,4,33.5,57.8,32.0,46.8,71.5,43.5,25.3,54.6,12.0,46.8,47.7,38.7,20150817-Quarter-Ending-December-31-2014.pdf,Oct-Dec,,reported
Wakulla,2014,4,0.0,0.0,0.0,0.0,0.0,39.0,25.3,54.6,12.0,46.8,47.7,38.7,20150817-Quarter-Ending-December-31-2014.pdf,Oct-Dec,,reported
Walton,2014,4,15.0,46.3,3.0,41.7,36.0,28.7,25.3,54.6,12.0,46.8,47.7,38.7,20150817-Quarter-Ending-December-31-2014.pdf,Oct-Dec,,reported
Washington,2014,4,7.3,27.0,3.0,27.0,27.2,36.5,25.3,54.6,12.0,46.8,47.7,38.7,20150817-Quarter-Ending-December-31-2014.pdf,Oct-Dec,,reported
Alachua,2015,1,31.0,44.8,27.0,36.3,85.3,49.5,27.0,59.4,12.0,48.3,51.7,37.7,20160722-Quarter-Ending-December-31-2015.pdf,Jan-Mar,,reported
Baker,2015,1,7.5,105.5,2.0,94.0,8.0,31.5,27.0,59.4,12.0,48.3,51.7,37.7,20160722-Quarter-Ending-December-31-2015.pdf,Jan-Mar,,reported
Bay,2015,1,37.8,59.4,22.0,48.3,78.2,44.0,27.0,59.4,12.0,48.3,51.7,37.7,20160722-Quarter-Ending-December-31-2015.pdf,Jan-Mar,,reported
Bradford,2015,1,27.0,44.8,5.0,33.8,79.9,39.4,27.0,59.4,12.0,48.3,51.7,37.7,20160722-Quarter-Ending-December-31-2015.pdf,Jan-Mar,,reported
Brevard,2015,1,62.7,118.9,65.0,85.6,73.2,44.6,27.0,59.4,12.0,48.3,51.7,37.7,20160722-Quarter-Ending-December-31-2015.pdf,Jan-Mar,,reported
Broward,2015,1,41.1,83.9,201.0,61.4,66.9,39.0,27.0,59.4,12.0,48.3,51.7,37.7,20160722-Quarter-Ending-December-31-2015.pdf,Jan-Mar,,reported
Calhoun,2015,1,7.0,29.0,1.0,29.0,24.1,29.0,27.0,59.4,12.0,48.3,51.7,37.7,20160722-Quarter-Ending-December-31-2015.pdf,Jan-Mar,,reported
Charlotte,2015,1,32.6,58.1,25.0,44.3,73.6,65.0,27.0,59.4,12.0,48.3,51.7,37.7,20160722-Quarter-Ending-December-31-2015.pdf,Jan-Mar,,reported
Citrus,2015,1,21.5,49.6,11.0,42.8,50.1,36.1,27.0,59.4,12.0,48.3,51.7,37.7,20160722-Quarter-Ending-December-31-2015.pdf,Jan-Mar,,reported
Clay,2015,1,22.3,63.9,8.0,55.1,40.4,43.0,27.0,59.4,12.0,48.3,51.7,37.7,20160722-Quarter-Ending-December-31-2015.pdf,Jan-Mar,,reported
Collier,2015,1,26.3,83.7,29.0,73.6,35.7,51.0,27.0,59.4,12.0,48.3,51.7,37.7,20160722-Quarter-Ending-December-31-2015.pdf,Jan-Mar,,reported
Columbia,2015,1,49.3,63.3,7.0,63.3,77.9,36.5,27.0,59.4,12.0,48.3,51.7,37.7,20160722-Quarter-Ending-December-31-2015.pdf,Jan-Mar,,reported
DeSoto,2015,1,38.7,56.3,3.0,47.0,82.3,14.5,27.0,59.4,12.0,48.3,51.7,37.7,20160722-Quarter-Ending-December-31-2015.pdf,Jan-Mar,,reported
Dixie,2015,1,36.5,74.0,2.0,74.0,49.3,20.4,27.0,59.4,12.0,48.3,51.7,37.7,20160722-Quarter-Ending-December-31-2015.pdf,Jan-Mar,,reported
Duval,2015,1,41.2,60.7,98.0,45.3,90.8,28.2,27.0,59.4,12.0,48.3,51.7,37.7,20160722-Quarter-Ending-December-31-2015.pdf,Jan-Mar,,reported
Escambia,2015,1,22.3,45.1,66.0,38.2,58.3,25.0,27.0,59.4,12.0,48.3,51.7,37.7,20160722-Quarter-Ending-December-31-2015.pdf,Jan-Mar,,reported
Flagler,2015,1,21.2,50.0,11.0,42.1,50.3,27.7,27.0,59.4,12.0,48.3,51.7,37.7,20160722-Quarter-Ending-December-31-2015.pdf,Jan-Mar,,reported
Franklin,2015,1,0.0,0.0,0.0,0.0,0.0,33.3,27.0,59.4,12.0,48.3,51.7,37.7,20160722-Quarter-Ending-December-31-2015.pdf,Jan-Mar,,reported
Gadsden,2015,1,21.6,46.0,21.0,37.0,58.4,37.3,27.0,59.4,12.0,48.3,51.7,37.7,20160722-Quarter-Ending-December-31-2015.pdf,Jan-Mar,,reported
Gilchrist,2015,1,23.3,55.0,3.0,47.7,49.0,34.5,27.0,59.4,12.0,48.3,51.7,37.7,20160722-Quarter-Ending-December-31-2015.pdf,Jan-Mar,,reported
Glades,2015,1,0.0,55.0,1.0,55.0,0.0,73.9,27.0,59.4,12.0,48.3,51.7,37.7,20160722-Quarter-Ending-December-31-2015.pdf,Jan-Mar,,reported
Gulf,2015,1,19.0,82.0,1.0,82.0,23.2,56.0,27.0,59.4,12.0,48.3,51.7,37.7,20160722-Quarter-Ending-December-31-2015.pdf,Jan-Mar,,reported
Hamilton,2015,1,35.5,95.5,2.0,95.5,37.2,31.8,27.0,59.4,12.0,48.3,51.7,37.7,20160722-Quarter-Ending-December-31-2015.pdf,Jan-Mar,,reported
Hardee,2015,1,24.0,73.0,1.0,45.0,53.3,22.5,27.0,59.4,12.0,48.3,51.7,37.7,20160722-Quarter-Ending-December-31-2015.pdf,Jan-Mar,,reported
Hendry,2015,1,34.2,68.8,6.0,68.8,49.6,49.0,27.0,59.4,12.0,48.3,51.7,37.7,20160722-Quarter-Ending-December-31-2015.pdf,Jan-Mar,,reported
Hernando,2015,1,31.0,84.8,8.0,83.0,37.3,54.8,27.0,59.4,12.0,48.3,51.7,37.7,20160722-Quarter-Ending-December-31-2015.pdf,Jan-Mar,,reported
Highlands,2015,1,19.8,91.5,4.0,81.3,24.3,17.2,27.0,59.4,12.0,48.3,51.7,37.7,20160722-Quarter-Ending-December-31-2015.pdf,Jan-Mar,,reported
Hillsborough,2015,1,35.9,67.8,136.0,48.4,74.2,23.6,27.0,59.4,12.0,48.3,51.7,37.7,20160722-Quarter-Ending-December-31-2015.pdf,Jan-Mar,,reported
Holmes,2015,1,21.0,52.0,1.0,45.0,46.7,22.5,27.0,59.4,12.0,48.3,51.7,37.7,20160722-Quarter-Ending-December-31-2015.pdf,Jan-Mar,,reported
Indian River,2015,1,42.5,73.5,21.0,54.9,77.4,50.0,27.0,59.4,12.0,48.3,51.7,37.7,20160722-Quarter-Ending-December-31-2015.pdf,Jan-Mar,,reported
Jackson,2015,1,7.0,29.3,4.0,22.3,31.5,33.0,27.0,59.4,12.0,48.3,51.7,37.7,20160722-Quarter-Ending-December-31-2015.pdf,Jan-Mar,,reported
Jefferson,2015,1,6.0,68.0,1.0,68.0,8.8,38.9,27.0,59.4,12.0,48.3,51.7,37.7,20160722-Quarter-Ending-December-31-2015.pdf,Jan-Mar,,reported
Lafayette,2015,1,24.0,32.0,1.0,32.0,75.0,42.7,27.0,59.4,12.0,48.3,51.7,37.7,20160722-Quarter-Ending-December-31-2015.pdf,Jan-Mar,,reported
Lake,2015,1,24.3,40.2,18.0,32.8,74.2,40.6,27.0,59.4,12.0,48.3,51.7,37.7,20160722-Quarter-Ending-December-31-2015.pdf,Jan-Mar,,reported
Lee,2015,1,29.6,85.2,53.0,80.4,36.8,53.9,27.0,59.4,12.0,48.3,51.7,37.7,20160722-Quarter-Ending-December-31-2015.pdf,Jan-Mar,,reported
Leon,2015,1,27.6,56.7,65.0,48.0,57.5,45.3,27.0,59.4,12.0,48.3,51.7,37.7,20160722-Quarter-Ending-December-31-2015.pdf,Jan-Mar,,reported
Levy,2015,1,51.0,89.0,1.0,89.0,57.3,27.4,27.0,59.4,12.0,48.3,51.7,37.7,20160722-Quarter-Ending-December-31-2015.pdf,Jan-Mar,,reported
Liberty,2015,1,18.5,44.3,4.0,40.8,45.4,38.8,27.0,59.4,12.0,48.3,51.7,37.7,20160722-Quarter-Ending-December-31-2015.pdf,Jan-Mar,,reported
Madison,2015,1,0.0,0.0,0.0,0.0,0.0,0.0,27.0,59.4,12.0,48.3,51.7,37.7,20160722-Quarter-Ending-December-31-2015.pdf,Jan-Mar,,reported_all_zero
Manatee,2015,1,36.7,77.8,37.0,63.9,57.4,43.4,27.0,59.4,12.0,48.3,51.7,37.7,20160722-Quarter-Ending-December-31-2015.pdf,Jan-Mar,,reported
Marion,2015,1,25.3,48.2,51.0,40.4,62.7,34.8,27.0,59.4,12.0,48.3,51.7,37.7,20160722-Quarter-Ending-December-31-2015.pdf,Jan-Mar,,reported
Martin,2015,1,50.9,98.9,12.0,76.0,67.0,42.2,27.0,59.4,12.0,48.3,51.7,37.7,20160722-Quarter-Ending-December-31-2015.pdf,Jan-Mar,,reported
Miami-Dade,2015,1,42.0,96.8,200.0,81.2,51.7,33.9,27.0,59.4,12.0,48.3,51.7,37.7,20160722-Quarter-Ending-December-31-2015.pdf,Jan-Mar,,reported
Monroe,2015,1,20.3,81.5,12.0,75.1,27.0,37.4,27.0,59.4,12.0,48.3,51.7,37.7,20160722-Quarter-Ending-December-31-2015.pdf,Jan-Mar,,reported
Nassau,2015,1,24.8,112.0,4.0,106.8,23.2,37.2,27.0,59.4,12.0,48.3,51.7,37.7,20160722-Quarter-Ending-December-31-2015.pdf,Jan-Mar,,reported
Okaloosa,2015,1,28.0,54.9,18.0,43.4,64.5,47.3,27.0,59.4,12.0,48.3,51.7,37.7,20160722-Quarter-Ending-December-31-2015.pdf,Jan-Mar,,reported
Okeechobee,2015,1,25.0,28.8,12.0,23.9,104.5,26.7,27.0,59.4,12.0,48.3,51.7,37.7,20160722-Quarter-Ending-December-31-2015.pdf,Jan-Mar,percent_to_voir_dire_gt_100_reported; ,reported
Orange,2015,1,30.3,59.2,180.0,50.8,59.7,48.0,27.0,59.4,12.0,48.3,51.7,37.7,20160722-Quarter-Ending-December-31-2015.pdf,Jan-Mar,,reported
Osceola,2015,1,24.5,52.9,72.0,48.2,50.9,44.8,27.0,59.4,12.0,48.3,51.7,37.7,20160722-Quarter-Ending-December-31-2015.pdf,Jan-Mar,,reported
Palm Beach,2015,1,36.9,90.0,154.0,69.8,52.8,32.4,27.0,59.4,12.0,48.3,51.7,37.7,20160722-Quarter-Ending-December-31-2015.pdf,Jan-Mar,,reported
Pasco,2015,1,29.9,88.4,32.0,72.9,41.0,40.5,27.0,59.4,12.0,48.3,51.7,37.7,20160722-Quarter-Ending-December-31-2015.pdf,Jan-Mar,,reported
Pinellas,2015,1,29.3,83.8,104.0,74.8,39.2,46.4,27.0,59.4,12.0,48.3,51.7,37.7,20160722-Quarter-Ending-December-31-2015.pdf,Jan-Mar,,reported
Polk,2015,1,30.0,33.2,142.0,24.5,122.8,84.2,27.0,59.4,12.0,48.3,51.7,37.7,20160722-Quarter-Ending-December-31-2015.pdf,Jan-Mar,percent_to_voir_dire_gt_100_reported; ,reported
Putnam,2015,1,24.5,38.8,11.0,27.2,90.3,27.4,27.0,59.4,12.0,48.3,51.7,37.7,20160722-Quarter-Ending-December-31-2015.pdf,Jan-Mar,,reported
Santa Rosa,2015,1,38.3,49.2,29.0,43.9,87.3,33.8,27.0,59.4,12.0,48.3,51.7,37.7,20160722-Quarter-Ending-December-31-2015.pdf,Jan-Mar,,reported
Sarasota,2015,1,32.3,90.5,42.0,76.2,42.4,37.7,27.0,59.4,12.0,48.3,51.7,37.7,20160722-Quarter-Ending-December-31-2015.pdf,Jan-Mar,,reported
Seminole,2015,1,26.8,54.3,61.0,43.2,62.1,64.3,27.0,59.4,12.0,48.3,51.7,37.7,20160722-Quarter-Ending-December-31-2015.pdf,Jan-Mar,,reported
St. Johns,2015,1,14.2,40.5,14.0,26.9,52.8,40.8,27.0,59.4,12.0,48.3,51.7,37.7,20160722-Quarter-Ending-December-31-2015.pdf,Jan-Mar,,reported
St. Lucie,2015,1,30.0,61.2,42.0,52.4,57.3,42.3,27.0,59.4,12.0,48.3,51.7,37.7,20160722-Quarter-Ending-December-31-2015.pdf,Jan-Mar,,reported
Sumter,2015,1,28.0,117.5,2.0,86.0,32.6,28.7,27.0,59.4,12.0,48.3,51.7,37.7,20160722-Quarter-Ending-December-31-2015.pdf,Jan-Mar,,reported
Suwannee,2015,1,7.0,20.4,14.0,14.4,48.5,43.1,27.0,59.4,12.0,48.3,51.7,37.7,20160722-Quarter-Ending-December-31-2015.pdf,Jan-Mar,,reported
Taylor,2015,1,34.8,154.8,4.0,131.3,26.5,100.0,27.0,59.4,12.0,48.3,51.7,37.7,20160722-Quarter-Ending-December-31-2015.pdf,Jan-Mar,,reported
Union,2015,1,0.0,0.0,0.0,0.0,0.0,0.0,27.0,59.4,12.0,48.3,51.7,37.7,20160722-Quarter-Ending-December-31-2015.pdf,Jan-Mar,,reported_all_zero
Volusia,2015,1,27.4,49.5,40.0,39.9,68.5,45.6,27.0,59.4,12.0,48.3,51.7,37.7,20160722-Quarter-Ending-December-31-2015.pdf,Jan-Mar,,reported
Wakulla,2015,1,38.0,75.0,1.0,67.0,56.7,25.8,27.0,59.4,12.0,48.3,51.7,37.7,20160722-Quarter-Ending-December-31-2015.pdf,Jan-Mar,,reported
Walton,2015,1,15.0,41.7,6.0,35.8,41.9,32.7,27.0,59.4,12.0,48.3,51.7,37.7,20160722-Quarter-Ending-December-31-2015.pdf,Jan-Mar,,reported
Washington,2015,1,10.8,81.3,4.0,64.0,16.8,34.1,27.0,59.4,12.0,48.3,51.7,37.7,20160722-Quarter-Ending-December-31-2015.pdf,Jan-Mar,,reported
Alachua,2015,2,27.3,44.7,28.0,36.0,75.8,45.3,27.7,61.2,10.0,51.6,48.7,39.3,20160722-Quarter-Ending-December-31-2015.pdf,Apr-Jun,,reported
Baker,2015,2,10.3,43.3,3.0,35.3,29.2,30.9,27.7,61.2,10.0,51.6,48.7,39.3,20160722-Quarter-Ending-December-31-2015.pdf,Apr-Jun,,reported
Bay,2015,2,32.7,68.7,17.0,55.9,58.5,39.9,27.7,61.2,10.0,51.6,48.7,39.3,20160722-Quarter-Ending-December-31-2015.pdf,Apr-Jun,,reported
Bradford,2015,2,7.0,73.3,3.0,66.3,10.6,38.2,27.7,61.2,10.0,51.6,48.7,39.3,20160722-Quarter-Ending-December-31-2015.pdf,Apr-Jun,,reported
Brevard,2015,2,55.4,138.8,39.0,113.3,48.9,43.9,27.7,61.2,10.0,51.6,48.7,39.3,20160722-Quarter-Ending-December-31-2015.pdf,Apr-Jun,,reported
Broward,2015,2,40.0,83.5,171.0,63.2,63.2,37.5,27.7,61.2,10.0,51.6,48.7,39.3,20160722-Quarter-Ending-December-31-2015.pdf,Apr-Jun,,reported
Calhoun,2015,2,8.0,43.0,1.0,43.0,18.6,43.0,27.7,61.2,10.0,51.6,48.7,39.3,20160722-Quarter-Ending-December-31-2015.pdf,Apr-Jun,,reported
Charlotte,2015,2,37.2,73.4,16.0,61.4,60.6,66.7,27.7,61.2,10.0,51.6,48.7,39.3,20160722-Quarter-Ending-December-31-2015.pdf,Apr-Jun,,reported
Citrus,2015,2,20.7,43.8,10.0,35.9,57.7,39.3,27.7,61.2,10.0,51.6,48.7,39.3,20160722-Quarter-Ending-December-31-2015.pdf,Apr-Jun,,reported
Clay,2015,2,27.7,74.0,10.0,62.6,44.2,46.5,27.7,61.2,10.0,51.6,48.7,39.3,20160722-Quarter-Ending-December-31-2015.pdf,Apr-Jun,,reported
Collier,2015,2,26.7,69.0,30.0,60.8,44.0,52.4,27.7,61.2,10.0,51.6,48.7,39.3,20160722-Quarter-Ending-December-31-2015.pdf,Apr-Jun,,reported
Columbia,2015,2,40.1,47.2,9.0,47.2,84.9,33.9,27.7,61.2,10.0,51.6,48.7,39.3,20160722-Quarter-Ending-December-31-2015.pdf,Apr-Jun,,reported
DeSoto,2015,2,30.8,58.8,4.0,48.5,63.4,14.2,27.7,61.2,10.0,51.6,48.7,39.3,20160722-Quarter-Ending-December-31-2015.pdf,Apr-Jun,,reported
Dixie,2015,2,35.3,63.3,3.0,63.3,55.8,16.7,27.7,61.2,10.0,51.6,48.7,39.3,20160722-Quarter-Ending-December-31-2015.pdf,Apr-Jun,,reported
Duval,2015,2,37.0,72.5,90.0,55.6,66.6,31.7,27.7,61.2,10.0,51.6,48.7,39.3,20160722-Quarter-Ending-December-31-2015.pdf,Apr-Jun,,reported
Escambia,2015,2,29.7,56.6,63.0,47.0,63.2,24.3,27.7,61.2,10.0,51.6,48.7,39.3,20160722-Quarter-Ending-December-31-2015.pdf,Apr-Jun,,reported
Flagler,2015,2,22.0,49.6,8.0,39.5,55.7,28.1,27.7,61.2,10.0,51.6,48.7,39.3,20160722-Quarter-Ending-December-31-2015.pdf,Apr-Jun,,reported
Franklin,2015,2,22.0,72.0,1.0,65.0,33.8,26.0,27.7,61.2,10.0,51.6,48.7,39.3,20160722-Quarter-Ending-December-31-2015.pdf,Apr-Jun,,reported
Gadsden,2015,2,22.1,43.5,20.0,34.5,64.0,35.3,27.7,61.2,10.0,51.6,48.7,39.3,20160722-Quarter-Ending-December-31-2015.pdf,Apr-Jun,,reported
Gilchrist,2015,2,0.0,0.0,0.0,0.0,0.0,0.0,27.7,61.2,10.0,51.6,48.7,39.3,20160722-Quarter-Ending-December-31-2015.pdf,Apr-Jun,,reported_all_zero
Glades,2015,2,19.0,41.5,4.0,32.0,59.4,73.5,27.7,61.2,10.0,51.6,48.7,39.3,20160722-Quarter-Ending-December-31-2015.pdf,Apr-Jun,,reported
Gulf,2015,2,0.0,0.0,0.0,0.0,0.0,0.0,27.7,61.2,10.0,51.6,48.7,39.3,20160722-Quarter-Ending-December-31-2015.pdf,Apr-Jun,,reported_all_zero
Hamilton,2015,2,6.7,47.3,3.0,47.3,14.1,28.4,27.7,61.2,10.0,51.6,48.7,39.3,20160722-Quarter-Ending-December-31-2015.pdf,Apr-Jun,,reported
Hardee,2015,2,14.8,66.2,5.0,60.6,24.4,44.9,27.7,61.2,10.0,51.6,48.7,39.3,20160722-Quarter-Ending-December-31-2015.pdf,Apr-Jun,,reported
Hendry,2015,2,27.8,45.5,4.0,45.5,61.0,64.3,27.7,61.2,10.0,51.6,48.7,39.3,20160722-Quarter-Ending-December-31-2015.pdf,Apr-Jun,,reported
Hernando,2015,2,46.0,202.3,8.0,134.8,34.1,56.9,27.7,61.2,10.0,51.6,48.7,39.3,20160722-Quarter-Ending-December-31-2015.pdf,Apr-Jun,,reported
Highlands,2015,2,13.0,35.6,8.0,28.6,45.4,23.0,27.7,61.2,10.0,51.6,48.7,39.3,20160722-Quarter-Ending-December-31-2015.pdf,Apr-Jun,,reported
Hillsborough,2015,2,29.4,65.0,137.0,52.9,55.5,26.9,27.7,61.2,10.0,51.6,48.7,39.3,20160722-Quarter-Ending-December-31-2015.pdf,Apr-Jun,,reported
Holmes,2015,2,37.0,84.0,1.0,76.0,48.7,19.0,27.7,61.2,10.0,51.6,48.7,39.3,20160722-Quarter-Ending-December-31-2015.pdf,Apr-Jun,,reported
Indian River,2015,2,33.1,64.1,18.0,50.8,65.1,41.9,27.7,61.2,10.0,51.6,48.7,39.3,20160722-Quarter-Ending-December-31-2015.pdf,Apr-Jun,,reported
Jackson,2015,2,7.0,38.0,1.0,31.0,22.6,31.0,27.7,61.2,10.0,51.6,48.7,39.3,20160722-Quarter-Ending-December-31-2015.pdf,Apr-Jun,,reported
Jefferson,2015,2,7.0,78.0,2.0,74.5,9.4,42.6,27.7,61.2,10.0,51.6,48.7,39.3,20160722-Quarter-Ending-December-31-2015.pdf,Apr-Jun,,reported
Lafayette,2015,2,45.0,47.0,1.0,47.0,95.7,47.0,27.7,61.2,10.0,51.6,48.7,39.3,20160722-Quarter-Ending-December-31-2015.pdf,Apr-Jun,,reported
Lake,2015,2,25.3,57.5,12.0,49.3,51.4,40.5,27.7,61.2,10.0,51.6,48.7,39.3,20160722-Quarter-Ending-December-31-2015.pdf,Apr-Jun,,reported
Lee,2015,2,30.1,73.0,71.0,67.6,44.6,52.3,27.7,61.2,10.0,51.6,48.7,39.3,20160722-Quarter-Ending-December-31-2015.pdf,Apr-Jun,,reported
Leon,2015,2,24.8,43.7,87.0,35.8,69.2,48.3,27.7,61.2,10.0,51.6,48.7,39.3,20160722-Quarter-Ending-December-31-2015.pdf,Apr-Jun,,reported
Levy,2015,2,55.5,62.3,4.0,55.5,100.0,38.1,27.7,61.2,10.0,51.6,48.7,39.3,20160722-Quarter-Ending-December-31-2015.pdf,Apr-Jun,,reported
Liberty,2015,2,28.7,72.3,3.0,63.3,45.3,36.2,27.7,61.2,10.0,51.6,48.7,39.3,20160722-Quarter-Ending-December-31-2015.pdf,Apr-Jun,,reported
Madison,2015,2,7.0,83.5,2.0,83.5,8.4,39.8,27.7,61.2,10.0,51.6,48.7,39.3,20160722-Quarter-Ending-December-31-2015.pdf,Apr-Jun,,reported
Manatee,2015,2,43.0,106.6,26.0,88.7,48.5,43.5,27.7,61.2,10.0,51.6,48.7,39.3,20160722-Quarter-Ending-December-31-2015.pdf,Apr-Jun,,reported
Marion,2015,2,21.9,41.6,54.0,33.7,64.8,35.2,27.7,61.2,10.0,51.6,48.7,39.3,20160722-Quarter-Ending-December-31-2015.pdf,Apr-Jun,,reported
Martin,2015,2,46.6,135.6,11.0,108.4,43.0,38.3,27.7,61.2,10.0,51.6,48.7,39.3,20160722-Quarter-Ending-December-31-2015.pdf,Apr-Jun,,reported
Miami-Dade,2015,2,44.3,103.8,190.0,85.9,51.5,35.4,27.7,61.2,10.0,51.6,48.7,39.3,20160722-Quarter-Ending-December-31-2015.pdf,Apr-Jun,,reported
Monroe,2015,2,24.6,79.4,14.0,62.9,39.2,31.4,27.7,61.2,10.0,51.6,48.7,39.3,20160722-Quarter-Ending-December-31-2015.pdf,Apr-Jun,,reported
Nassau,2015,2,24.2,96.2,5.0,90.6,26.7,36.7,27.7,61.2,10.0,51.6,48.7,39.3,20160722-Quarter-Ending-December-31-2015.pdf,Apr-Jun,,reported
Okaloosa,2015,2,28.3,61.2,13.0,52.5,54.0,54.0,27.7,61.2,10.0,51.6,48.7,39.3,20160722-Quarter-Ending-December-31-2015.pdf,Apr-Jun,,reported
Okeechobee,2015,2,24.6,29.1,15.0,24.4,100.8,22.3,27.7,61.2,10.0,51.6,48.7,39.3,20160722-Quarter-Ending-December-31-2015.pdf,Apr-Jun,percent_to_voir_dire_gt_100_reported; ,reported
Orange,2015,2,29.7,58.2,184.0,50.1,59.3,46.7,27.7,61.2,10.0,51.6,48.7,39.3,20160722-Quarter-Ending-December-31-2015.pdf,Apr-Jun,,reported
Osceola,2015,2,25.0,57.5,57.0,52.1,48.0,42.1,27.7,61.2,10.0,51.6,48.7,39.3,20160722-Quarter-Ending-December-31-2015.pdf,Apr-Jun,,reported
Palm Beach,2015,2,41.0,105.2,145.0,77.5,52.9,32.3,27.7,61.2,10.0,51.6,48.7,39.3,20160722-Quarter-Ending-December-31-2015.pdf,Apr-Jun,,reported
Pasco,2015,2,24.1,57.6,37.0,49.5,48.7,35.4,27.7,61.2,10.0,51.6,48.7,39.3,20160722-Quarter-Ending-December-31-2015.pdf,Apr-Jun,,reported
Pinellas,2015,2,31.4,80.7,97.0,72.2,43.5,42.9,27.7,61.2,10.0,51.6,48.7,39.3,20160722-Quarter-Ending-December-31-2015.pdf,Apr-Jun,,reported
Polk,2015,2,28.7,35.8,116.0,28.4,100.8,85.2,27.7,61.2,10.0,51.6,48.7,39.3,20160722-Quarter-Ending-December-31-2015.pdf,Apr-Jun,percent_to_voir_dire_gt_100_reported; ,reported
Putnam,2015,2,30.1,44.7,9.0,31.7,95.1,28.3,27.7,61.2,10.0,51.6,48.7,39.3,20160722-Quarter-Ending-December-31-2015.pdf,Apr-Jun,,reported
Santa Rosa,2015,2,41.7,46.9,28.0,41.7,100.0,33.2,27.7,61.2,10.0,51.6,48.7,39.3,20160722-Quarter-Ending-December-31-2015.pdf,Apr-Jun,,reported
Sarasota,2015,2,42.7,118.7,22.0,107.8,39.6,40.8,27.7,61.2,10.0,51.6,48.7,39.3,20160722-Quarter-Ending-December-31-2015.pdf,Apr-Jun,,reported
Seminole,2015,2,30.0,53.1,52.0,42.6,70.3,56.4,27.7,61.2,10.0,51.6,48.7,39.3,20160722-Quarter-Ending-December-31-2015.pdf,Apr-Jun,,reported
St. Johns,2015,2,23.8,75.0,5.0,68.0,35.0,36.8,27.7,61.2,10.0,51.6,48.7,39.3,20160722-Quarter-Ending-December-31-2015.pdf,Apr-Jun,,reported
St. Lucie,2015,2,33.5,58.2,54.0,49.8,67.3,42.2,27.7,61.2,10.0,51.6,48.7,39.3,20160722-Quarter-Ending-December-31-2015.pdf,Apr-Jun,,reported
Sumter,2015,2,14.0,46.7,3.0,46.7,30.0,23.3,27.7,61.2,10.0,51.6,48.7,39.3,20160722-Quarter-Ending-December-31-2015.pdf,Apr-Jun,,reported
Suwannee,2015,2,7.0,34.6,5.0,31.8,22.0,44.2,27.7,61.2,10.0,51.6,48.7,39.3,20160722-Quarter-Ending-December-31-2015.pdf,Apr-Jun,,reported
Taylor,2015,2,19.5,87.0,2.0,75.0,26.0,100.0,27.7,61.2,10.0,51.6,48.7,39.3,20160722-Quarter-Ending-December-31-2015.pdf,Apr-Jun,,reported
Union,2015,2,21.0,69.7,3.0,62.7,33.5,41.8,27.7,61.2,10.0,51.6,48.7,39.3,20160722-Quarter-Ending-December-31-2015.pdf,Apr-Jun,,reported
Volusia,2015,2,30.3,68.0,30.0,51.6,58.7,50.5,27.7,61.2,10.0,51.6,48.7,39.3,20160722-Quarter-Ending-December-31-2015.pdf,Apr-Jun,,reported
Wakulla,2015,2,0.0,0.0,0.0,0.0,0.0,51.9,27.7,61.2,10.0,51.6,48.7,39.3,20160722-Quarter-Ending-December-31-2015.pdf,Apr-Jun,,reported
Walton,2015,2,39.6,166.2,5.0,113.4,34.9,37.3,27.7,61.2,10.0,51.6,48.7,39.3,20160722-Quarter-Ending-December-31-2015.pdf,Apr-Jun,,reported
Washington,2015,2,7.0,37.0,1.0,37.0,18.9,42.9,27.7,61.2,10.0,51.6,48.7,39.3,20160722-Quarter-Ending-December-31-2015.pdf,Apr-Jun,,reported
Alachua,2015,3,26.9,49.6,19.0,40.5,66.4,45.8,26.9,59.0,8.0,50.7,49.5,38.6,20160722-Quarter-Ending-December-31-2015.pdf,Jul-Sep,,reported
Baker,2015,3,6.0,50.0,1.0,50.0,12.0,33.3,26.9,59.0,8.0,50.7,49.5,38.6,20160722-Quarter-Ending-December-31-2015.pdf,Jul-Sep,,reported
Bay,2015,3,40.1,75.9,14.0,68.6,58.4,41.3,26.9,59.0,8.0,50.7,49.5,38.6,20160722-Quarter-Ending-December-31-2015.pdf,Jul-Sep,,reported
Bradford,2015,3,7.2,64.0,5.0,56.8,12.7,34.6,26.9,59.0,8.0,50.7,49.5,38.6,20160722-Quarter-Ending-December-31-2015.pdf,Jul-Sep,,reported
Brevard,2015,3,56.6,120.1,47.0,94.1,60.1,45.3,26.9,59.0,8.0,50.7,49.5,38.6,20160722-Quarter-Ending-December-31-2015.pdf,Jul-Sep,,reported
Broward,2015,3,41.6,92.5,160.0,70.5,59.0,39.9,26.9,59.0,8.0,50.7,49.5,38.6,20160722-Quarter-Ending-December-31-2015.pdf,Jul-Sep,,reported
Calhoun,2015,3,0.0,0.0,0.0,0.0,0.0,0.0,26.9,59.0,8.0,50.7,49.5,38.6,20160722-Quarter-Ending-December-31-2015.pdf,Jul-Sep,,reported_all_zero
Charlotte,2015,3,39.0,57.1,23.0,45.8,85.2,59.4,26.9,59.0,8.0,50.7,49.5,38.6,20160722-Quarter-Ending-December-31-2015.pdf,Jul-Sep,,reported
Citrus,2015,3,26.0,69.5,8.0,52.5,49.5,45.5,26.9,59.0,8.0,50.7,49.5,38.6,20160722-Quarter-Ending-December-31-2015.pdf,Jul-Sep,,reported
Clay,2015,3,25.6,78.0,5.0,70.0,36.6,59.1,26.9,59.0,8.0,50.7,49.5,38.6,20160722-Quarter-Ending-December-31-2015.pdf,Jul-Sep,,reported
Collier,2015,3,28.7,75.2,20.0,66.5,43.2,52.8,26.9,59.0,8.0,50.7,49.5,38.6,20160722-Quarter-Ending-December-31-2015.pdf,Jul-Sep,,reported
Columbia,2015,3,50.3,68.7,3.0,68.7,73.3,37.0,26.9,59.0,8.0,50.7,49.5,38.6,20160722-Quarter-Ending-December-31-2015.pdf,Jul-Sep,,reported
DeSoto,2015,3,0.0,0.0,0.0,0.0,0.0,0.0,26.9,59.0,8.0,50.7,49.5,38.6,20160722-Quarter-Ending-December-31-2015.pdf,Jul-Sep,,reported_all_zero
Dixie,2015,3,38.0,56.0,1.0,56.0,67.9,22.4,26.9,59.0,8.0,50.7,49.5,38.6,20160722-Quarter-Ending-December-31-2015.pdf,Jul-Sep,,reported
Duval,2015,3,41.6,75.7,84.0,56.6,73.4,30.1,26.9,59.0,8.0,50.7,49.5,38.6,20160722-Quarter-Ending-December-31-2015.pdf,Jul-Sep,,reported
Escambia,2015,3,32.2,55.0,65.0,44.4,72.3,25.3,26.9,59.0,8.0,50.7,49.5,38.6,20160722-Quarter-Ending-December-31-2015.pdf,Jul-Sep,,reported
Flagler,2015,3,21.7,50.0,9.0,40.4,53.6,33.7,26.9,59.0,8.0,50.7,49.5,38.6,20160722-Quarter-Ending-December-31-2015.pdf,Jul-Sep,,reported
Franklin,2015,3,0.0,0.0,0.0,0.0,0.0,0.0,26.9,59.0,8.0,50.7,49.5,38.6,20160722-Quarter-Ending-December-31-2015.pdf,Jul-Sep,,reported_all_zero
Gadsden,2015,3,20.9,56.4,14.0,47.1,44.3,44.3,26.9,59.0,8.0,50.7,49.5,38.6,20160722-Quarter-Ending-December-31-2015.pdf,Jul-Sep,,reported
Gilchrist,2015,3,0.0,0.0,0.0,0.0,0.0,0.0,26.9,59.0,8.0,50.7,49.5,38.6,20160722-Quarter-Ending-December-31-2015.pdf,Jul-Sep,,reported_all_zero
Glades,2015,3,15.3,50.7,3.0,50.7,30.3,16.2,26.9,59.0,8.0,50.7,49.5,38.6,20160722-Quarter-Ending-December-31-2015.pdf,Jul-Sep,,reported
Gulf,2015,3,34.3,47.3,3.0,42.7,80.5,47.7,26.9,59.0,8.0,50.7,49.5,38.6,20160722-Quarter-Ending-December-31-2015.pdf,Jul-Sep,,reported
Hamilton,2015,3,60.0,60.0,1.0,60.0,100.0,30.0,26.9,59.0,8.0,50.7,49.5,38.6,20160722-Quarter-Ending-December-31-2015.pdf,Jul-Sep,,reported
Hardee,2015,3,0.0,0.0,0.0,0.0,0.0,67.0,26.9,59.0,8.0,50.7,49.5,38.6,20160722-Quarter-Ending-December-31-2015.pdf,Jul-Sep,,reported
Hendry,2015,3,37.5,80.0,4.0,80.0,46.9,25.6,26.9,59.0,8.0,50.7,49.5,38.6,20160722-Quarter-Ending-December-31-2015.pdf,Jul-Sep,,reported
Hernando,2015,3,26.9,63.8,12.0,45.7,58.9,55.7,26.9,59.0,8.0,50.7,49.5,38.6,20160722-Quarter-Ending-December-31-2015.pdf,Jul-Sep,,reported
Highlands,2015,3,16.3,29.5,11.0,20.6,78.9,20.2,26.9,59.0,8.0,50.7,49.5,38.6,20160722-Quarter-Ending-December-31-2015.pdf,Jul-Sep,,reported
Hillsborough,2015,3,33.7,86.3,108.0,68.5,49.2,27.4,26.9,59.0,8.0,50.7,49.5,38.6,20160722-Quarter-Ending-December-31-2015.pdf,Jul-Sep,,reported
Holmes,2015,3,0.0,0.0,0.0,0.0,0.0,15.5,26.9,59.0,8.0,50.7,49.5,38.6,20160722-Quarter-Ending-December-31-2015.pdf,Jul-Sep,,reported
Indian River,2015,3,45.7,98.3,15.0,64.7,70.6,45.3,26.9,59.0,8.0,50.7,49.5,38.6,20160722-Quarter-Ending-December-31-2015.pdf,Jul-Sep,,reported
Jackson,2015,3,7.0,42.5,4.0,35.5,19.7,44.4,26.9,59.0,8.0,50.7,49.5,38.6,20160722-Quarter-Ending-December-31-2015.pdf,Jul-Sep,,reported
Jefferson,2015,3,0.0,0.0,0.0,0.0,0.0,38.7,26.9,59.0,8.0,50.7,49.5,38.6,20160722-Quarter-Ending-December-31-2015.pdf,Jul-Sep,,reported
Lafayette,2015,3,0.0,0.0,0.0,0.0,0.0,0.0,26.9,59.0,8.0,50.7,49.5,38.6,20160722-Quarter-Ending-December-31-2015.pdf,Jul-Sep,,reported_all_zero
Lake,2015,3,25.8,49.3,12.0,44.0,58.5,42.4,26.9,59.0,8.0,50.7,49.5,38.6,20160722-Quarter-Ending-December-31-2015.pdf,Jul-Sep,,reported
Lee,2015,3,31.4,72.0,72.0,63.9,49.2,48.6,26.9,59.0,8.0,50.7,49.5,38.6,20160722-Quarter-Ending-December-31-2015.pdf,Jul-Sep,,reported
Leon,2015,3,26.1,47.2,88.0,38.8,67.3,49.9,26.9,59.0,8.0,50.7,49.5,38.6,20160722-Quarter-Ending-December-31-2015.pdf,Jul-Sep,,reported
Levy,2015,3,28.2,44.7,6.0,40.0,70.4,38.6,26.9,59.0,8.0,50.7,49.5,38.6,20160722-Quarter-Ending-December-31-2015.pdf,Jul-Sep,,reported
Liberty,2015,3,21.5,59.0,2.0,52.0,41.3,33.5,26.9,59.0,8.0,50.7,49.5,38.6,20160722-Quarter-Ending-December-31-2015.pdf,Jul-Sep,,reported
Madison,2015,3,6.0,40.0,3.0,40.0,15.0,42.9,26.9,59.0,8.0,50.7,49.5,38.6,20160722-Quarter-Ending-December-31-2015.pdf,Jul-Sep,,reported
Manatee,2015,3,40.7,93.0,26.0,82.0,49.6,43.9,26.9,59.0,8.0,50.7,49.5,38.6,20160722-Quarter-Ending-December-31-2015.pdf,Jul-Sep,,reported
Marion,2015,3,23.1,59.6,40.0,50.2,46.0,36.0,26.9,59.0,8.0,50.7,49.5,38.6,20160722-Quarter-Ending-December-31-2015.pdf,Jul-Sep,,reported
Martin,2015,3,41.3,136.9,7.0,110.3,37.4,44.1,26.9,59.0,8.0,50.7,49.5,38.6,20160722-Quarter-Ending-December-31-2015.pdf,Jul-Sep,,reported
Miami-Dade,2015,3,46.8,100.9,189.0,81.5,57.4,34.4,26.9,59.0,8.0,50.7,49.5,38.6,20160722-Quarter-Ending-December-31-2015.pdf,Jul-Sep,,reported
Monroe,2015,3,23.8,96.5,6.0,82.2,29.0,38.2,26.9,59.0,8.0,50.7,49.5,38.6,20160722-Quarter-Ending-December-31-2015.pdf,Jul-Sep,,reported
Nassau,2015,3,20.0,113.3,4.0,109.8,18.2,38.7,26.9,59.0,8.0,50.7,49.5,38.6,20160722-Quarter-Ending-December-31-2015.pdf,Jul-Sep,,reported
Okaloosa,2015,3,28.0,59.4,11.0,50.7,55.2,52.6,26.9,59.0,8.0,50.7,49.5,38.6,20160722-Quarter-Ending-December-31-2015.pdf,Jul-Sep,,reported
Okeechobee,2015,3,28.1,40.3,8.0,32.6,86.2,22.2,26.9,59.0,8.0,50.7,49.5,38.6,20160722-Quarter-Ending-December-31-2015.pdf,Jul-Sep,,reported
Orange,2015,3,31.3,70.2,145.0,56.8,55.1,50.4,26.9,59.0,8.0,50.7,49.5,38.6,20160722-Quarter-Ending-December-31-2015.pdf,Jul-Sep,,reported
Osceola,2015,3,22.8,44.0,65.0,40.5,56.2,48.9,26.9,59.0,8.0,50.7,49.5,38.6,20160722-Quarter-Ending-December-31-2015.pdf,Jul-Sep,,reported
Palm Beach,2015,3,38.4,90.7,148.0,70.7,54.3,32.3,26.9,59.0,8.0,50.7,49.5,38.6,20160722-Quarter-Ending-December-31-2015.pdf,Jul-Sep,,reported
Pasco,2015,3,28.5,64.4,49.0,51.3,55.7,32.9,26.9,59.0,8.0,50.7,49.5,38.6,20160722-Quarter-Ending-December-31-2015.pdf,Jul-Sep,,reported
Pinellas,2015,3,29.4,81.8,90.0,73.6,40.0,42.5,26.9,59.0,8.0,50.7,49.5,38.6,20160722-Quarter-Ending-December-31-2015.pdf,Jul-Sep,,reported
Polk,2015,3,29.2,36.0,116.0,25.7,113.9,85.3,26.9,59.0,8.0,50.7,49.5,38.6,20160722-Quarter-Ending-December-31-2015.pdf,Jul-Sep,percent_to_voir_dire_gt_100_reported; ,reported
Putnam,2015,3,26.8,57.0,6.0,49.5,54.2,27.1,26.9,59.0,8.0,50.7,49.5,38.6,20160722-Quarter-Ending-December-31-2015.pdf,Jul-Sep,,reported
Santa Rosa,2015,3,30.9,36.4,34.0,30.9,100.0,32.6,26.9,59.0,8.0,50.7,49.5,38.6,20160722-Quarter-Ending-December-31-2015.pdf,Jul-Sep,,reported
Sarasota,2015,3,37.8,105.0,27.0,94.3,40.1,35.8,26.9,59.0,8.0,50.7,49.5,38.6,20160722-Quarter-Ending-December-31-2015.pdf,Jul-Sep,,reported
Seminole,2015,3,30.5,61.9,35.0,53.1,57.5,57.6,26.9,59.0,8.0,50.7,49.5,38.6,20160722-Quarter-Ending-December-31-2015.pdf,Jul-Sep,,reported
St. Johns,2015,3,18.8,65.8,6.0,54.3,34.7,35.2,26.9,59.0,8.0,50.7,49.5,38.6,20160722-Quarter-Ending-December-31-2015.pdf,Jul-Sep,,reported
St. Lucie,2015,3,52.5,112.5,39.0,73.8,71.1,39.3,26.9,59.0,8.0,50.7,49.5,38.6,20160722-Quarter-Ending-December-31-2015.pdf,Jul-Sep,,reported
Sumter,2015,3,14.0,51.0,2.0,44.0,31.8,22.0,26.9,59.0,8.0,50.7,49.5,38.6,20160722-Quarter-Ending-December-31-2015.pdf,Jul-Sep,,reported
Suwannee,2015,3,7.1,27.7,9.0,21.3,33.3,43.3,26.9,59.0,8.0,50.7,49.5,38.6,20160722-Quarter-Ending-December-31-2015.pdf,Jul-Sep,,reported
Taylor,2015,3,47.0,157.0,1.0,110.0,42.7,100.0,26.9,59.0,8.0,50.7,49.5,38.6,20160722-Quarter-Ending-December-31-2015.pdf,Jul-Sep,,reported
Union,2015,3,0.0,0.0,0.0,0.0,0.0,0.0,26.9,59.0,8.0,50.7,49.5,38.6,20160722-Quarter-Ending-December-31-2015.pdf,Jul-Sep,,reported_all_zero
Volusia,2015,3,35.5,52.9,31.0,45.9,77.2,44.4,26.9,59.0,8.0,50.7,49.5,38.6,20160722-Quarter-Ending-December-31-2015.pdf,Jul-Sep,,reported
Wakulla,2015,3,48.0,76.0,3.0,66.7,72.0,54.7,26.9,59.0,8.0,50.7,49.5,38.6,20160722-Quarter-Ending-December-31-2015.pdf,Jul-Sep,,reported
Walton,2015,3,14.0,85.0,3.0,80.3,17.4,27.4,26.9,59.0,8.0,50.7,49.5,38.6,20160722-Quarter-Ending-December-31-2015.pdf,Jul-Sep,,reported
Washington,2015,3,6.5,28.5,2.0,22.0,29.5,29.3,26.9,59.0,8.0,50.7,49.5,38.6,20160722-Quarter-Ending-December-31-2015.pdf,Jul-Sep,,reported
Alachua,2015,4,32.0,47.4,20.0,39.6,80.7,41.8,28.7,56.9,8.0,51.0,50.4,36.9,20160722-Quarter-Ending-December-31-2015.pdf,Oct-Dec,,reported
Baker,2015,4,7.0,41.0,2.0,34.0,20.6,38.0,28.7,56.9,8.0,51.0,50.4,36.9,20160722-Quarter-Ending-December-31-2015.pdf,Oct-Dec,,reported
Bay,2015,4,31.6,63.7,15.0,53.4,59.2,43.8,28.7,56.9,8.0,51.0,50.4,36.9,20160722-Quarter-Ending-December-31-2015.pdf,Oct-Dec,,reported
Bradford,2015,4,7.0,67.0,2.0,60.0,11.7,40.3,28.7,56.9,8.0,51.0,50.4,36.9,20160722-Quarter-Ending-December-31-2015.pdf,Oct-Dec,,reported
Brevard,2015,4,66.6,117.6,45.0,94.2,70.8,43.3,28.7,56.9,8.0,51.0,50.4,36.9,20160722-Quarter-Ending-December-31-2015.pdf,Oct-Dec,,reported
Broward,2015,4,38.1,78.3,165.0,58.2,65.4,39.8,28.7,56.9,8.0,51.0,50.4,36.9,20160722-Quarter-Ending-December-31-2015.pdf,Oct-Dec,,reported
Calhoun,2015,4,0.0,0.0,0.0,0.0,0.0,0.0,28.7,56.9,8.0,51.0,50.4,36.9,20160722-Quarter-Ending-December-31-2015.pdf,Oct-Dec,,reported_all_zero
Charlotte,2015,4,34.2,53.9,21.0,41.1,83.3,65.2,28.7,56.9,8.0,51.0,50.4,36.9,20160722-Quarter-Ending-December-31-2015.pdf,Oct-Dec,,reported
Citrus,2015,4,23.2,67.5,6.0,58.8,39.4,41.6,28.7,56.9,8.0,51.0,50.4,36.9,20160722-Quarter-Ending-December-31-2015.pdf,Oct-Dec,,reported
Clay,2015,4,22.3,98.8,4.0,84.8,26.3,47.1,28.7,56.9,8.0,51.0,50.4,36.9,20160722-Quarter-Ending-December-31-2015.pdf,Oct-Dec,,reported
Collier,2015,4,28.3,91.7,19.0,83.3,33.9,48.5,28.7,56.9,8.0,51.0,50.4,36.9,20160722-Quarter-Ending-December-31-2015.pdf,Oct-Dec,,reported
Columbia,2015,4,35.1,40.9,7.0,40.9,86.0,42.0,28.7,56.9,8.0,51.0,50.4,36.9,20160722-Quarter-Ending-December-31-2015.pdf,Oct-Dec,,reported
DeSoto,2015,4,0.0,0.0,0.0,0.0,0.0,0.0,28.7,56.9,8.0,51.0,50.4,36.9,20160722-Quarter-Ending-December-31-2015.pdf,Oct-Dec,,reported_all_zero
Dixie,2015,4,0.0,0.0,0.0,0.0,0.0,18.0,28.7,56.9,8.0,51.0,50.4,36.9,20160722-Quarter-Ending-December-31-2015.pdf,Oct-Dec,,reported
Duval,2015,4,41.3,77.2,70.0,60.3,68.5,34.7,28.7,56.9,8.0,51.0,50.4,36.9,20160722-Quarter-Ending-December-31-2015.pdf,Oct-Dec,,reported
Escambia,2015,4,25.9,54.6,63.0,45.0,74.7,25.1,28.7,56.9,8.0,51.0,50.4,36.9,20160722-Quarter-Ending-December-31-2015.pdf,Oct-Dec,aps_placeholder_uncorrected_in_source,reported
Flagler,2015,4,27.0,68.3,8.0,59.9,45.1,36.2,28.7,56.9,8.0,51.0,50.4,36.9,20160722-Quarter-Ending-December-31-2015.pdf,Oct-Dec,,reported
Franklin,2015,4,0.0,0.0,0.0,0.0,0.0,0.0,28.7,56.9,8.0,51.0,50.4,36.9,20160722-Quarter-Ending-December-31-2015.pdf,Oct-Dec,,reported_all_zero
Gadsden,2015,4,39.2,66.8,18.0,50.4,77.8,30.8,28.7,56.9,8.0,51.0,50.4,36.9,20160722-Quarter-Ending-December-31-2015.pdf,Oct-Dec,,reported
Gilchrist,2015,4,0.0,0.0,0.0,0.0,0.0,0.0,28.7,56.9,8.0,51.0,50.4,36.9,20160722-Quarter-Ending-December-31-2015.pdf,Oct-Dec,,reported_all_zero
Glades,2015,4,0.0,0.0,0.0,0.0,0.0,0.0,28.7,56.9,8.0,51.0,50.4,36.9,20160722-Quarter-Ending-December-31-2015.pdf,Oct-Dec,,reported_all_zero
Gulf,2015,4,66.0,93.0,1.0,85.0,77.6,39.3,28.7,56.9,8.0,51.0,50.4,36.9,20160722-Quarter-Ending-December-31-2015.pdf,Oct-Dec,,reported
Hamilton,2015,4,65.0,65.0,1.0,65.0,100.0,32.5,28.7,56.9,8.0,51.0,50.4,36.9,20160722-Quarter-Ending-December-31-2015.pdf,Oct-Dec,,reported
Hardee,2015,4,15.0,54.5,4.0,44.0,34.1,36.2,28.7,56.9,8.0,51.0,50.4,36.9,20160722-Quarter-Ending-December-31-2015.pdf,Oct-Dec,,reported
Hendry,2015,4,39.0,53.7,6.0,53.7,72.7,34.4,28.7,56.9,8.0,51.0,50.4,36.9,20160722-Quarter-Ending-December-31-2015.pdf,Oct-Dec,,reported
Hernando,2015,4,33.7,64.1,12.0,56.9,59.2,55.0,28.7,56.9,8.0,51.0,50.4,36.9,20160722-Quarter-Ending-December-31-2015.pdf,Oct-Dec,,reported
Highlands,2015,4,14.4,33.6,8.0,28.5,50.4,23.1,28.7,56.9,8.0,51.0,50.4,36.9,20160722-Quarter-Ending-December-31-2015.pdf,Oct-Dec,,reported
Hillsborough,2015,4,28.8,63.3,110.0,52.2,55.1,29.1,28.7,56.9,8.0,51.0,50.4,36.9,20160722-Quarter-Ending-December-31-2015.pdf,Oct-Dec,,reported
Holmes,2015,4,21.0,51.5,2.0,44.5,47.2,23.7,28.7,56.9,8.0,51.0,50.4,36.9,20160722-Quarter-Ending-December-31-2015.pdf,Oct-Dec,,reported
Indian River,2015,4,25.0,55.6,16.0,45.7,54.7,51.4,28.7,56.9,8.0,51.0,50.4,36.9,20160722-Quarter-Ending-December-31-2015.pdf,Oct-Dec,,reported
Jackson,2015,4,7.0,24.0,2.0,17.0,41.2,34.0,28.7,56.9,8.0,51.0,50.4,36.9,20160722-Quarter-Ending-December-31-2015.pdf,Oct-Dec,,reported
Jefferson,2015,4,7.0,49.0,1.0,49.0,14.3,39.2,28.7,56.9,8.0,51.0,50.4,36.9,20160722-Quarter-Ending-December-31-2015.pdf,Oct-Dec,,reported
Lafayette,2015,4,0.0,0.0,0.0,0.0,0.0,0.0,28.7,56.9,8.0,51.0,50.4,36.9,20160722-Quarter-Ending-December-31-2015.pdf,Oct-Dec,,reported_all_zero
Lake,2015,4,23.8,42.8,15.0,30.3,78.5,38.5,28.7,56.9,8.0,51.0,50.4,36.9,20160722-Quarter-Ending-December-31-2015.pdf,Oct-Dec,,reported
Lee,2015,4,29.6,74.0,67.0,69.7,42.5,54.9,28.7,56.9,8.0,51.0,50.4,36.9,20160722-Quarter-Ending-December-31-2015.pdf,Oct-Dec,,reported
Leon,2015,4,28.7,45.5,60.0,36.6,78.5,48.1,28.7,56.9,8.0,51.0,50.4,36.9,20160722-Quarter-Ending-December-31-2015.pdf,Oct-Dec,,reported
Levy,2015,4,36.0,51.0,2.0,36.0,100.0,41.9,28.7,56.9,8.0,51.0,50.4,36.9,20160722-Quarter-Ending-December-31-2015.pdf,Oct-Dec,,reported
Liberty,2015,4,22.0,40.5,2.0,33.5,65.7,34.4,28.7,56.9,8.0,51.0,50.4,36.9,20160722-Quarter-Ending-December-31-2015.pdf,Oct-Dec,,reported
Madison,2015,4,0.0,0.0,0.0,0.0,0.0,0.0,28.7,56.9,8.0,51.0,50.4,36.9,20160722-Quarter-Ending-December-31-2015.pdf,Oct-Dec,,reported_all_zero
Manatee,2015,4,35.6,97.6,21.0,86.7,41.1,47.9,28.7,56.9,8.0,51.0,50.4,36.9,20160722-Quarter-Ending-December-31-2015.pdf,Oct-Dec,,reported
Marion,2015,4,23.1,65.8,33.0,58.2,39.7,34.3,28.7,56.9,8.0,51.0,50.4,36.9,20160722-Quarter-Ending-December-31-2015.pdf,Oct-Dec,,reported
Martin,2015,4,44.9,105.4,11.0,83.8,53.6,43.5,28.7,56.9,8.0,51.0,50.4,36.9,20160722-Quarter-Ending-December-31-2015.pdf,Oct-Dec,,reported
Miami-Dade,2015,4,45.8,104.3,161.0,85.3,53.7,33.8,28.7,56.9,8.0,51.0,50.4,36.9,20160722-Quarter-Ending-December-31-2015.pdf,Oct-Dec,,reported
Monroe,2015,4,23.5,71.7,16.0,64.4,36.5,23.3,28.7,56.9,8.0,51.0,50.4,36.9,20160722-Quarter-Ending-December-31-2015.pdf,Oct-Dec,,reported
Nassau,2015,4,18.0,120.0,2.0,120.0,15.0,33.6,28.7,56.9,8.0,51.0,50.4,36.9,20160722-Quarter-Ending-December-31-2015.pdf,Oct-Dec,,reported
Okaloosa,2015,4,44.7,64.3,10.0,57.2,78.1,51.9,28.7,56.9,8.0,51.0,50.4,36.9,20160722-Quarter-Ending-December-31-2015.pdf,Oct-Dec,,reported
Okeechobee,2015,4,46.8,67.4,5.0,53.6,87.3,24.3,28.7,56.9,8.0,51.0,50.4,36.9,20160722-Quarter-Ending-December-31-2015.pdf,Oct-Dec,,reported
Orange,2015,4,29.7,54.8,157.0,46.5,64.0,44.1,28.7,56.9,8.0,51.0,50.4,36.9,20160722-Quarter-Ending-December-31-2015.pdf,Oct-Dec,,reported
Osceola,2015,4,24.6,61.6,45.0,57.5,42.8,49.8,28.7,56.9,8.0,51.0,50.4,36.9,20160722-Quarter-Ending-December-31-2015.pdf,Oct-Dec,,reported
Palm Beach,2015,4,40.3,89.1,155.0,63.6,63.5,32.4,28.7,56.9,8.0,51.0,50.4,36.9,20160722-Quarter-Ending-December-31-2015.pdf,Oct-Dec,,reported
Pasco,2015,4,36.5,75.2,45.0,54.1,67.5,34.3,28.7,56.9,8.0,51.0,50.4,36.9,20160722-Quarter-Ending-December-31-2015.pdf,Oct-Dec,,reported
Pinellas,2015,4,33.7,83.6,92.0,70.9,47.5,45.1,28.7,56.9,8.0,51.0,50.4,36.9,20160722-Quarter-Ending-December-31-2015.pdf,Oct-Dec,,reported
Polk,2015,4,28.1,33.1,121.0,23.5,119.2,85.9,28.7,56.9,8.0,51.0,50.4,36.9,20160722-Quarter-Ending-December-31-2015.pdf,Oct-Dec,percent_to_voir_dire_gt_100_reported; ,reported
Putnam,2015,4,43.7,65.0,7.0,52.3,83.6,24.3,28.7,56.9,8.0,51.0,50.4,36.9,20160722-Quarter-Ending-December-31-2015.pdf,Oct-Dec,,reported
Santa Rosa,2015,4,51.0,56.9,21.0,51.0,100.0,32.8,28.7,56.9,8.0,51.0,50.4,36.9,20160722-Quarter-Ending-December-31-2015.pdf,Oct-Dec,,reported
Sarasota,2015,4,34.7,86.9,43.0,69.7,49.7,36.6,28.7,56.9,8.0,51.0,50.4,36.9,20160722-Quarter-Ending-December-31-2015.pdf,Oct-Dec,,reported
Seminole,2015,4,28.7,64.9,40.0,55.8,51.5,58.0,28.7,56.9,8.0,51.0,50.4,36.9,20160722-Quarter-Ending-December-31-2015.pdf,Oct-Dec,,reported
St. Johns,2015,4,14.1,36.7,14.0,22.2,63.3,37.7,28.7,56.9,8.0,51.0,50.4,36.9,20160722-Quarter-Ending-December-31-2015.pdf,Oct-Dec,,reported
St. Lucie,2015,4,40.0,122.1,22.0,107.3,37.3,36.9,28.7,56.9,8.0,51.0,50.4,36.9,20160722-Quarter-Ending-December-31-2015.pdf,Oct-Dec,,reported
Sumter,2015,4,33.5,125.0,2.0,104.5,32.1,26.1,28.7,56.9,8.0,51.0,50.4,36.9,20160722-Quarter-Ending-December-31-2015.pdf,Oct-Dec,,reported
Suwannee,2015,4,7.0,31.7,6.0,24.7,28.4,43.6,28.7,56.9,8.0,51.0,50.4,36.9,20160722-Quarter-Ending-December-31-2015.pdf,Oct-Dec,,reported
Taylor,2015,4,44.0,164.0,1.0,150.0,29.3,100.0,28.7,56.9,8.0,51.0,50.4,36.9,20160722-Quarter-Ending-December-31-2015.pdf,Oct-Dec,,reported
Union,2015,4,0.0,0.0,0.0,0.0,0.0,0.0,28.7,56.9,8.0,51.0,50.4,36.9,20160722-Quarter-Ending-December-31-2015.pdf,Oct-Dec,,reported_all_zero
Volusia,2015,4,35.2,52.2,36.0,39.7,88.7,43.9,28.7,56.9,8.0,51.0,50.4,36.9,20160722-Quarter-Ending-December-31-2015.pdf,Oct-Dec,,reported
Wakulla,2015,4,0.0,0.0,0.0,0.0,0.0,69.5,28.7,56.9,8.0,51.0,50.4,36.9,20160722-Quarter-Ending-December-31-2015.pdf,Oct-Dec,,reported
Walton,2015,4,21.6,27.4,7.0,20.7,104.1,38.8,28.7,56.9,8.0,51.0,50.4,36.9,20160722-Quarter-Ending-December-31-2015.pdf,Oct-Dec,percent_to_voir_dire_gt_100_reported; ,reported
Washington,2015,4,7.0,49.5,2.0,42.5,16.5,34.0,28.7,56.9,8.0,51.0,50.4,36.9,20160722-Quarter-Ending-December-31-2015.pdf,Oct-Dec,,reported
Alachua,2016,1,28.5,46.6,27.0,35.4,80.5,48.2,28.0,59.8,11.0,52.1,50.6,40.1,20170302-Quarter-Ending-December-31-2016.pdf,Jan-Mar,,reported
Baker,2016,1,7.0,133.0,1.0,119.0,5.9,31.7,28.0,59.8,11.0,52.1,50.6,40.1,20170302-Quarter-Ending-December-31-2016.pdf,Jan-Mar,,reported
Bay,2016,1,35.0,61.3,20.0,52.1,67.2,44.8,28.0,59.8,11.0,52.1,50.6,40.1,20170302-Quarter-Ending-December-31-2016.pdf,Jan-Mar,,reported
Bradford,2016,1,7.8,69.8,5.0,57.4,13.6,35.7,28.0,59.8,11.0,52.1,50.6,40.1,20170302-Quarter-Ending-December-31-2016.pdf,Jan-Mar,,reported
Brevard,2016,1,55.4,128.2,45.0,101.7,54.4,46.0,28.0,59.8,11.0,52.1,50.6,40.1,20170302-Quarter-Ending-December-31-2016.pdf,Jan-Mar,,reported
Broward,2016,1,35.6,68.5,222.0,52.5,67.8,38.2,28.0,59.8,11.0,52.1,50.6,40.1,20170302-Quarter-Ending-December-31-2016.pdf,Jan-Mar,,reported
Calhoun,2016,1,0.0,0.0,0.0,0.0,0.0,0.0,28.0,59.8,11.0,52.1,50.6,40.1,20170302-Quarter-Ending-December-31-2016.pdf,Jan-Mar,,reported_all_zero
Charlotte,2016,1,31.6,48.1,25.0,42.2,74.9,66.7,28.0,59.8,11.0,52.1,50.6,40.1,20170302-Quarter-Ending-December-31-2016.pdf,Jan-Mar,,reported
Citrus,2016,1,21.6,58.1,11.0,43.8,49.4,40.3,28.0,59.8,11.0,52.1,50.6,40.1,20170302-Quarter-Ending-December-31-2016.pdf,Jan-Mar,,reported
Clay,2016,1,26.7,130.0,3.0,119.7,22.3,57.2,28.0,59.8,11.0,52.1,50.6,40.1,20170302-Quarter-Ending-December-31-2016.pdf,Jan-Mar,,reported
Collier,2016,1,27.7,71.6,23.0,66.5,41.6,52.6,28.0,59.8,11.0,52.1,50.6,40.1,20170302-Quarter-Ending-December-31-2016.pdf,Jan-Mar,,reported
Columbia,2016,1,57.3,85.0,4.0,85.0,67.4,36.7,28.0,59.8,11.0,52.1,50.6,40.1,20170302-Quarter-Ending-December-31-2016.pdf,Jan-Mar,,reported
DeSoto,2016,1,29.5,71.0,2.0,64.0,46.1,32.9,28.0,59.8,11.0,52.1,50.6,40.1,20170302-Quarter-Ending-December-31-2016.pdf,Jan-Mar,,reported
Dixie,2016,1,0.0,0.0,0.0,0.0,0.0,0.0,28.0,59.8,11.0,52.1,50.6,40.1,20170302-Quarter-Ending-December-31-2016.pdf,Jan-Mar,,reported_all_zero
Duval,2016,1,41.1,67.2,108.0,50.6,81.1,34.5,28.0,59.8,11.0,52.1,50.6,40.1,20170302-Quarter-Ending-December-31-2016.pdf,Jan-Mar,,reported
Escambia,2016,1,40.7,77.8,50.0,66.3,61.4,27.2,28.0,59.8,11.0,52.1,50.6,40.1,20170302-Quarter-Ending-December-31-2016.pdf,Jan-Mar,,reported
Flagler,2016,1,28.3,90.3,6.0,78.7,36.0,37.6,28.0,59.8,11.0,52.1,50.6,40.1,20170302-Quarter-Ending-December-31-2016.pdf,Jan-Mar,,reported
Franklin,2016,1,0.0,0.0,0.0,0.0,0.0,0.0,28.0,59.8,11.0,52.1,50.6,40.1,20170302-Quarter-Ending-December-31-2016.pdf,Jan-Mar,,reported_all_zero
Gadsden,2016,1,20.5,48.5,17.0,40.5,50.6,45.9,28.0,59.8,11.0,52.1,50.6,40.1,20170302-Quarter-Ending-December-31-2016.pdf,Jan-Mar,,reported
Gilchrist,2016,1,0.0,0.0,0.0,0.0,0.0,0.0,28.0,59.8,11.0,52.1,50.6,40.1,20170302-Quarter-Ending-December-31-2016.pdf,Jan-Mar,,reported_all_zero
Glades,2016,1,15.0,23.5,2.0,23.5,63.8,56.1,28.0,59.8,11.0,52.1,50.6,40.1,20170302-Quarter-Ending-December-31-2016.pdf,Jan-Mar,,reported
Gulf,2016,1,39.5,77.0,2.0,70.0,56.4,44.7,28.0,59.8,11.0,52.1,50.6,40.1,20170302-Quarter-Ending-December-31-2016.pdf,Jan-Mar,,reported
Hamilton,2016,1,99.5,103.5,2.0,99.5,100.0,33.2,28.0,59.8,11.0,52.1,50.6,40.1,20170302-Quarter-Ending-December-31-2016.pdf,Jan-Mar,,reported
Hardee,2016,1,14.0,117.0,1.0,110.0,12.7,64.2,28.0,59.8,11.0,52.1,50.6,40.1,20170302-Quarter-Ending-December-31-2016.pdf,Jan-Mar,,reported
Hendry,2016,1,34.5,52.2,10.0,52.2,66.1,36.8,28.0,59.8,11.0,52.1,50.6,40.1,20170302-Quarter-Ending-December-31-2016.pdf,Jan-Mar,,reported
Hernando,2016,1,34.9,53.4,14.0,49.0,71.1,50.4,28.0,59.8,11.0,52.1,50.6,40.1,20170302-Quarter-Ending-December-31-2016.pdf,Jan-Mar,,reported
Highlands,2016,1,17.6,52.2,5.0,43.8,40.2,24.8,28.0,59.8,11.0,52.1,50.6,40.1,20170302-Quarter-Ending-December-31-2016.pdf,Jan-Mar,,reported
Hillsborough,2016,1,32.1,56.2,153.0,41.8,76.7,28.6,28.0,59.8,11.0,52.1,50.6,40.1,20170302-Quarter-Ending-December-31-2016.pdf,Jan-Mar,,reported
Holmes,2016,1,0.0,0.0,0.0,0.0,0.0,72.9,28.0,59.8,11.0,52.1,50.6,40.1,20170302-Quarter-Ending-December-31-2016.pdf,Jan-Mar,,reported
Indian River,2016,1,25.1,67.9,14.0,54.8,45.9,57.7,28.0,59.8,11.0,52.1,50.6,40.1,20170302-Quarter-Ending-December-31-2016.pdf,Jan-Mar,,reported
Jackson,2016,1,8.5,41.0,4.0,31.0,27.4,41.3,28.0,59.8,11.0,52.1,50.6,40.1,20170302-Quarter-Ending-December-31-2016.pdf,Jan-Mar,,reported
Jefferson,2016,1,0.0,0.0,0.0,0.0,0.0,37.0,28.0,59.8,11.0,52.1,50.6,40.1,20170302-Quarter-Ending-December-31-2016.pdf,Jan-Mar,,reported
Lafayette,2016,1,30.0,50.0,1.0,50.0,60.0,41.7,28.0,59.8,11.0,52.1,50.6,40.1,20170302-Quarter-Ending-December-31-2016.pdf,Jan-Mar,,reported
Lake,2016,1,24.6,47.6,19.0,38.3,64.1,43.7,28.0,59.8,11.0,52.1,50.6,40.1,20170302-Quarter-Ending-December-31-2016.pdf,Jan-Mar,,reported
Lee,2016,1,27.2,67.4,66.0,62.5,43.5,54.6,28.0,59.8,11.0,52.1,50.6,40.1,20170302-Quarter-Ending-December-31-2016.pdf,Jan-Mar,,reported
Leon,2016,1,27.3,45.4,84.0,37.6,72.7,49.5,28.0,59.8,11.0,52.1,50.6,40.1,20170302-Quarter-Ending-December-31-2016.pdf,Jan-Mar,,reported
Levy,2016,1,0.0,0.0,0.0,0.0,0.0,35.2,28.0,59.8,11.0,52.1,50.6,40.1,20170302-Quarter-Ending-December-31-2016.pdf,Jan-Mar,,reported
Liberty,2016,1,28.0,52.0,3.0,44.7,62.7,34.8,28.0,59.8,11.0,52.1,50.6,40.1,20170302-Quarter-Ending-December-31-2016.pdf,Jan-Mar,,reported
Madison,2016,1,6.8,41.3,4.0,39.8,17.0,41.3,28.0,59.8,11.0,52.1,50.6,40.1,20170302-Quarter-Ending-December-31-2016.pdf,Jan-Mar,,reported
Manatee,2016,1,44.4,77.0,33.0,62.1,71.5,35.3,28.0,59.8,11.0,52.1,50.6,40.1,20170302-Quarter-Ending-December-31-2016.pdf,Jan-Mar,,reported
Marion,2016,1,26.6,62.4,40.0,54.1,49.2,35.2,28.0,59.8,11.0,52.1,50.6,40.1,20170302-Quarter-Ending-December-31-2016.pdf,Jan-Mar,,reported
Martin,2016,1,38.8,79.3,12.0,64.2,60.4,46.1,28.0,59.8,11.0,52.1,50.6,40.1,20170302-Quarter-Ending-December-31-2016.pdf,Jan-Mar,,reported
Miami-Dade,2016,1,40.6,93.9,210.0,76.1,53.4,32.7,28.0,59.8,11.0,52.1,50.6,40.1,20170302-Quarter-Ending-December-31-2016.pdf,Jan-Mar,,reported
Monroe,2016,1,24.6,94.3,11.0,78.6,31.3,41.8,28.0,59.8,11.0,52.1,50.6,40.1,20170302-Quarter-Ending-December-31-2016.pdf,Jan-Mar,,reported
Nassau,2016,1,23.9,59.8,8.0,56.1,42.5,40.1,28.0,59.8,11.0,52.1,50.6,40.1,20170302-Quarter-Ending-December-31-2016.pdf,Jan-Mar,,reported
Okaloosa,2016,1,28.3,53.5,14.0,44.9,63.0,54.6,28.0,59.8,11.0,52.1,50.6,40.1,20170302-Quarter-Ending-December-31-2016.pdf,Jan-Mar,,reported
Okeechobee,2016,1,37.0,67.7,10.0,52.1,71.0,20.1,28.0,59.8,11.0,52.1,50.6,40.1,20170302-Quarter-Ending-December-31-2016.pdf,Jan-Mar,,reported
Orange,2016,1,32.2,66.5,176.0,55.5,58.1,41.9,28.0,59.8,11.0,52.1,50.6,40.1,20170302-Quarter-Ending-December-31-2016.pdf,Jan-Mar,,reported
Osceola,2016,1,26.4,58.3,59.0,52.6,50.1,55.8,28.0,59.8,11.0,52.1,50.6,40.1,20170302-Quarter-Ending-December-31-2016.pdf,Jan-Mar,,reported
Palm Beach,2016,1,34.6,80.7,183.0,64.1,54.0,30.8,28.0,59.8,11.0,52.1,50.6,40.1,20170302-Quarter-Ending-December-31-2016.pdf,Jan-Mar,,reported
Pasco,2016,1,30.4,64.0,43.0,55.7,54.6,35.5,28.0,59.8,11.0,52.1,50.6,40.1,20170302-Quarter-Ending-December-31-2016.pdf,Jan-Mar,,reported
Pinellas,2016,1,33.9,84.1,114.0,73.0,46.4,46.9,28.0,59.8,11.0,52.1,50.6,40.1,20170302-Quarter-Ending-December-31-2016.pdf,Jan-Mar,,reported
Polk,2016,1,29.3,36.0,130.0,28.0,104.5,85.4,28.0,59.8,11.0,52.1,50.6,40.1,20170302-Quarter-Ending-December-31-2016.pdf,Jan-Mar,percent_to_voir_dire_gt_100_reported; ,reported
Putnam,2016,1,32.7,38.1,13.0,26.9,121.4,26.0,28.0,59.8,11.0,52.1,50.6,40.1,20170302-Quarter-Ending-December-31-2016.pdf,Jan-Mar,percent_to_voir_dire_gt_100_reported; ,reported
Santa Rosa,2016,1,42.8,51.3,22.0,46.4,92.2,31.5,28.0,59.8,11.0,52.1,50.6,40.1,20170302-Quarter-Ending-December-31-2016.pdf,Jan-Mar,,reported
Sarasota,2016,1,35.3,86.7,43.0,75.7,46.7,40.3,28.0,59.8,11.0,52.1,50.6,40.1,20170302-Quarter-Ending-December-31-2016.pdf,Jan-Mar,,reported
Seminole,2016,1,24.7,69.1,39.0,58.5,42.2,56.8,28.0,59.8,11.0,52.1,50.6,40.1,20170302-Quarter-Ending-December-31-2016.pdf,Jan-Mar,,reported
St. Johns,2016,1,18.6,53.6,9.0,42.0,44.2,36.9,28.0,59.8,11.0,52.1,50.6,40.1,20170302-Quarter-Ending-December-31-2016.pdf,Jan-Mar,,reported
St. Lucie,2016,1,40.0,90.5,38.0,77.4,51.6,39.4,28.0,59.8,11.0,52.1,50.6,40.1,20170302-Quarter-Ending-December-31-2016.pdf,Jan-Mar,,reported
Sumter,2016,1,14.0,49.7,3.0,45.0,31.1,22.5,28.0,59.8,11.0,52.1,50.6,40.1,20170302-Quarter-Ending-December-31-2016.pdf,Jan-Mar,,reported
Suwannee,2016,1,7.0,61.7,3.0,52.3,13.4,34.9,28.0,59.8,11.0,52.1,50.6,40.1,20170302-Quarter-Ending-December-31-2016.pdf,Jan-Mar,,reported
Taylor,2016,1,26.0,65.3,3.0,60.0,43.3,72.0,28.0,59.8,11.0,52.1,50.6,40.1,20170302-Quarter-Ending-December-31-2016.pdf,Jan-Mar,,reported
Union,2016,1,231.0,518.0,1.0,231.0,100.0,40.2,28.0,59.8,11.0,52.1,50.6,40.1,20170302-Quarter-Ending-December-31-2016.pdf,Jan-Mar,,reported
Volusia,2016,1,34.1,54.5,37.0,47.5,71.9,44.0,28.0,59.8,11.0,52.1,50.6,40.1,20170302-Quarter-Ending-December-31-2016.pdf,Jan-Mar,,reported
Wakulla,2016,1,38.5,46.0,2.0,38.5,100.0,45.5,28.0,59.8,11.0,52.1,50.6,40.1,20170302-Quarter-Ending-December-31-2016.pdf,Jan-Mar,,reported
Walton,2016,1,14.0,38.5,4.0,33.3,42.1,29.2,28.0,59.8,11.0,52.1,50.6,40.1,20170302-Quarter-Ending-December-31-2016.pdf,Jan-Mar,,reported
Washington,2016,1,7.0,43.0,2.0,36.0,19.4,36.0,28.0,59.8,11.0,52.1,50.6,40.1,20170302-Quarter-Ending-December-31-2016.pdf,Jan-Mar,,reported
Alachua,2016,2,31.6,44.3,33.0,33.3,95.1,44.1,28.6,61.1,10.0,50.7,46.5,35.6,20170302-Quarter-Ending-December-31-2016.pdf,Apr-Jun,,reported
Baker,2016,2,9.6,40.5,8.0,33.3,28.9,27.8,28.6,61.1,10.0,50.7,46.5,35.6,20170302-Quarter-Ending-December-31-2016.pdf,Apr-Jun,,reported
Bay,2016,2,30.7,63.7,17.0,55.3,55.5,45.6,28.6,61.1,10.0,50.7,46.5,35.6,20170302-Quarter-Ending-December-31-2016.pdf,Apr-Jun,,reported
Bradford,2016,2,12.3,63.0,3.0,50.7,24.3,33.4,28.6,61.1,10.0,50.7,46.5,35.6,20170302-Quarter-Ending-December-31-2016.pdf,Apr-Jun,,reported
Brevard,2016,2,53.4,104.4,60.0,73.6,72.6,42.8,28.6,61.1,10.0,50.7,46.5,35.6,20170302-Quarter-Ending-December-31-2016.pdf,Apr-Jun,,reported
Broward,2016,2,40.3,81.7,173.0,63.7,63.1,37.1,28.6,61.1,10.0,50.7,46.5,35.6,20170302-Quarter-Ending-December-31-2016.pdf,Apr-Jun,,reported
Calhoun,2016,2,0.0,0.0,0.0,0.0,0.0,0.0,28.6,61.1,10.0,50.7,46.5,35.6,20170302-Quarter-Ending-December-31-2016.pdf,Apr-Jun,,reported_all_zero
Charlotte,2016,2,31.9,47.4,21.0,42.5,74.9,62.8,28.6,61.1,10.0,50.7,46.5,35.6,20170302-Quarter-Ending-December-31-2016.pdf,Apr-Jun,,reported
Citrus,2016,2,20.1,36.8,16.0,28.4,70.8,32.6,28.6,61.1,10.0,50.7,46.5,35.6,20170302-Quarter-Ending-December-31-2016.pdf,Apr-Jun,,reported
Clay,2016,2,30.3,138.7,3.0,125.0,24.3,51.3,28.6,61.1,10.0,50.7,46.5,35.6,20170302-Quarter-Ending-December-31-2016.pdf,Apr-Jun,,reported
Collier,2016,2,27.1,71.9,22.0,59.6,45.5,53.7,28.6,61.1,10.0,50.7,46.5,35.6,20170302-Quarter-Ending-December-31-2016.pdf,Apr-Jun,,reported
Columbia,2016,2,35.8,63.4,5.0,63.4,56.5,42.3,28.6,61.1,10.0,50.7,46.5,35.6,20170302-Quarter-Ending-December-31-2016.pdf,Apr-Jun,,reported
DeSoto,2016,2,25.0,155.0,1.0,148.0,16.9,14.7,28.6,61.1,10.0,50.7,46.5,35.6,20170302-Quarter-Ending-December-31-2016.pdf,Apr-Jun,,reported
Dixie,2016,2,32.0,111.0,1.0,111.0,28.8,20.3,28.6,61.1,10.0,50.7,46.5,35.6,20170302-Quarter-Ending-December-31-2016.pdf,Apr-Jun,,reported
Duval,2016,2,45.1,92.0,67.0,73.3,61.5,30.9,28.6,61.1,10.0,50.7,46.5,35.6,20170302-Quarter-Ending-December-31-2016.pdf,Apr-Jun,,reported
Escambia,2016,2,28.6,45.2,75.0,36.1,79.1,27.2,28.6,61.1,10.0,50.7,46.5,35.6,20170302-Quarter-Ending-December-31-2016.pdf,Apr-Jun,,reported
Flagler,2016,2,20.5,63.5,2.0,53.0,38.7,33.7,28.6,61.1,10.0,50.7,46.5,35.6,20170302-Quarter-Ending-December-31-2016.pdf,Apr-Jun,,reported
Franklin,2016,2,20.0,50.0,1.0,43.0,46.5,28.7,28.6,61.1,10.0,50.7,46.5,35.6,20170302-Quarter-Ending-December-31-2016.pdf,Apr-Jun,,reported
Gadsden,2016,2,18.2,43.1,17.0,34.6,52.5,47.7,28.6,61.1,10.0,50.7,46.5,35.6,20170302-Quarter-Ending-December-31-2016.pdf,Apr-Jun,,reported
Gilchrist,2016,2,0.0,0.0,0.0,0.0,0.0,0.0,28.6,61.1,10.0,50.7,46.5,35.6,20170302-Quarter-Ending-December-31-2016.pdf,Apr-Jun,,reported_all_zero
Glades,2016,2,0.0,0.0,0.0,0.0,0.0,0.0,28.6,61.1,10.0,50.7,46.5,35.6,20170302-Quarter-Ending-December-31-2016.pdf,Apr-Jun,,reported_all_zero
Gulf,2016,2,0.0,0.0,0.0,0.0,0.0,0.0,28.6,61.1,10.0,50.7,46.5,35.6,20170302-Quarter-Ending-December-31-2016.pdf,Apr-Jun,,reported_all_zero
Hamilton,2016,2,0.0,0.0,0.0,0.0,0.0,30.5,28.6,61.1,10.0,50.7,46.5,35.6,20170302-Quarter-Ending-December-31-2016.pdf,Apr-Jun,,reported
Hardee,2016,2,14.0,64.0,1.0,57.0,24.6,53.5,28.6,61.1,10.0,50.7,46.5,35.6,20170302-Quarter-Ending-December-31-2016.pdf,Apr-Jun,,reported
Hendry,2016,2,34.2,39.9,11.0,39.9,85.6,29.6,28.6,61.1,10.0,50.7,46.5,35.6,20170302-Quarter-Ending-December-31-2016.pdf,Apr-Jun,,reported
Hernando,2016,2,31.4,96.2,9.0,67.7,46.5,50.3,28.6,61.1,10.0,50.7,46.5,35.6,20170302-Quarter-Ending-December-31-2016.pdf,Apr-Jun,,reported
Highlands,2016,2,25.9,87.6,11.0,68.2,38.0,31.2,28.6,61.1,10.0,50.7,46.5,35.6,20170302-Quarter-Ending-December-31-2016.pdf,Apr-Jun,,reported
Hillsborough,2016,2,33.9,60.6,136.0,47.1,71.8,27.2,28.6,61.1,10.0,50.7,46.5,35.6,20170302-Quarter-Ending-December-31-2016.pdf,Apr-Jun,,reported
Holmes,2016,2,21.0,54.0,1.0,40.0,52.5,52.0,28.6,61.1,10.0,50.7,46.5,35.6,20170302-Quarter-Ending-December-31-2016.pdf,Apr-Jun,,reported
Indian River,2016,2,28.9,53.3,19.0,45.8,63.1,55.1,28.6,61.1,10.0,50.7,46.5,35.6,20170302-Quarter-Ending-December-31-2016.pdf,Apr-Jun,,reported
Jackson,2016,2,7.0,49.0,1.0,42.0,16.7,42.0,28.6,61.1,10.0,50.7,46.5,35.6,20170302-Quarter-Ending-December-31-2016.pdf,Apr-Jun,,reported
Jefferson,2016,2,7.0,46.0,1.0,46.0,15.2,46.0,28.6,61.1,10.0,50.7,46.5,35.6,20170302-Quarter-Ending-December-31-2016.pdf,Apr-Jun,,reported
Lafayette,2016,2,0.0,0.0,0.0,0.0,0.0,44.0,28.6,61.1,10.0,50.7,46.5,35.6,20170302-Quarter-Ending-December-31-2016.pdf,Apr-Jun,,reported
Lake,2016,2,30.0,62.6,10.0,50.2,59.8,41.0,28.6,61.1,10.0,50.7,46.5,35.6,20170302-Quarter-Ending-December-31-2016.pdf,Apr-Jun,,reported
Lee,2016,2,29.3,72.7,73.0,67.3,43.5,52.1,28.6,61.1,10.0,50.7,46.5,35.6,20170302-Quarter-Ending-December-31-2016.pdf,Apr-Jun,,reported
Leon,2016,2,26.0,45.0,86.0,36.5,71.3,47.7,28.6,61.1,10.0,50.7,46.5,35.6,20170302-Quarter-Ending-December-31-2016.pdf,Apr-Jun,,reported
Levy,2016,2,7.5,109.5,2.0,95.0,7.9,32.1,28.6,61.1,10.0,50.7,46.5,35.6,20170302-Quarter-Ending-December-31-2016.pdf,Apr-Jun,,reported
Liberty,2016,2,20.0,32.5,2.0,29.0,69.0,30.5,28.6,61.1,10.0,50.7,46.5,35.6,20170302-Quarter-Ending-December-31-2016.pdf,Apr-Jun,,reported
Madison,2016,2,0.0,0.0,0.0,0.0,0.0,0.0,28.6,61.1,10.0,50.7,46.5,35.6,20170302-Quarter-Ending-December-31-2016.pdf,Apr-Jun,,reported_all_zero
Manatee,2016,2,38.0,75.7,31.0,63.4,59.9,33.5,28.6,61.1,10.0,50.7,46.5,35.6,20170302-Quarter-Ending-December-31-2016.pdf,Apr-Jun,,reported
Marion,2016,2,25.6,107.9,23.0,97.6,26.2,34.8,28.6,61.1,10.0,50.7,46.5,35.6,20170302-Quarter-Ending-December-31-2016.pdf,Apr-Jun,,reported
Martin,2016,2,38.9,113.1,7.0,100.1,38.8,43.0,28.6,61.1,10.0,50.7,46.5,35.6,20170302-Quarter-Ending-December-31-2016.pdf,Apr-Jun,,reported
Miami-Dade,2016,2,40.8,104.8,172.0,88.1,46.3,33.9,28.6,61.1,10.0,50.7,46.5,35.6,20170302-Quarter-Ending-December-31-2016.pdf,Apr-Jun,,reported
Monroe,2016,2,26.1,91.7,19.0,71.7,36.4,23.7,28.6,61.1,10.0,50.7,46.5,35.6,20170302-Quarter-Ending-December-31-2016.pdf,Apr-Jun,,reported
Nassau,2016,2,30.0,206.5,2.0,178.5,16.8,39.0,28.6,61.1,10.0,50.7,46.5,35.6,20170302-Quarter-Ending-December-31-2016.pdf,Apr-Jun,,reported
Okaloosa,2016,2,37.6,54.4,16.0,49.1,76.6,47.3,28.6,61.1,10.0,50.7,46.5,35.6,20170302-Quarter-Ending-December-31-2016.pdf,Apr-Jun,,reported
Okeechobee,2016,2,29.7,66.9,7.0,55.9,53.2,19.8,28.6,61.1,10.0,50.7,46.5,35.6,20170302-Quarter-Ending-December-31-2016.pdf,Apr-Jun,,reported
Orange,2016,2,33.2,68.0,179.0,56.6,58.7,43.4,28.6,61.1,10.0,50.7,46.5,35.6,20170302-Quarter-Ending-December-31-2016.pdf,Apr-Jun,,reported
Osceola,2016,2,26.4,61.0,48.0,55.4,47.7,56.9,28.6,61.1,10.0,50.7,46.5,35.6,20170302-Quarter-Ending-December-31-2016.pdf,Apr-Jun,,reported
Palm Beach,2016,2,35.6,106.9,142.0,87.7,40.6,29.6,28.6,61.1,10.0,50.7,46.5,35.6,20170302-Quarter-Ending-December-31-2016.pdf,Apr-Jun,,reported
Pasco,2016,2,32.1,61.1,35.0,55.5,57.9,33.0,28.6,61.1,10.0,50.7,46.5,35.6,20170302-Quarter-Ending-December-31-2016.pdf,Apr-Jun,,reported
Pinellas,2016,2,31.6,87.8,86.0,79.8,39.7,43.6,28.6,61.1,10.0,50.7,46.5,35.6,20170302-Quarter-Ending-December-31-2016.pdf,Apr-Jun,,reported
Polk,2016,2,33.4,42.0,113.0,32.0,104.4,83.3,28.6,61.1,10.0,50.7,46.5,35.6,20170302-Quarter-Ending-December-31-2016.pdf,Apr-Jun,percent_to_voir_dire_gt_100_reported; ,reported
Putnam,2016,2,28.7,37.6,10.0,31.1,92.3,24.9,28.6,61.1,10.0,50.7,46.5,35.6,20170302-Quarter-Ending-December-31-2016.pdf,Apr-Jun,,reported
Santa Rosa,2016,2,41.5,48.9,28.0,41.5,100.0,30.7,28.6,61.1,10.0,50.7,46.5,35.6,20170302-Quarter-Ending-December-31-2016.pdf,Apr-Jun,,reported
Sarasota,2016,2,44.8,102.2,38.0,81.3,55.1,39.3,28.6,61.1,10.0,50.7,46.5,35.6,20170302-Quarter-Ending-December-31-2016.pdf,Apr-Jun,,reported
Seminole,2016,2,27.4,59.4,36.0,49.1,55.9,57.5,28.6,61.1,10.0,50.7,46.5,35.6,20170302-Quarter-Ending-December-31-2016.pdf,Apr-Jun,,reported
St. Johns,2016,2,18.8,43.9,10.0,34.1,55.1,34.4,28.6,61.1,10.0,50.7,46.5,35.6,20170302-Quarter-Ending-December-31-2016.pdf,Apr-Jun,,reported
St. Lucie,2016,2,37.8,97.5,41.0,73.7,51.3,39.7,28.6,61.1,10.0,50.7,46.5,35.6,20170302-Quarter-Ending-December-31-2016.pdf,Apr-Jun,,reported
Sumter,2016,2,23.8,77.8,4.0,62.0,38.3,24.8,28.6,61.1,10.0,50.7,46.5,35.6,20170302-Quarter-Ending-December-31-2016.pdf,Apr-Jun,,reported
Suwannee,2016,2,7.7,57.7,3.0,39.3,19.5,35.6,28.6,61.1,10.0,50.7,46.5,35.6,20170302-Quarter-Ending-December-31-2016.pdf,Apr-Jun,,reported
Taylor,2016,2,60.7,184.0,3.0,173.3,35.0,100.0,28.6,61.1,10.0,50.7,46.5,35.6,20170302-Quarter-Ending-December-31-2016.pdf,Apr-Jun,,reported
Union,2016,2,0.0,0.0,0.0,0.0,0.0,0.0,28.6,61.1,10.0,50.7,46.5,35.6,20170302-Quarter-Ending-December-31-2016.pdf,Apr-Jun,,reported_all_zero
Volusia,2016,2,31.0,52.9,41.0,41.4,75.0,47.6,28.6,61.1,10.0,50.7,46.5,35.6,20170302-Quarter-Ending-December-31-2016.pdf,Apr-Jun,,reported
Wakulla,2016,2,37.5,88.0,2.0,77.5,48.4,49.0,28.6,61.1,10.0,50.7,46.5,35.6,20170302-Quarter-Ending-December-31-2016.pdf,Apr-Jun,,reported
Walton,2016,2,24.4,43.6,5.0,38.0,64.2,35.4,28.6,61.1,10.0,50.7,46.5,35.6,20170302-Quarter-Ending-December-31-2016.pdf,Apr-Jun,,reported
Washington,2016,2,7.0,107.0,1.0,100.0,7.0,41.0,28.6,61.1,10.0,50.7,46.5,35.6,20170302-Quarter-Ending-December-31-2016.pdf,Apr-Jun,,reported
Alachua,2016,3,32.5,48.5,25.0,39.4,82.6,21.1,27.3,62.1,10.0,49.5,51.3,36.0,20170302-Quarter-Ending-December-31-2016.pdf,Jul-Sep,,reported
Baker,2016,3,7.0,93.5,2.0,86.5,8.1,34.6,27.3,62.1,10.0,49.5,51.3,36.0,20170302-Quarter-Ending-December-31-2016.pdf,Jul-Sep,,reported
Bay,2016,3,34.1,62.1,18.0,45.0,75.7,44.0,27.3,62.1,10.0,49.5,51.3,36.0,20170302-Quarter-Ending-December-31-2016.pdf,Jul-Sep,,reported
Bradford,2016,3,7.1,44.8,10.0,36.2,19.6,31.0,27.3,62.1,10.0,49.5,51.3,36.0,20170302-Quarter-Ending-December-31-2016.pdf,Jul-Sep,,reported
Brevard,2016,3,67.2,136.6,38.0,112.9,59.5,40.9,27.3,62.1,10.0,49.5,51.3,36.0,20170302-Quarter-Ending-December-31-2016.pdf,Jul-Sep,,reported
Broward,2016,3,43.1,100.7,135.0,83.4,51.8,37.8,27.3,62.1,10.0,49.5,51.3,36.0,20170302-Quarter-Ending-December-31-2016.pdf,Jul-Sep,,reported
Calhoun,2016,3,0.0,0.0,0.0,0.0,0.0,0.0,27.3,62.1,10.0,49.5,51.3,36.0,20170302-Quarter-Ending-December-31-2016.pdf,Jul-Sep,,reported_all_zero
Charlotte,2016,3,29.1,43.4,18.0,40.1,72.4,63.6,27.3,62.1,10.0,49.5,51.3,36.0,20170302-Quarter-Ending-December-31-2016.pdf,Jul-Sep,,reported
Citrus,2016,3,27.4,62.3,10.0,48.5,56.5,35.7,27.3,62.1,10.0,49.5,51.3,36.0,20170302-Quarter-Ending-December-31-2016.pdf,Jul-Sep,,reported
Clay,2016,3,27.8,89.5,6.0,70.2,39.7,49.7,27.3,62.1,10.0,49.5,51.3,36.0,20170302-Quarter-Ending-December-31-2016.pdf,Jul-Sep,,reported
Collier,2016,3,20.3,53.3,23.0,46.8,43.5,56.2,27.3,62.1,10.0,49.5,51.3,36.0,20170302-Quarter-Ending-December-31-2016.pdf,Jul-Sep,,reported
Columbia,2016,3,69.0,90.5,4.0,90.5,76.2,34.6,27.3,62.1,10.0,49.5,51.3,36.0,20170302-Quarter-Ending-December-31-2016.pdf,Jul-Sep,,reported
DeSoto,2016,3,0.0,0.0,0.0,0.0,0.0,16.6,27.3,62.1,10.0,49.5,51.3,36.0,20170302-Quarter-Ending-December-31-2016.pdf,Jul-Sep,,reported
Dixie,2016,3,65.0,89.0,1.0,89.0,73.0,13.7,27.3,62.1,10.0,49.5,51.3,36.0,20170302-Quarter-Ending-December-31-2016.pdf,Jul-Sep,,reported
Duval,2016,3,42.5,73.6,84.0,56.4,75.4,29.5,27.3,62.1,10.0,49.5,51.3,36.0,20170302-Quarter-Ending-December-31-2016.pdf,Jul-Sep,,reported
Escambia,2016,3,31.4,49.2,71.0,41.2,76.1,27.4,27.3,62.1,10.0,49.5,51.3,36.0,20170302-Quarter-Ending-December-31-2016.pdf,Jul-Sep,,reported
Flagler,2016,3,28.3,67.8,6.0,59.2,47.9,42.8,27.3,62.1,10.0,49.5,51.3,36.0,20170302-Quarter-Ending-December-31-2016.pdf,Jul-Sep,,reported
Franklin,2016,3,18.3,31.3,3.0,26.7,68.8,26.7,27.3,62.1,10.0,49.5,51.3,36.0,20170302-Quarter-Ending-December-31-2016.pdf,Jul-Sep,,reported
Gadsden,2016,3,23.5,57.5,11.0,47.7,49.3,45.4,27.3,62.1,10.0,49.5,51.3,36.0,20170302-Quarter-Ending-December-31-2016.pdf,Jul-Sep,,reported
Gilchrist,2016,3,0.0,0.0,0.0,0.0,0.0,0.0,27.3,62.1,10.0,49.5,51.3,36.0,20170302-Quarter-Ending-December-31-2016.pdf,Jul-Sep,,reported_all_zero
Glades,2016,3,20.0,131.0,1.0,104.0,19.2,36.0,27.3,62.1,10.0,49.5,51.3,36.0,20170302-Quarter-Ending-December-31-2016.pdf,Jul-Sep,,reported
Gulf,2016,3,0.0,0.0,0.0,0.0,0.0,28.9,27.3,62.1,10.0,49.5,51.3,36.0,20170302-Quarter-Ending-December-31-2016.pdf,Jul-Sep,,reported
Hamilton,2016,3,8.0,80.0,1.0,73.0,11.0,29.2,27.3,62.1,10.0,49.5,51.3,36.0,20170302-Quarter-Ending-December-31-2016.pdf,Jul-Sep,,reported
Hardee,2016,3,25.0,315.0,1.0,301.0,8.3,53.7,27.3,62.1,10.0,49.5,51.3,36.0,20170302-Quarter-Ending-December-31-2016.pdf,Jul-Sep,,reported
Hendry,2016,3,38.9,65.6,7.0,65.6,59.3,35.3,27.3,62.1,10.0,49.5,51.3,36.0,20170302-Quarter-Ending-December-31-2016.pdf,Jul-Sep,,reported
Hernando,2016,3,30.4,68.9,10.0,57.3,53.1,51.3,27.3,62.1,10.0,49.5,51.3,36.0,20170302-Quarter-Ending-December-31-2016.pdf,Jul-Sep,,reported
Highlands,2016,3,14.8,38.4,11.0,21.9,67.6,23.0,27.3,62.1,10.0,49.5,51.3,36.0,20170302-Quarter-Ending-December-31-2016.pdf,Jul-Sep,,reported
Hillsborough,2016,3,50.4,92.1,76.0,71.8,70.1,26.4,27.3,62.1,10.0,49.5,51.3,36.0,20170302-Quarter-Ending-December-31-2016.pdf,Jul-Sep,,reported
Holmes,2016,3,0.0,0.0,0.0,0.0,0.0,74.2,27.3,62.1,10.0,49.5,51.3,36.0,20170302-Quarter-Ending-December-31-2016.pdf,Jul-Sep,,reported
Indian River,2016,3,32.4,69.7,12.0,59.9,54.1,51.7,27.3,62.1,10.0,49.5,51.3,36.0,20170302-Quarter-Ending-December-31-2016.pdf,Jul-Sep,,reported
Jackson,2016,3,7.0,88.0,2.0,81.0,8.6,42.1,27.3,62.1,10.0,49.5,51.3,36.0,20170302-Quarter-Ending-December-31-2016.pdf,Jul-Sep,,reported
Jefferson,2016,3,0.0,0.0,0.0,0.0,0.0,0.0,27.3,62.1,10.0,49.5,51.3,36.0,20170302-Quarter-Ending-December-31-2016.pdf,Jul-Sep,,reported_all_zero
Lafayette,2016,3,0.0,0.0,0.0,0.0,0.0,0.0,27.3,62.1,10.0,49.5,51.3,36.0,20170302-Quarter-Ending-December-31-2016.pdf,Jul-Sep,,reported_all_zero
Lake,2016,3,27.3,62.1,15.0,49.5,55.3,35.9,27.3,62.1,10.0,49.5,51.3,36.0,20170302-Quarter-Ending-December-31-2016.pdf,Jul-Sep,,reported
Lee,2016,3,28.4,77.3,68.0,71.9,39.5,49.4,27.3,62.1,10.0,49.5,51.3,36.0,20170302-Quarter-Ending-December-31-2016.pdf,Jul-Sep,,reported
Leon,2016,3,26.1,45.3,67.0,37.6,69.5,47.1,27.3,62.1,10.0,49.5,51.3,36.0,20170302-Quarter-Ending-December-31-2016.pdf,Jul-Sep,,reported
Levy,2016,3,56.0,105.0,1.0,98.0,57.1,35.6,27.3,62.1,10.0,49.5,51.3,36.0,20170302-Quarter-Ending-December-31-2016.pdf,Jul-Sep,,reported
Liberty,2016,3,17.5,38.0,2.0,34.5,50.7,35.4,27.3,62.1,10.0,49.5,51.3,36.0,20170302-Quarter-Ending-December-31-2016.pdf,Jul-Sep,,reported
Madison,2016,3,0.0,0.0,0.0,0.0,0.0,0.0,27.3,62.1,10.0,49.5,51.3,36.0,20170302-Quarter-Ending-December-31-2016.pdf,Jul-Sep,,reported_all_zero
Manatee,2016,3,32.8,85.2,20.0,76.7,42.7,37.7,27.3,62.1,10.0,49.5,51.3,36.0,20170302-Quarter-Ending-December-31-2016.pdf,Jul-Sep,,reported
Marion,2016,3,25.4,55.9,46.0,47.6,53.3,32.0,27.3,62.1,10.0,49.5,51.3,36.0,20170302-Quarter-Ending-December-31-2016.pdf,Jul-Sep,,reported
Martin,2016,3,41.1,61.2,18.0,43.4,94.6,36.4,27.3,62.1,10.0,49.5,51.3,36.0,20170302-Quarter-Ending-December-31-2016.pdf,Jul-Sep,,reported
Miami-Dade,2016,3,45.4,99.2,183.0,78.2,58.1,32.3,27.3,62.1,10.0,49.5,51.3,36.0,20170302-Quarter-Ending-December-31-2016.pdf,Jul-Sep,,reported
Monroe,2016,3,25.3,61.5,17.0,49.3,51.3,19.1,27.3,62.1,10.0,49.5,51.3,36.0,20170302-Quarter-Ending-December-31-2016.pdf,Jul-Sep,,reported
Nassau,2016,3,20.9,74.1,7.0,65.7,31.7,45.6,27.3,62.1,10.0,49.5,51.3,36.0,20170302-Quarter-Ending-December-31-2016.pdf,Jul-Sep,,reported
Okaloosa,2016,3,47.8,92.0,5.0,86.2,55.5,54.3,27.3,62.1,10.0,49.5,51.3,36.0,20170302-Quarter-Ending-December-31-2016.pdf,Jul-Sep,,reported
Okeechobee,2016,3,25.2,54.8,6.0,47.8,52.6,18.2,27.3,62.1,10.0,49.5,51.3,36.0,20170302-Quarter-Ending-December-31-2016.pdf,Jul-Sep,,reported
Orange,2016,3,31.9,77.4,128.0,68.2,46.8,58.3,27.3,62.1,10.0,49.5,51.3,36.0,20170302-Quarter-Ending-December-31-2016.pdf,Jul-Sep,,reported
Osceola,2016,3,26.8,63.6,48.0,58.5,45.7,63.8,27.3,62.1,10.0,49.5,51.3,36.0,20170302-Quarter-Ending-December-31-2016.pdf,Jul-Sep,,reported
Palm Beach,2016,3,44.1,104.3,141.0,83.0,53.1,28.9,27.3,62.1,10.0,49.5,51.3,36.0,20170302-Quarter-Ending-December-31-2016.pdf,Jul-Sep,,reported
Pasco,2016,3,33.0,73.7,32.0,62.4,53.0,35.4,27.3,62.1,10.0,49.5,51.3,36.0,20170302-Quarter-Ending-December-31-2016.pdf,Jul-Sep,,reported
Pinellas,2016,3,30.7,71.6,103.0,64.9,47.3,44.9,27.3,62.1,10.0,49.5,51.3,36.0,20170302-Quarter-Ending-December-31-2016.pdf,Jul-Sep,,reported
Polk,2016,3,28.8,40.0,105.0,31.4,91.8,67.0,27.3,62.1,10.0,49.5,51.3,36.0,20170302-Quarter-Ending-December-31-2016.pdf,Jul-Sep,,reported
Putnam,2016,3,29.6,39.8,18.0,31.8,93.0,26.5,27.3,62.1,10.0,49.5,51.3,36.0,20170302-Quarter-Ending-December-31-2016.pdf,Jul-Sep,,reported
Santa Rosa,2016,3,48.7,52.5,21.0,48.7,100.0,34.4,27.3,62.1,10.0,49.5,51.3,36.0,20170302-Quarter-Ending-December-31-2016.pdf,Jul-Sep,,reported
Sarasota,2016,3,41.5,96.8,33.0,85.0,48.8,39.3,27.3,62.1,10.0,49.5,51.3,36.0,20170302-Quarter-Ending-December-31-2016.pdf,Jul-Sep,,reported
Seminole,2016,3,28.1,62.6,33.0,51.7,54.3,55.8,27.3,62.1,10.0,49.5,51.3,36.0,20170302-Quarter-Ending-December-31-2016.pdf,Jul-Sep,,reported
St. Johns,2016,3,19.8,42.8,10.0,31.8,62.3,38.6,27.3,62.1,10.0,49.5,51.3,36.0,20170302-Quarter-Ending-December-31-2016.pdf,Jul-Sep,,reported
St. Lucie,2016,3,36.1,96.7,27.0,80.3,44.9,36.4,27.3,62.1,10.0,49.5,51.3,36.0,20170302-Quarter-Ending-December-31-2016.pdf,Jul-Sep,,reported
Sumter,2016,3,17.9,35.9,9.0,25.9,69.1,21.2,27.3,62.1,10.0,49.5,51.3,36.0,20170302-Quarter-Ending-December-31-2016.pdf,Jul-Sep,,reported
Suwannee,2016,3,6.5,51.0,2.0,47.5,13.7,50.7,27.3,62.1,10.0,49.5,51.3,36.0,20170302-Quarter-Ending-December-31-2016.pdf,Jul-Sep,,reported
Taylor,2016,3,0.0,0.0,0.0,0.0,0.0,100.0,27.3,62.1,10.0,49.5,51.3,36.0,20170302-Quarter-Ending-December-31-2016.pdf,Jul-Sep,,reported
Union,2016,3,22.7,69.3,3.0,56.0,40.5,45.4,27.3,62.1,10.0,49.5,51.3,36.0,20170302-Quarter-Ending-December-31-2016.pdf,Jul-Sep,,reported
Volusia,2016,3,29.5,61.5,31.0,56.7,51.9,45.0,27.3,62.1,10.0,49.5,51.3,36.0,20170302-Quarter-Ending-December-31-2016.pdf,Jul-Sep,,reported
Wakulla,2016,3,0.0,0.0,0.0,0.0,0.0,61.7,27.3,62.1,10.0,49.5,51.3,36.0,20170302-Quarter-Ending-December-31-2016.pdf,Jul-Sep,,reported
Walton,2016,3,14.0,89.5,2.0,86.0,16.3,24.6,27.3,62.1,10.0,49.5,51.3,36.0,20170302-Quarter-Ending-December-31-2016.pdf,Jul-Sep,,reported
Washington,2016,3,7.0,55.0,3.0,48.0,14.6,48.3,27.3,62.1,10.0,49.5,51.3,36.0,20170302-Quarter-Ending-December-31-2016.pdf,Jul-Sep,,reported
Alachua,2016,4,33.6,52.0,27.0,38.8,86.5,21.4,28.0,57.3,8.0,48.3,49.8,36.4,20170302-Quarter-Ending-December-31-2016.pdf,Oct-Dec,,reported
Baker,2016,4,12.5,41.3,4.0,34.0,36.8,34.0,28.0,57.3,8.0,48.3,49.8,36.4,20170302-Quarter-Ending-December-31-2016.pdf,Oct-Dec,,reported
Bay,2016,4,28.6,60.1,14.0,49.0,58.3,43.9,28.0,57.3,8.0,48.3,49.8,36.4,20170302-Quarter-Ending-December-31-2016.pdf,Oct-Dec,,reported
Bradford,2016,4,7.0,72.5,2.0,65.5,10.7,42.7,28.0,57.3,8.0,48.3,49.8,36.4,20170302-Quarter-Ending-December-31-2016.pdf,Oct-Dec,,reported
Brevard,2016,4,63.3,136.3,35.0,111.5,56.8,42.1,28.0,57.3,8.0,48.3,49.8,36.4,20170302-Quarter-Ending-December-31-2016.pdf,Oct-Dec,,reported
Broward,2016,4,49.8,106.5,111.0,85.8,58.1,39.3,28.0,57.3,8.0,48.3,49.8,36.4,20170302-Quarter-Ending-December-31-2016.pdf,Oct-Dec,,reported
Calhoun,2016,4,7.0,106.0,1.0,99.0,7.1,36.0,28.0,57.3,8.0,48.3,49.8,36.4,20170302-Quarter-Ending-December-31-2016.pdf,Oct-Dec,,reported
Charlotte,2016,4,40.8,57.8,12.0,48.3,84.5,65.7,28.0,57.3,8.0,48.3,49.8,36.4,20170302-Quarter-Ending-December-31-2016.pdf,Oct-Dec,,reported
Citrus,2016,4,24.5,70.4,8.0,54.5,45.0,30.1,28.0,57.3,8.0,48.3,49.8,36.4,20170302-Quarter-Ending-December-31-2016.pdf,Oct-Dec,,reported
Clay,2016,4,16.3,96.0,3.0,75.0,21.8,49.7,28.0,57.3,8.0,48.3,49.8,36.4,20170302-Quarter-Ending-December-31-2016.pdf,Oct-Dec,,reported
Collier,2016,4,32.7,80.4,19.0,68.3,47.9,49.7,28.0,57.3,8.0,48.3,49.8,36.4,20170302-Quarter-Ending-December-31-2016.pdf,Oct-Dec,,reported
Columbia,2016,4,34.2,40.4,10.0,40.4,84.7,36.4,28.0,57.3,8.0,48.3,49.8,36.4,20170302-Quarter-Ending-December-31-2016.pdf,Oct-Dec,,reported
DeSoto,2016,4,19.2,49.6,5.0,48.4,39.7,18.3,28.0,57.3,8.0,48.3,49.8,36.4,20170302-Quarter-Ending-December-31-2016.pdf,Oct-Dec,,reported
Dixie,2016,4,41.5,86.0,2.0,86.0,48.3,24.6,28.0,57.3,8.0,48.3,49.8,36.4,20170302-Quarter-Ending-December-31-2016.pdf,Oct-Dec,,reported
Duval,2016,4,37.3,65.0,65.0,51.6,72.3,29.3,28.0,57.3,8.0,48.3,49.8,36.4,20170302-Quarter-Ending-December-31-2016.pdf,Oct-Dec,,reported
Escambia,2016,4,25.9,48.4,65.0,38.9,68.9,28.9,28.0,57.3,8.0,48.3,49.8,36.4,20170302-Quarter-Ending-December-31-2016.pdf,Oct-Dec,aps_placeholder_uncorrected_in_source,reported
Flagler,2016,4,24.0,71.0,7.0,61.4,39.1,39.5,28.0,57.3,8.0,48.3,49.8,36.4,20170302-Quarter-Ending-December-31-2016.pdf,Oct-Dec,,reported
Franklin,2016,4,15.5,27.0,2.0,23.5,66.0,23.5,28.0,57.3,8.0,48.3,49.8,36.4,20170302-Quarter-Ending-December-31-2016.pdf,Oct-Dec,,reported
Gadsden,2016,4,23.2,53.8,9.0,46.7,49.8,37.9,28.0,57.3,8.0,48.3,49.8,36.4,20170302-Quarter-Ending-December-31-2016.pdf,Oct-Dec,,reported
Gilchrist,2016,4,7.0,44.0,2.0,40.5,17.3,31.2,28.0,57.3,8.0,48.3,49.8,36.4,20170302-Quarter-Ending-December-31-2016.pdf,Oct-Dec,,reported
Glades,2016,4,30.0,88.0,1.0,80.0,37.5,34.6,28.0,57.3,8.0,48.3,49.8,36.4,20170302-Quarter-Ending-December-31-2016.pdf,Oct-Dec,,reported
Gulf,2016,4,33.5,40.0,2.0,33.5,100.0,62.8,28.0,57.3,8.0,48.3,49.8,36.4,20170302-Quarter-Ending-December-31-2016.pdf,Oct-Dec,,reported
Hamilton,2016,4,81.0,88.0,1.0,81.0,100.0,27.0,28.0,57.3,8.0,48.3,49.8,36.4,20170302-Quarter-Ending-December-31-2016.pdf,Oct-Dec,,reported
Hardee,2016,4,0.0,0.0,0.0,0.0,0.0,68.8,28.0,57.3,8.0,48.3,49.8,36.4,20170302-Quarter-Ending-December-31-2016.pdf,Oct-Dec,,reported
Hendry,2016,4,38.0,78.4,5.0,78.4,48.5,29.5,28.0,57.3,8.0,48.3,49.8,36.4,20170302-Quarter-Ending-December-31-2016.pdf,Oct-Dec,,reported
Hernando,2016,4,33.8,50.4,15.0,43.5,77.6,53.3,28.0,57.3,8.0,48.3,49.8,36.4,20170302-Quarter-Ending-December-31-2016.pdf,Oct-Dec,,reported
Highlands,2016,4,16.0,35.0,8.0,25.4,63.1,21.2,28.0,57.3,8.0,48.3,49.8,36.4,20170302-Quarter-Ending-December-31-2016.pdf,Oct-Dec,,reported
Hillsborough,2016,4,33.1,50.4,119.0,38.9,85.0,27.3,28.0,57.3,8.0,48.3,49.8,36.4,20170302-Quarter-Ending-December-31-2016.pdf,Oct-Dec,,reported
Holmes,2016,4,21.0,50.5,2.0,43.5,48.3,32.0,28.0,57.3,8.0,48.3,49.8,36.4,20170302-Quarter-Ending-December-31-2016.pdf,Oct-Dec,,reported
Indian River,2016,4,28.2,51.3,18.0,43.7,64.6,55.9,28.0,57.3,8.0,48.3,49.8,36.4,20170302-Quarter-Ending-December-31-2016.pdf,Oct-Dec,,reported
Jackson,2016,4,6.7,44.3,3.0,37.3,17.9,44.8,28.0,57.3,8.0,48.3,49.8,36.4,20170302-Quarter-Ending-December-31-2016.pdf,Oct-Dec,,reported
Jefferson,2016,4,0.0,0.0,0.0,0.0,0.0,41.3,28.0,57.3,8.0,48.3,49.8,36.4,20170302-Quarter-Ending-December-31-2016.pdf,Oct-Dec,,reported
Lafayette,2016,4,0.0,0.0,0.0,0.0,0.0,0.0,28.0,57.3,8.0,48.3,49.8,36.4,20170302-Quarter-Ending-December-31-2016.pdf,Oct-Dec,,reported_all_zero
Lake,2016,4,23.3,67.4,7.0,58.3,40.0,41.8,28.0,57.3,8.0,48.3,49.8,36.4,20170302-Quarter-Ending-December-31-2016.pdf,Oct-Dec,,reported
Lee,2016,4,30.7,70.9,69.0,64.8,47.4,53.5,28.0,57.3,8.0,48.3,49.8,36.4,20170302-Quarter-Ending-December-31-2016.pdf,Oct-Dec,,reported
Leon,2016,4,25.7,43.8,54.0,36.2,71.0,43.8,28.0,57.3,8.0,48.3,49.8,36.4,20170302-Quarter-Ending-December-31-2016.pdf,Oct-Dec,,reported
Levy,2016,4,43.7,57.3,3.0,43.7,100.0,23.8,28.0,57.3,8.0,48.3,49.8,36.4,20170302-Quarter-Ending-December-31-2016.pdf,Oct-Dec,,reported
Liberty,2016,4,17.0,33.0,2.0,29.5,57.6,30.3,28.0,57.3,8.0,48.3,49.8,36.4,20170302-Quarter-Ending-December-31-2016.pdf,Oct-Dec,,reported
Madison,2016,4,0.0,0.0,0.0,0.0,0.0,0.0,28.0,57.3,8.0,48.3,49.8,36.4,20170302-Quarter-Ending-December-31-2016.pdf,Oct-Dec,,reported_all_zero
Manatee,2016,4,37.6,79.7,26.0,70.2,53.5,37.6,28.0,57.3,8.0,48.3,49.8,36.4,20170302-Quarter-Ending-December-31-2016.pdf,Oct-Dec,,reported
Marion,2016,4,25.4,67.5,37.0,56.2,45.2,33.9,28.0,57.3,8.0,48.3,49.8,36.4,20170302-Quarter-Ending-December-31-2016.pdf,Oct-Dec,,reported
Martin,2016,4,36.2,78.6,11.0,63.6,56.9,42.8,28.0,57.3,8.0,48.3,49.8,36.4,20170302-Quarter-Ending-December-31-2016.pdf,Oct-Dec,,reported
Miami-Dade,2016,4,45.6,115.3,130.0,99.6,45.8,31.8,28.0,57.3,8.0,48.3,49.8,36.4,20170302-Quarter-Ending-December-31-2016.pdf,Oct-Dec,,reported
Monroe,2016,4,24.6,62.3,11.0,53.6,45.9,33.5,28.0,57.3,8.0,48.3,49.8,36.4,20170302-Quarter-Ending-December-31-2016.pdf,Oct-Dec,,reported
Nassau,2016,4,24.8,120.0,4.0,113.3,21.9,41.1,28.0,57.3,8.0,48.3,49.8,36.4,20170302-Quarter-Ending-December-31-2016.pdf,Oct-Dec,,reported
Okaloosa,2016,4,32.8,38.2,17.0,38.2,85.8,48.9,28.0,57.3,8.0,48.3,49.8,36.4,20170302-Quarter-Ending-December-31-2016.pdf,Oct-Dec,,reported
Okeechobee,2016,4,28.0,96.3,3.0,89.3,31.3,16.5,28.0,57.3,8.0,48.3,49.8,36.4,20170302-Quarter-Ending-December-31-2016.pdf,Oct-Dec,,reported
Orange,2016,4,32.5,65.9,130.0,54.6,59.5,61.1,28.0,57.3,8.0,48.3,49.8,36.4,20170302-Quarter-Ending-December-31-2016.pdf,Oct-Dec,,reported
Osceola,2016,4,28.1,66.4,35.0,61.7,45.5,68.9,28.0,57.3,8.0,48.3,49.8,36.4,20170302-Quarter-Ending-December-31-2016.pdf,Oct-Dec,,reported
Palm Beach,2016,4,39.3,98.3,121.0,74.4,52.8,31.0,28.0,57.3,8.0,48.3,49.8,36.4,20170302-Quarter-Ending-December-31-2016.pdf,Oct-Dec,,reported
Pasco,2016,4,33.0,61.7,29.0,56.0,58.9,29.9,28.0,57.3,8.0,48.3,49.8,36.4,20170302-Quarter-Ending-December-31-2016.pdf,Oct-Dec,,reported
Pinellas,2016,4,30.6,78.4,81.0,71.0,43.1,45.8,28.0,57.3,8.0,48.3,49.8,36.4,20170302-Quarter-Ending-December-31-2016.pdf,Oct-Dec,,reported
Polk,2016,4,26.8,38.6,106.0,28.6,93.7,32.0,28.0,57.3,8.0,48.3,49.8,36.4,20170302-Quarter-Ending-December-31-2016.pdf,Oct-Dec,,reported
Putnam,2016,4,31.6,109.2,5.0,91.4,34.6,32.6,28.0,57.3,8.0,48.3,49.8,36.4,20170302-Quarter-Ending-December-31-2016.pdf,Oct-Dec,,reported
Santa Rosa,2016,4,39.4,45.0,22.0,39.4,100.0,35.2,28.0,57.3,8.0,48.3,49.8,36.4,20170302-Quarter-Ending-December-31-2016.pdf,Oct-Dec,,reported
Sarasota,2016,4,41.1,79.9,40.0,62.3,65.9,39.2,28.0,57.3,8.0,48.3,49.8,36.4,20170302-Quarter-Ending-December-31-2016.pdf,Oct-Dec,,reported
Seminole,2016,4,28.8,56.4,35.0,46.5,62.0,50.6,28.0,57.3,8.0,48.3,49.8,36.4,20170302-Quarter-Ending-December-31-2016.pdf,Oct-Dec,,reported
St. Johns,2016,4,18.0,78.7,3.0,71.7,25.1,39.1,28.0,57.3,8.0,48.3,49.8,36.4,20170302-Quarter-Ending-December-31-2016.pdf,Oct-Dec,,reported
St. Lucie,2016,4,34.2,115.3,21.0,99.5,34.4,37.9,28.0,57.3,8.0,48.3,49.8,36.4,20170302-Quarter-Ending-December-31-2016.pdf,Oct-Dec,,reported
Sumter,2016,4,19.3,36.8,8.0,25.3,76.2,25.3,28.0,57.3,8.0,48.3,49.8,36.4,20170302-Quarter-Ending-December-31-2016.pdf,Oct-Dec,,reported
Suwannee,2016,4,7.3,40.3,3.0,33.3,22.0,54.4,28.0,57.3,8.0,48.3,49.8,36.4,20170302-Quarter-Ending-December-31-2016.pdf,Oct-Dec,,reported
Taylor,2016,4,46.0,46.0,1.0,46.0,100.0,26.3,28.0,57.3,8.0,48.3,49.8,36.4,20170302-Quarter-Ending-December-31-2016.pdf,Oct-Dec,,reported
Union,2016,4,0.0,0.0,0.0,0.0,0.0,0.0,28.0,57.3,8.0,48.3,49.8,36.4,20170302-Quarter-Ending-December-31-2016.pdf,Oct-Dec,,reported_all_zero
Volusia,2016,4,28.0,49.3,36.0,37.4,74.9,46.4,28.0,57.3,8.0,48.3,49.8,36.4,20170302-Quarter-Ending-December-31-2016.pdf,Oct-Dec,,reported
Wakulla,2016,4,25.7,30.3,3.0,25.7,100.0,41.0,28.0,57.3,8.0,48.3,49.8,36.4,20170302-Quarter-Ending-December-31-2016.pdf,Oct-Dec,,reported
Walton,2016,4,25.0,54.4,5.0,43.2,57.9,33.6,28.0,57.3,8.0,48.3,49.8,36.4,20170302-Quarter-Ending-December-31-2016.pdf,Oct-Dec,,reported
Washington,2016,4,6.5,43.5,2.0,40.0,16.3,50.0,28.0,57.3,8.0,48.3,49.8,36.4,20170302-Quarter-Ending-December-31-2016.pdf,Oct-Dec,,reported
Alachua,2017,1,30.1,49.0,28.0,39.5,76.2,23.0,28.1,63.6,12.0,53.3,48.0,37.5,20180216-Quarter-Ending-December-31-2017.pdf,Jan-Mar,,reported
Baker,2017,1,6.8,42.4,5.0,35.6,19.1,35.6,28.1,63.6,12.0,53.3,48.0,37.5,20180216-Quarter-Ending-December-31-2017.pdf,Jan-Mar,,reported
Bay,2017,1,28.3,54.3,20.0,48.1,58.9,42.8,28.1,63.6,12.0,53.3,48.0,37.5,20180216-Quarter-Ending-December-31-2017.pdf,Jan-Mar,,reported
Bradford,2017,1,7.1,43.3,7.0,36.0,19.8,42.1,28.1,63.6,12.0,53.3,48.0,37.5,20180216-Quarter-Ending-December-31-2017.pdf,Jan-Mar,,reported
Brevard,2017,1,62.4,135.1,43.0,108.6,57.5,40.5,28.1,63.6,12.0,53.3,48.0,37.5,20180216-Quarter-Ending-December-31-2017.pdf,Jan-Mar,,reported
Broward,2017,1,38.7,97.4,166.0,69.8,55.5,38.3,28.1,63.6,12.0,53.3,48.0,37.5,20180216-Quarter-Ending-December-31-2017.pdf,Jan-Mar,,reported
Calhoun,2017,1,0.0,0.0,0.0,0.0,0.0,0.0,28.1,63.6,12.0,53.3,48.0,37.5,20180216-Quarter-Ending-December-31-2017.pdf,Jan-Mar,,reported_all_zero
Charlotte,2017,1,34.9,85.1,16.0,44.9,77.6,68.0,28.1,63.6,12.0,53.3,48.0,37.5,20180216-Quarter-Ending-December-31-2017.pdf,Jan-Mar,,reported
Citrus,2017,1,19.7,102.0,6.0,92.3,21.3,35.3,28.1,63.6,12.0,53.3,48.0,37.5,20180216-Quarter-Ending-December-31-2017.pdf,Jan-Mar,,reported
Clay,2017,1,17.0,99.0,1.0,92.0,18.5,49.3,28.1,63.6,12.0,53.3,48.0,37.5,20180216-Quarter-Ending-December-31-2017.pdf,Jan-Mar,,reported
Collier,2017,1,19.8,98.0,15.0,89.5,22.1,51.8,28.1,63.6,12.0,53.3,48.0,37.5,20180216-Quarter-Ending-December-31-2017.pdf,Jan-Mar,,reported
Columbia,2017,1,29.7,32.7,12.0,32.7,90.8,30.5,28.1,63.6,12.0,53.3,48.0,37.5,20180216-Quarter-Ending-December-31-2017.pdf,Jan-Mar,,reported
DeSoto,2017,1,27.5,80.3,4.0,80.3,34.3,14.6,28.1,63.6,12.0,53.3,48.0,37.5,20180216-Quarter-Ending-December-31-2017.pdf,Jan-Mar,,reported
Dixie,2017,1,40.0,105.5,2.0,105.5,37.9,23.7,28.1,63.6,12.0,53.3,48.0,37.5,20180216-Quarter-Ending-December-31-2017.pdf,Jan-Mar,,reported
Duval,2017,1,34.7,66.3,63.0,56.4,61.6,23.8,28.1,63.6,12.0,53.3,48.0,37.5,20180216-Quarter-Ending-December-31-2017.pdf,Jan-Mar,,reported
Escambia,2017,1,28.3,49.8,58.0,40.9,69.2,30.5,28.1,63.6,12.0,53.3,48.0,37.5,20180216-Quarter-Ending-December-31-2017.pdf,Jan-Mar,,reported
Flagler,2017,1,22.7,51.6,14.0,41.7,54.5,36.0,28.1,63.6,12.0,53.3,48.0,37.5,20180216-Quarter-Ending-December-31-2017.pdf,Jan-Mar,,reported
Franklin,2017,1,23.5,58.8,4.0,54.0,43.5,27.5,28.1,63.6,12.0,53.3,48.0,37.5,20180216-Quarter-Ending-December-31-2017.pdf,Jan-Mar,,reported
Gadsden,2017,1,24.7,52.8,13.0,47.5,51.9,32.2,28.1,63.6,12.0,53.3,48.0,37.5,20180216-Quarter-Ending-December-31-2017.pdf,Jan-Mar,,reported
Gilchrist,2017,1,0.0,0.0,0.0,0.0,0.0,0.0,28.1,63.6,12.0,53.3,48.0,37.5,20180216-Quarter-Ending-December-31-2017.pdf,Jan-Mar,,reported_all_zero
Glades,2017,1,7.5,28.0,2.0,28.0,26.8,41.3,28.1,63.6,12.0,53.3,48.0,37.5,20180216-Quarter-Ending-December-31-2017.pdf,Jan-Mar,,reported
Gulf,2017,1,48.0,142.0,1.0,135.0,35.6,51.2,28.1,63.6,12.0,53.3,48.0,37.5,20180216-Quarter-Ending-December-31-2017.pdf,Jan-Mar,,reported
Hamilton,2017,1,34.5,77.3,4.0,64.3,53.7,23.4,28.1,63.6,12.0,53.3,48.0,37.5,20180216-Quarter-Ending-December-31-2017.pdf,Jan-Mar,,reported
Hardee,2017,1,14.0,53.0,2.0,46.5,30.1,48.8,28.1,63.6,12.0,53.3,48.0,37.5,20180216-Quarter-Ending-December-31-2017.pdf,Jan-Mar,,reported
Hendry,2017,1,40.7,83.3,6.0,83.3,48.8,43.9,28.1,63.6,12.0,53.3,48.0,37.5,20180216-Quarter-Ending-December-31-2017.pdf,Jan-Mar,,reported
Hernando,2017,1,34.6,71.8,14.0,60.3,57.5,60.7,28.1,63.6,12.0,53.3,48.0,37.5,20180216-Quarter-Ending-December-31-2017.pdf,Jan-Mar,,reported
Highlands,2017,1,32.8,60.2,13.0,35.8,91.6,23.8,28.1,63.6,12.0,53.3,48.0,37.5,20180216-Quarter-Ending-December-31-2017.pdf,Jan-Mar,,reported
Hillsborough,2017,1,34.0,63.6,129.0,50.4,67.5,29.1,28.1,63.6,12.0,53.3,48.0,37.5,20180216-Quarter-Ending-December-31-2017.pdf,Jan-Mar,,reported
Holmes,2017,1,22.0,74.0,1.0,67.0,32.8,39.8,28.1,63.6,12.0,53.3,48.0,37.5,20180216-Quarter-Ending-December-31-2017.pdf,Jan-Mar,,reported
Indian River,2017,1,28.1,55.3,14.0,43.5,64.7,58.2,28.1,63.6,12.0,53.3,48.0,37.5,20180216-Quarter-Ending-December-31-2017.pdf,Jan-Mar,,reported
Jackson,2017,1,7.0,47.0,1.0,40.0,17.5,40.0,28.1,63.6,12.0,53.3,48.0,37.5,20180216-Quarter-Ending-December-31-2017.pdf,Jan-Mar,,reported
Jefferson,2017,1,7.0,45.0,1.0,45.0,15.6,36.0,28.1,63.6,12.0,53.3,48.0,37.5,20180216-Quarter-Ending-December-31-2017.pdf,Jan-Mar,,reported
Lafayette,2017,1,0.0,0.0,0.0,0.0,0.0,0.0,28.1,63.6,12.0,53.3,48.0,37.5,20180216-Quarter-Ending-December-31-2017.pdf,Jan-Mar,,reported_all_zero
Lake,2017,1,26.9,56.1,19.0,42.3,63.6,42.4,28.1,63.6,12.0,53.3,48.0,37.5,20180216-Quarter-Ending-December-31-2017.pdf,Jan-Mar,,reported
Lee,2017,1,26.6,76.3,53.0,70.0,38.0,57.5,28.1,63.6,12.0,53.3,48.0,37.5,20180216-Quarter-Ending-December-31-2017.pdf,Jan-Mar,,reported
Leon,2017,1,28.1,56.0,68.0,44.9,62.4,48.0,28.1,63.6,12.0,53.3,48.0,37.5,20180216-Quarter-Ending-December-31-2017.pdf,Jan-Mar,,reported
Levy,2017,1,30.5,87.5,2.0,84.0,36.3,26.9,28.1,63.6,12.0,53.3,48.0,37.5,20180216-Quarter-Ending-December-31-2017.pdf,Jan-Mar,,reported
Liberty,2017,1,20.3,47.0,3.0,42.3,48.0,41.0,28.1,63.6,12.0,53.3,48.0,37.5,20180216-Quarter-Ending-December-31-2017.pdf,Jan-Mar,,reported
Madison,2017,1,0.0,0.0,0.0,0.0,0.0,0.0,28.1,63.6,12.0,53.3,48.0,37.5,20180216-Quarter-Ending-December-31-2017.pdf,Jan-Mar,,reported_all_zero
Manatee,2017,1,42.8,75.1,35.0,56.1,76.2,34.7,28.1,63.6,12.0,53.3,48.0,37.5,20180216-Quarter-Ending-December-31-2017.pdf,Jan-Mar,,reported
Marion,2017,1,25.5,69.3,37.0,55.5,46.0,34.9,28.1,63.6,12.0,53.3,48.0,37.5,20180216-Quarter-Ending-December-31-2017.pdf,Jan-Mar,,reported
Martin,2017,1,30.6,108.0,8.0,92.8,33.0,39.3,28.1,63.6,12.0,53.3,48.0,37.5,20180216-Quarter-Ending-December-31-2017.pdf,Jan-Mar,,reported
Miami-Dade,2017,1,42.9,88.0,207.0,71.9,59.7,31.4,28.1,63.6,12.0,53.3,48.0,37.5,20180216-Quarter-Ending-December-31-2017.pdf,Jan-Mar,,reported
Monroe,2017,1,28.9,87.9,16.0,68.6,42.2,23.9,28.1,63.6,12.0,53.3,48.0,37.5,20180216-Quarter-Ending-December-31-2017.pdf,Jan-Mar,,reported
Nassau,2017,1,7.0,46.9,8.0,46.9,14.9,37.5,28.1,63.6,12.0,53.3,48.0,37.5,20180216-Quarter-Ending-December-31-2017.pdf,Jan-Mar,,reported
Okaloosa,2017,1,29.6,48.2,14.0,44.1,67.2,53.9,28.1,63.6,12.0,53.3,48.0,37.5,20180216-Quarter-Ending-December-31-2017.pdf,Jan-Mar,,reported
Okeechobee,2017,1,65.0,72.0,2.0,65.0,100.0,20.0,28.1,63.6,12.0,53.3,48.0,37.5,20180216-Quarter-Ending-December-31-2017.pdf,Jan-Mar,,reported
Orange,2017,1,29.8,75.6,122.0,67.3,44.2,67.9,28.1,63.6,12.0,53.3,48.0,37.5,20180216-Quarter-Ending-December-31-2017.pdf,Jan-Mar,,reported
Osceola,2017,1,27.0,92.7,32.0,86.9,31.0,66.9,28.1,63.6,12.0,53.3,48.0,37.5,20180216-Quarter-Ending-December-31-2017.pdf,Jan-Mar,,reported
Palm Beach,2017,1,41.2,97.0,156.0,76.7,53.8,29.4,28.1,63.6,12.0,53.3,48.0,37.5,20180216-Quarter-Ending-December-31-2017.pdf,Jan-Mar,,reported
Pasco,2017,1,30.3,54.9,42.0,46.7,65.0,36.4,28.1,63.6,12.0,53.3,48.0,37.5,20180216-Quarter-Ending-December-31-2017.pdf,Jan-Mar,,reported
Pinellas,2017,1,33.5,81.9,103.0,67.3,49.8,45.4,28.1,63.6,12.0,53.3,48.0,37.5,20180216-Quarter-Ending-December-31-2017.pdf,Jan-Mar,,reported
Polk,2017,1,26.1,30.4,148.0,22.6,115.8,32.6,28.1,63.6,12.0,53.3,48.0,37.5,20180216-Quarter-Ending-December-31-2017.pdf,Jan-Mar,percent_to_voir_dire_gt_100_reported; ,reported
Putnam,2017,1,33.5,84.6,8.0,72.6,46.1,27.7,28.1,63.6,12.0,53.3,48.0,37.5,20180216-Quarter-Ending-December-31-2017.pdf,Jan-Mar,,reported
Santa Rosa,2017,1,53.3,58.6,19.0,53.3,100.0,39.4,28.1,63.6,12.0,53.3,48.0,37.5,20180216-Quarter-Ending-December-31-2017.pdf,Jan-Mar,,reported
Sarasota,2017,1,38.9,94.4,36.0,80.2,48.5,41.7,28.1,63.6,12.0,53.3,48.0,37.5,20180216-Quarter-Ending-December-31-2017.pdf,Jan-Mar,,reported
Seminole,2017,1,35.7,69.9,38.0,59.3,60.1,52.8,28.1,63.6,12.0,53.3,48.0,37.5,20180216-Quarter-Ending-December-31-2017.pdf,Jan-Mar,,reported
St. Johns,2017,1,22.1,44.2,11.0,29.7,74.3,30.4,28.1,63.6,12.0,53.3,48.0,37.5,20180216-Quarter-Ending-December-31-2017.pdf,Jan-Mar,,reported
St. Lucie,2017,1,37.4,92.5,33.0,80.0,46.7,39.4,28.1,63.6,12.0,53.3,48.0,37.5,20180216-Quarter-Ending-December-31-2017.pdf,Jan-Mar,,reported
Sumter,2017,1,14.1,34.0,7.0,28.0,50.5,24.5,28.1,63.6,12.0,53.3,48.0,37.5,20180216-Quarter-Ending-December-31-2017.pdf,Jan-Mar,,reported
Suwannee,2017,1,7.0,32.3,6.0,26.3,26.6,45.0,28.1,63.6,12.0,53.3,48.0,37.5,20180216-Quarter-Ending-December-31-2017.pdf,Jan-Mar,,reported
Taylor,2017,1,23.3,35.0,4.0,33.3,69.9,29.6,28.1,63.6,12.0,53.3,48.0,37.5,20180216-Quarter-Ending-December-31-2017.pdf,Jan-Mar,,reported
Union,2017,1,21.0,81.0,1.0,74.0,28.4,49.3,28.1,63.6,12.0,53.3,48.0,37.5,20180216-Quarter-Ending-December-31-2017.pdf,Jan-Mar,,reported
Volusia,2017,1,26.3,65.0,29.0,57.2,45.9,55.5,28.1,63.6,12.0,53.3,48.0,37.5,20180216-Quarter-Ending-December-31-2017.pdf,Jan-Mar,,reported
Wakulla,2017,1,40.2,56.0,5.0,42.2,95.3,55.0,28.1,63.6,12.0,53.3,48.0,37.5,20180216-Quarter-Ending-December-31-2017.pdf,Jan-Mar,,reported
Walton,2017,1,11.0,71.0,2.0,55.5,19.8,37.5,28.1,63.6,12.0,53.3,48.0,37.5,20180216-Quarter-Ending-December-31-2017.pdf,Jan-Mar,,reported
Washington,2017,1,6.8,29.8,4.0,22.8,29.7,30.3,28.1,63.6,12.0,53.3,48.0,37.5,20180216-Quarter-Ending-December-31-2017.pdf,Jan-Mar,,reported
Alachua,2017,2,33.1,53.5,29.0,43.7,75.9,24.0,27.4,65.1,8.0,54.6,49.5,35.4,20180216-Quarter-Ending-December-31-2017.pdf,Apr-Jun,,reported
Baker,2017,2,7.0,100.0,1.0,93.0,7.5,52.0,27.4,65.1,8.0,54.6,49.5,35.4,20180216-Quarter-Ending-December-31-2017.pdf,Apr-Jun,,reported
Bay,2017,2,27.7,71.9,15.0,61.5,45.0,45.3,27.4,65.1,8.0,54.6,49.5,35.4,20180216-Quarter-Ending-December-31-2017.pdf,Apr-Jun,,reported
Bradford,2017,2,7.0,56.6,5.0,48.2,14.5,47.6,27.4,65.1,8.0,54.6,49.5,35.4,20180216-Quarter-Ending-December-31-2017.pdf,Apr-Jun,,reported
Brevard,2017,2,58.3,109.7,47.0,87.8,66.4,43.3,27.4,65.1,8.0,54.6,49.5,35.4,20180216-Quarter-Ending-December-31-2017.pdf,Apr-Jun,,reported
Broward,2017,2,34.9,76.8,169.0,59.8,58.4,39.4,27.4,65.1,8.0,54.6,49.5,35.4,20180216-Quarter-Ending-December-31-2017.pdf,Apr-Jun,,reported
Calhoun,2017,2,0.0,0.0,0.0,0.0,0.0,40.0,27.4,65.1,8.0,54.6,49.5,35.4,20180216-Quarter-Ending-December-31-2017.pdf,Apr-Jun,,reported
Charlotte,2017,2,30.2,56.0,5.0,54.6,55.3,55.0,27.4,65.1,8.0,54.6,49.5,35.4,20180216-Quarter-Ending-December-31-2017.pdf,Apr-Jun,,reported
Citrus,2017,2,24.2,38.4,11.0,31.5,76.7,28.9,27.4,65.1,8.0,54.6,49.5,35.4,20180216-Quarter-Ending-December-31-2017.pdf,Apr-Jun,,reported
Clay,2017,2,22.0,92.0,7.0,82.6,26.6,50.5,27.4,65.1,8.0,54.6,49.5,35.4,20180216-Quarter-Ending-December-31-2017.pdf,Apr-Jun,,reported
Collier,2017,2,23.7,57.4,24.0,51.7,45.9,55.8,27.4,65.1,8.0,54.6,49.5,35.4,20180216-Quarter-Ending-December-31-2017.pdf,Apr-Jun,,reported
Columbia,2017,2,0.0,0.0,0.0,0.0,0.0,0.0,27.4,65.1,8.0,54.6,49.5,35.4,20180216-Quarter-Ending-December-31-2017.pdf,Apr-Jun,,reported_all_zero
DeSoto,2017,2,24.0,146.0,1.0,146.0,16.4,10.6,27.4,65.1,8.0,54.6,49.5,35.4,20180216-Quarter-Ending-December-31-2017.pdf,Apr-Jun,,reported
Dixie,2017,2,42.0,208.0,1.0,208.0,20.2,22.3,27.4,65.1,8.0,54.6,49.5,35.4,20180216-Quarter-Ending-December-31-2017.pdf,Apr-Jun,,reported
Duval,2017,2,44.6,84.3,57.0,64.3,69.3,22.8,27.4,65.1,8.0,54.6,49.5,35.4,20180216-Quarter-Ending-December-31-2017.pdf,Apr-Jun,,reported
Escambia,2017,2,29.6,49.3,59.0,40.8,72.4,28.5,27.4,65.1,8.0,54.6,49.5,35.4,20180216-Quarter-Ending-December-31-2017.pdf,Apr-Jun,,reported
Flagler,2017,2,25.1,52.5,13.0,44.2,56.8,34.4,27.4,65.1,8.0,54.6,49.5,35.4,20180216-Quarter-Ending-December-31-2017.pdf,Apr-Jun,,reported
Franklin,2017,2,16.0,33.0,3.0,28.3,56.5,26.2,27.4,65.1,8.0,54.6,49.5,35.4,20180216-Quarter-Ending-December-31-2017.pdf,Apr-Jun,,reported
Gadsden,2017,2,20.7,65.1,10.0,57.5,36.0,48.8,27.4,65.1,8.0,54.6,49.5,35.4,20180216-Quarter-Ending-December-31-2017.pdf,Apr-Jun,,reported
Gilchrist,2017,2,0.0,0.0,0.0,0.0,0.0,18.1,27.4,65.1,8.0,54.6,49.5,35.4,20180216-Quarter-Ending-December-31-2017.pdf,Apr-Jun,,reported
Glades,2017,2,15.0,28.5,2.0,28.5,52.6,33.4,27.4,65.1,8.0,54.6,49.5,35.4,20180216-Quarter-Ending-December-31-2017.pdf,Apr-Jun,,reported
Gulf,2017,2,7.0,95.0,1.0,88.0,8.0,50.3,27.4,65.1,8.0,54.6,49.5,35.4,20180216-Quarter-Ending-December-31-2017.pdf,Apr-Jun,,reported
Hamilton,2017,2,40.3,59.0,3.0,40.3,100.0,24.2,27.4,65.1,8.0,54.6,49.5,35.4,20180216-Quarter-Ending-December-31-2017.pdf,Apr-Jun,,reported
Hardee,2017,2,18.0,82.5,2.0,72.0,25.0,61.3,27.4,65.1,8.0,54.6,49.5,35.4,20180216-Quarter-Ending-December-31-2017.pdf,Apr-Jun,,reported
Hendry,2017,2,42.6,51.4,12.0,51.4,82.8,34.7,27.4,65.1,8.0,54.6,49.5,35.4,20180216-Quarter-Ending-December-31-2017.pdf,Apr-Jun,,reported
Hernando,2017,2,35.6,76.4,8.0,70.6,50.4,54.6,27.4,65.1,8.0,54.6,49.5,35.4,20180216-Quarter-Ending-December-31-2017.pdf,Apr-Jun,,reported
Highlands,2017,2,21.0,39.6,9.0,25.6,82.2,21.0,27.4,65.1,8.0,54.6,49.5,35.4,20180216-Quarter-Ending-December-31-2017.pdf,Apr-Jun,,reported
Hillsborough,2017,2,35.6,85.4,95.0,67.1,53.1,30.3,27.4,65.1,8.0,54.6,49.5,35.4,20180216-Quarter-Ending-December-31-2017.pdf,Apr-Jun,,reported
Holmes,2017,2,42.0,65.5,4.0,35.3,119.1,26.9,27.4,65.1,8.0,54.6,49.5,35.4,20180216-Quarter-Ending-December-31-2017.pdf,Apr-Jun,percent_to_voir_dire_gt_100_reported; ,reported
Indian River,2017,2,39.7,92.3,10.0,74.4,53.4,55.3,27.4,65.1,8.0,54.6,49.5,35.4,20180216-Quarter-Ending-December-31-2017.pdf,Apr-Jun,,reported
Jackson,2017,2,9.2,31.2,5.0,27.0,34.1,30.0,27.4,65.1,8.0,54.6,49.5,35.4,20180216-Quarter-Ending-December-31-2017.pdf,Apr-Jun,,reported
Jefferson,2017,2,7.0,62.0,1.0,55.0,12.7,44.0,27.4,65.1,8.0,54.6,49.5,35.4,20180216-Quarter-Ending-December-31-2017.pdf,Apr-Jun,,reported
Lafayette,2017,2,0.0,0.0,0.0,0.0,0.0,0.0,27.4,65.1,8.0,54.6,49.5,35.4,20180216-Quarter-Ending-December-31-2017.pdf,Apr-Jun,,reported_all_zero
Lake,2017,2,22.5,44.6,16.0,36.9,60.9,40.6,27.4,65.1,8.0,54.6,49.5,35.4,20180216-Quarter-Ending-December-31-2017.pdf,Apr-Jun,,reported
Lee,2017,2,28.1,71.0,57.0,66.6,42.2,54.8,27.4,65.1,8.0,54.6,49.5,35.4,20180216-Quarter-Ending-December-31-2017.pdf,Apr-Jun,,reported
Leon,2017,2,29.2,52.1,47.0,43.0,68.0,47.0,27.4,65.1,8.0,54.6,49.5,35.4,20180216-Quarter-Ending-December-31-2017.pdf,Apr-Jun,,reported
Levy,2017,2,18.0,36.0,2.0,33.0,54.5,22.0,27.4,65.1,8.0,54.6,49.5,35.4,20180216-Quarter-Ending-December-31-2017.pdf,Apr-Jun,,reported
Liberty,2017,2,35.0,54.0,1.0,54.0,64.8,36.0,27.4,65.1,8.0,54.6,49.5,35.4,20180216-Quarter-Ending-December-31-2017.pdf,Apr-Jun,,reported
Madison,2017,2,7.0,71.0,1.0,71.0,9.9,33.8,27.4,65.1,8.0,54.6,49.5,35.4,20180216-Quarter-Ending-December-31-2017.pdf,Apr-Jun,,reported
Manatee,2017,2,45.5,121.7,22.0,87.9,51.8,35.3,27.4,65.1,8.0,54.6,49.5,35.4,20180216-Quarter-Ending-December-31-2017.pdf,Apr-Jun,,reported
Marion,2017,2,26.8,63.4,46.0,51.6,51.8,33.5,27.4,65.1,8.0,54.6,49.5,35.4,20180216-Quarter-Ending-December-31-2017.pdf,Apr-Jun,,reported
Martin,2017,2,32.0,114.1,7.0,100.0,32.0,40.8,27.4,65.1,8.0,54.6,49.5,35.4,20180216-Quarter-Ending-December-31-2017.pdf,Apr-Jun,,reported
Miami-Dade,2017,2,44.0,98.9,194.0,83.1,52.9,33.5,27.4,65.1,8.0,54.6,49.5,35.4,20180216-Quarter-Ending-December-31-2017.pdf,Apr-Jun,,reported
Monroe,2017,2,27.4,111.3,9.0,95.0,28.9,18.3,27.4,65.1,8.0,54.6,49.5,35.4,20180216-Quarter-Ending-December-31-2017.pdf,Apr-Jun,,reported
Nassau,2017,2,28.0,169.0,2.0,159.5,17.6,35.4,27.4,65.1,8.0,54.6,49.5,35.4,20180216-Quarter-Ending-December-31-2017.pdf,Apr-Jun,,reported
Okaloosa,2017,2,50.4,132.4,8.0,90.3,55.8,52.0,27.4,65.1,8.0,54.6,49.5,35.4,20180216-Quarter-Ending-December-31-2017.pdf,Apr-Jun,,reported
Okeechobee,2017,2,30.9,71.5,8.0,64.5,47.9,22.3,27.4,65.1,8.0,54.6,49.5,35.4,20180216-Quarter-Ending-December-31-2017.pdf,Apr-Jun,,reported
Orange,2017,2,35.4,75.6,130.0,62.2,57.0,59.2,27.4,65.1,8.0,54.6,49.5,35.4,20180216-Quarter-Ending-December-31-2017.pdf,Apr-Jun,,reported
Osceola,2017,2,35.4,86.4,27.0,82.0,43.1,67.3,27.4,65.1,8.0,54.6,49.5,35.4,20180216-Quarter-Ending-December-31-2017.pdf,Apr-Jun,,reported
Palm Beach,2017,2,37.9,95.9,149.0,75.8,50.0,30.0,27.4,65.1,8.0,54.6,49.5,35.4,20180216-Quarter-Ending-December-31-2017.pdf,Apr-Jun,,reported
Pasco,2017,2,22.0,64.6,34.0,54.3,40.6,29.0,27.4,65.1,8.0,54.6,49.5,35.4,20180216-Quarter-Ending-December-31-2017.pdf,Apr-Jun,,reported
Pinellas,2017,2,34.8,76.8,92.0,70.7,49.3,44.8,27.4,65.1,8.0,54.6,49.5,35.4,20180216-Quarter-Ending-December-31-2017.pdf,Apr-Jun,,reported
Polk,2017,2,27.1,44.4,114.0,33.9,79.8,41.6,27.4,65.1,8.0,54.6,49.5,35.4,20180216-Quarter-Ending-December-31-2017.pdf,Apr-Jun,,reported
Putnam,2017,2,30.0,148.7,3.0,138.7,21.6,29.7,27.4,65.1,8.0,54.6,49.5,35.4,20180216-Quarter-Ending-December-31-2017.pdf,Apr-Jun,,reported
Santa Rosa,2017,2,30.7,39.0,30.0,34.5,89.2,41.2,27.4,65.1,8.0,54.6,49.5,35.4,20180216-Quarter-Ending-December-31-2017.pdf,Apr-Jun,,reported
Sarasota,2017,2,40.2,103.4,32.0,81.3,49.5,39.9,27.4,65.1,8.0,54.6,49.5,35.4,20180216-Quarter-Ending-December-31-2017.pdf,Apr-Jun,,reported
Seminole,2017,2,26.3,58.0,44.0,49.1,53.6,52.0,27.4,65.1,8.0,54.6,49.5,35.4,20180216-Quarter-Ending-December-31-2017.pdf,Apr-Jun,,reported
St. Johns,2017,2,22.7,67.8,9.0,46.3,48.9,37.9,27.4,65.1,8.0,54.6,49.5,35.4,20180216-Quarter-Ending-December-31-2017.pdf,Apr-Jun,,reported
St. Lucie,2017,2,43.2,146.4,19.0,125.8,34.3,34.4,27.4,65.1,8.0,54.6,49.5,35.4,20180216-Quarter-Ending-December-31-2017.pdf,Apr-Jun,,reported
Sumter,2017,2,16.3,54.3,4.0,48.5,33.5,22.8,27.4,65.1,8.0,54.6,49.5,35.4,20180216-Quarter-Ending-December-31-2017.pdf,Apr-Jun,,reported
Suwannee,2017,2,0.0,0.0,0.0,0.0,0.0,0.0,27.4,65.1,8.0,54.6,49.5,35.4,20180216-Quarter-Ending-December-31-2017.pdf,Apr-Jun,,reported_all_zero
Taylor,2017,2,58.3,103.0,3.0,79.7,73.2,26.6,27.4,65.1,8.0,54.6,49.5,35.4,20180216-Quarter-Ending-December-31-2017.pdf,Apr-Jun,,reported
Union,2017,2,0.0,0.0,0.0,0.0,0.0,40.0,27.4,65.1,8.0,54.6,49.5,35.4,20180216-Quarter-Ending-December-31-2017.pdf,Apr-Jun,,reported
Volusia,2017,2,25.2,58.3,39.0,49.3,51.2,44.1,27.4,65.1,8.0,54.6,49.5,35.4,20180216-Quarter-Ending-December-31-2017.pdf,Apr-Jun,,reported
Wakulla,2017,2,51.5,110.0,2.0,78.5,65.6,56.8,27.4,65.1,8.0,54.6,49.5,35.4,20180216-Quarter-Ending-December-31-2017.pdf,Apr-Jun,,reported
Walton,2017,2,14.0,52.8,4.0,47.5,29.5,30.5,27.4,65.1,8.0,54.6,49.5,35.4,20180216-Quarter-Ending-December-31-2017.pdf,Apr-Jun,,reported
Washington,2017,2,7.0,27.0,2.0,27.0,25.9,36.0,27.4,65.1,8.0,54.6,49.5,35.4,20180216-Quarter-Ending-December-31-2017.pdf,Apr-Jun,,reported
Alachua,2017,3,34.7,56.4,20.0,43.7,79.3,19.7,28.1,63.3,7.0,53.9,47.4,41.5,20180216-Quarter-Ending-December-31-2017.pdf,Jul-Sep,,reported
Baker,2017,3,7.0,165.0,1.0,158.0,4.4,42.7,28.1,63.3,7.0,53.9,47.4,41.5,20180216-Quarter-Ending-December-31-2017.pdf,Jul-Sep,,reported
Bay,2017,3,28.1,36.7,29.0,28.9,97.1,39.5,28.1,63.3,7.0,53.9,47.4,41.5,20180216-Quarter-Ending-December-31-2017.pdf,Jul-Sep,,reported
Bradford,2017,3,23.4,154.4,5.0,101.0,23.2,43.6,28.1,63.3,7.0,53.9,47.4,41.5,20180216-Quarter-Ending-December-31-2017.pdf,Jul-Sep,,reported
Brevard,2017,3,62.3,131.3,40.0,98.5,63.3,38.6,28.1,63.3,7.0,53.9,47.4,41.5,20180216-Quarter-Ending-December-31-2017.pdf,Jul-Sep,,reported
Broward,2017,3,37.7,91.6,116.0,69.2,54.5,42.0,28.1,63.3,7.0,53.9,47.4,41.5,20180216-Quarter-Ending-December-31-2017.pdf,Jul-Sep,,reported
Calhoun,2017,3,7.0,59.0,1.0,52.0,13.5,34.7,28.1,63.3,7.0,53.9,47.4,41.5,20180216-Quarter-Ending-December-31-2017.pdf,Jul-Sep,,reported
Charlotte,2017,3,28.4,89.8,8.0,89.8,31.6,55.4,28.1,63.3,7.0,53.9,47.4,41.5,20180216-Quarter-Ending-December-31-2017.pdf,Jul-Sep,,reported
Citrus,2017,3,23.6,79.3,7.0,64.7,36.4,50.4,28.1,63.3,7.0,53.9,47.4,41.5,20180216-Quarter-Ending-December-31-2017.pdf,Jul-Sep,,reported
Clay,2017,3,28.0,131.5,2.0,117.5,23.8,50.4,28.1,63.3,7.0,53.9,47.4,41.5,20180216-Quarter-Ending-December-31-2017.pdf,Jul-Sep,,reported
Collier,2017,3,26.4,60.3,16.0,57.5,45.9,45.8,28.1,63.3,7.0,53.9,47.4,41.5,20180216-Quarter-Ending-December-31-2017.pdf,Jul-Sep,,reported
Columbia,2017,3,61.3,103.7,3.0,103.7,59.2,24.9,28.1,63.3,7.0,53.9,47.4,41.5,20180216-Quarter-Ending-December-31-2017.pdf,Jul-Sep,,reported
DeSoto,2017,3,12.5,78.5,2.0,78.5,15.9,9.4,28.1,63.3,7.0,53.9,47.4,41.5,20180216-Quarter-Ending-December-31-2017.pdf,Jul-Sep,,reported
Dixie,2017,3,0.0,0.0,0.0,0.0,0.0,0.0,28.1,63.3,7.0,53.9,47.4,41.5,20180216-Quarter-Ending-December-31-2017.pdf,Jul-Sep,,reported_all_zero
Duval,2017,3,39.7,82.7,50.0,68.3,58.1,21.3,28.1,63.3,7.0,53.9,47.4,41.5,20180216-Quarter-Ending-December-31-2017.pdf,Jul-Sep,,reported
Escambia,2017,3,31.9,48.0,69.0,39.3,81.0,27.7,28.1,63.3,7.0,53.9,47.4,41.5,20180216-Quarter-Ending-December-31-2017.pdf,Jul-Sep,,reported
Flagler,2017,3,30.8,59.8,9.0,51.1,60.2,50.6,28.1,63.3,7.0,53.9,47.4,41.5,20180216-Quarter-Ending-December-31-2017.pdf,Jul-Sep,,reported
Franklin,2017,3,0.0,0.0,0.0,0.0,0.0,66.3,28.1,63.3,7.0,53.9,47.4,41.5,20180216-Quarter-Ending-December-31-2017.pdf,Jul-Sep,,reported
Gadsden,2017,3,22.5,64.8,6.0,53.3,42.2,36.2,28.1,63.3,7.0,53.9,47.4,41.5,20180216-Quarter-Ending-December-31-2017.pdf,Jul-Sep,,reported
Gilchrist,2017,3,0.0,0.0,0.0,0.0,0.0,0.0,28.1,63.3,7.0,53.9,47.4,41.5,20180216-Quarter-Ending-December-31-2017.pdf,Jul-Sep,,reported_all_zero
Glades,2017,3,12.5,30.0,2.0,30.0,41.7,11.7,28.1,63.3,7.0,53.9,47.4,41.5,20180216-Quarter-Ending-December-31-2017.pdf,Jul-Sep,,reported
Gulf,2017,3,0.0,0.0,0.0,0.0,0.0,49.5,28.1,63.3,7.0,53.9,47.4,41.5,20180216-Quarter-Ending-December-31-2017.pdf,Jul-Sep,,reported
Hamilton,2017,3,13.0,108.0,1.0,82.0,15.9,78.6,28.1,63.3,7.0,53.9,47.4,41.5,20180216-Quarter-Ending-December-31-2017.pdf,Jul-Sep,,reported
Hardee,2017,3,25.0,209.5,2.0,186.5,13.4,66.1,28.1,63.3,7.0,53.9,47.4,41.5,20180216-Quarter-Ending-December-31-2017.pdf,Jul-Sep,,reported
Hendry,2017,3,43.8,87.0,5.0,87.0,50.3,26.1,28.1,63.3,7.0,53.9,47.4,41.5,20180216-Quarter-Ending-December-31-2017.pdf,Jul-Sep,,reported
Hernando,2017,3,27.4,42.6,14.0,40.6,67.4,58.1,28.1,63.3,7.0,53.9,47.4,41.5,20180216-Quarter-Ending-December-31-2017.pdf,Jul-Sep,,reported
Highlands,2017,3,22.7,36.6,7.0,24.6,92.4,21.7,28.1,63.3,7.0,53.9,47.4,41.5,20180216-Quarter-Ending-December-31-2017.pdf,Jul-Sep,,reported
Hillsborough,2017,3,35.5,93.8,76.0,74.9,47.4,29.6,28.1,63.3,7.0,53.9,47.4,41.5,20180216-Quarter-Ending-December-31-2017.pdf,Jul-Sep,,reported
Holmes,2017,3,0.0,0.0,0.0,0.0,0.0,52.0,28.1,63.3,7.0,53.9,47.4,41.5,20180216-Quarter-Ending-December-31-2017.pdf,Jul-Sep,,reported
Indian River,2017,3,58.5,174.3,6.0,126.5,46.2,49.9,28.1,63.3,7.0,53.9,47.4,41.5,20180216-Quarter-Ending-December-31-2017.pdf,Jul-Sep,,reported
Jackson,2017,3,7.0,50.0,4.0,43.0,16.3,52.7,28.1,63.3,7.0,53.9,47.4,41.5,20180216-Quarter-Ending-December-31-2017.pdf,Jul-Sep,,reported
Jefferson,2017,3,0.0,0.0,0.0,0.0,0.0,62.4,28.1,63.3,7.0,53.9,47.4,41.5,20180216-Quarter-Ending-December-31-2017.pdf,Jul-Sep,,reported
Lafayette,2017,3,0.0,0.0,0.0,0.0,0.0,0.0,28.1,63.3,7.0,53.9,47.4,41.5,20180216-Quarter-Ending-December-31-2017.pdf,Jul-Sep,,reported_all_zero
Lake,2017,3,23.1,44.5,13.0,39.6,58.3,45.1,28.1,63.3,7.0,53.9,47.4,41.5,20180216-Quarter-Ending-December-31-2017.pdf,Jul-Sep,,reported
Lee,2017,3,30.2,79.7,52.0,71.9,42.0,52.1,28.1,63.3,7.0,53.9,47.4,41.5,20180216-Quarter-Ending-December-31-2017.pdf,Jul-Sep,,reported
Leon,2017,3,34.0,63.0,43.0,52.8,64.3,47.4,28.1,63.3,7.0,53.9,47.4,41.5,20180216-Quarter-Ending-December-31-2017.pdf,Jul-Sep,,reported
Levy,2017,3,0.0,0.0,0.0,0.0,0.0,100.0,28.1,63.3,7.0,53.9,47.4,41.5,20180216-Quarter-Ending-December-31-2017.pdf,Jul-Sep,,reported
Liberty,2017,3,18.0,38.0,2.0,34.5,52.2,63.6,28.1,63.3,7.0,53.9,47.4,41.5,20180216-Quarter-Ending-December-31-2017.pdf,Jul-Sep,,reported
Madison,2017,3,0.0,0.0,0.0,0.0,0.0,100.0,28.1,63.3,7.0,53.9,47.4,41.5,20180216-Quarter-Ending-December-31-2017.pdf,Jul-Sep,,reported
Manatee,2017,3,42.9,96.3,21.0,77.2,55.5,35.3,28.1,63.3,7.0,53.9,47.4,41.5,20180216-Quarter-Ending-December-31-2017.pdf,Jul-Sep,,reported
Marion,2017,3,25.7,71.6,34.0,61.1,42.1,28.8,28.1,63.3,7.0,53.9,47.4,41.5,20180216-Quarter-Ending-December-31-2017.pdf,Jul-Sep,,reported
Martin,2017,3,36.6,82.9,7.0,72.4,50.5,31.5,28.1,63.3,7.0,53.9,47.4,41.5,20180216-Quarter-Ending-December-31-2017.pdf,Jul-Sep,,reported
Miami-Dade,2017,3,43.2,110.0,138.0,91.8,47.0,28.3,28.1,63.3,7.0,53.9,47.4,41.5,20180216-Quarter-Ending-December-31-2017.pdf,Jul-Sep,,reported
Monroe,2017,3,25.4,64.2,10.0,43.3,58.7,41.0,28.1,63.3,7.0,53.9,47.4,41.5,20180216-Quarter-Ending-December-31-2017.pdf,Jul-Sep,,reported
Nassau,2017,3,42.0,103.0,1.0,65.0,64.6,25.8,28.1,63.3,7.0,53.9,47.4,41.5,20180216-Quarter-Ending-December-31-2017.pdf,Jul-Sep,,reported
Okaloosa,2017,3,28.6,90.9,7.0,79.3,36.0,53.5,28.1,63.3,7.0,53.9,47.4,41.5,20180216-Quarter-Ending-December-31-2017.pdf,Jul-Sep,,reported
Okeechobee,2017,3,29.0,53.2,5.0,45.0,64.4,21.7,28.1,63.3,7.0,53.9,47.4,41.5,20180216-Quarter-Ending-December-31-2017.pdf,Jul-Sep,,reported
Orange,2017,3,30.8,62.0,128.0,53.9,57.1,64.7,28.1,63.3,7.0,53.9,47.4,41.5,20180216-Quarter-Ending-December-31-2017.pdf,Jul-Sep,,reported
Osceola,2017,3,37.9,120.4,23.0,108.6,34.9,69.4,28.1,63.3,7.0,53.9,47.4,41.5,20180216-Quarter-Ending-December-31-2017.pdf,Jul-Sep,,reported
Palm Beach,2017,3,41.4,107.5,110.0,85.5,48.4,29.4,28.1,63.3,7.0,53.9,47.4,41.5,20180216-Quarter-Ending-December-31-2017.pdf,Jul-Sep,,reported
Pasco,2017,3,27.0,51.7,24.0,46.2,58.3,30.9,28.1,63.3,7.0,53.9,47.4,41.5,20180216-Quarter-Ending-December-31-2017.pdf,Jul-Sep,,reported
Pinellas,2017,3,29.0,66.4,85.0,60.2,48.1,45.1,28.1,63.3,7.0,53.9,47.4,41.5,20180216-Quarter-Ending-December-31-2017.pdf,Jul-Sep,,reported
Polk,2017,3,29.1,45.2,91.0,37.4,77.8,46.4,28.1,63.3,7.0,53.9,47.4,41.5,20180216-Quarter-Ending-December-31-2017.pdf,Jul-Sep,,reported
Putnam,2017,3,27.5,206.0,2.0,190.0,14.5,24.8,28.1,63.3,7.0,53.9,47.4,41.5,20180216-Quarter-Ending-December-31-2017.pdf,Jul-Sep,,reported
Santa Rosa,2017,3,33.1,47.8,35.0,36.8,89.9,47.4,28.1,63.3,7.0,53.9,47.4,41.5,20180216-Quarter-Ending-December-31-2017.pdf,Jul-Sep,,reported
Sarasota,2017,3,34.9,99.6,29.0,87.5,39.8,43.4,28.1,63.3,7.0,53.9,47.4,41.5,20180216-Quarter-Ending-December-31-2017.pdf,Jul-Sep,,reported
Seminole,2017,3,29.8,63.4,24.0,55.7,53.5,61.4,28.1,63.3,7.0,53.9,47.4,41.5,20180216-Quarter-Ending-December-31-2017.pdf,Jul-Sep,,reported
St. Johns,2017,3,35.7,86.4,9.0,54.2,65.8,34.2,28.1,63.3,7.0,53.9,47.4,41.5,20180216-Quarter-Ending-December-31-2017.pdf,Jul-Sep,,reported
St. Lucie,2017,3,35.0,85.1,23.0,73.1,47.8,31.8,28.1,63.3,7.0,53.9,47.4,41.5,20180216-Quarter-Ending-December-31-2017.pdf,Jul-Sep,,reported
Sumter,2017,3,19.3,38.5,4.0,28.0,68.8,28.4,28.1,63.3,7.0,53.9,47.4,41.5,20180216-Quarter-Ending-December-31-2017.pdf,Jul-Sep,,reported
Suwannee,2017,3,6.8,42.0,4.0,31.8,21.3,41.5,28.1,63.3,7.0,53.9,47.4,41.5,20180216-Quarter-Ending-December-31-2017.pdf,Jul-Sep,,reported
Taylor,2017,3,33.5,42.3,4.0,33.5,100.0,24.8,28.1,63.3,7.0,53.9,47.4,41.5,20180216-Quarter-Ending-December-31-2017.pdf,Jul-Sep,,reported
Union,2017,3,42.0,43.0,1.0,43.0,97.7,33.1,28.1,63.3,7.0,53.9,47.4,41.5,20180216-Quarter-Ending-December-31-2017.pdf,Jul-Sep,,reported
Volusia,2017,3,22.5,63.3,28.0,55.6,40.4,53.6,28.1,63.3,7.0,53.9,47.4,41.5,20180216-Quarter-Ending-December-31-2017.pdf,Jul-Sep,,reported
Wakulla,2017,3,43.3,48.7,3.0,44.0,98.5,54.0,28.1,63.3,7.0,53.9,47.4,41.5,20180216-Quarter-Ending-December-31-2017.pdf,Jul-Sep,,reported
Walton,2017,3,28.3,59.3,3.0,42.3,66.9,40.0,28.1,63.3,7.0,53.9,47.4,41.5,20180216-Quarter-Ending-December-31-2017.pdf,Jul-Sep,,reported
Washington,2017,3,7.0,65.3,3.0,58.3,12.0,39.6,28.1,63.3,7.0,53.9,47.4,41.5,20180216-Quarter-Ending-December-31-2017.pdf,Jul-Sep,,reported
Alachua,2017,4,39.1,56.9,30.0,41.5,94.1,25.0,30.1,58.5,8.0,49.0,56.2,42.8,20180216-Quarter-Ending-December-31-2017.pdf,Oct-Dec,,reported
Baker,2017,4,7.0,36.3,4.0,27.5,25.5,23.3,30.1,58.5,8.0,49.0,56.2,42.8,20180216-Quarter-Ending-December-31-2017.pdf,Oct-Dec,,reported
Bay,2017,4,26.5,51.9,20.0,45.0,58.8,45.7,30.1,58.5,8.0,49.0,56.2,42.8,20180216-Quarter-Ending-December-31-2017.pdf,Oct-Dec,,reported
Bradford,2017,4,7.3,57.8,4.0,39.8,18.2,49.0,30.1,58.5,8.0,49.0,56.2,42.8,20180216-Quarter-Ending-December-31-2017.pdf,Oct-Dec,,reported
Brevard,2017,4,60.0,127.0,47.0,102.1,58.8,42.9,30.1,58.5,8.0,49.0,56.2,42.8,20180216-Quarter-Ending-December-31-2017.pdf,Oct-Dec,,reported
Broward,2017,4,35.2,76.2,153.0,56.1,62.8,40.1,30.1,58.5,8.0,49.0,56.2,42.8,20180216-Quarter-Ending-December-31-2017.pdf,Oct-Dec,,reported
Calhoun,2017,4,7.0,82.0,1.0,75.0,9.3,71.4,30.1,58.5,8.0,49.0,56.2,42.8,20180216-Quarter-Ending-December-31-2017.pdf,Oct-Dec,,reported
Charlotte,2017,4,23.5,38.0,17.0,38.0,61.8,64.3,30.1,58.5,8.0,49.0,56.2,42.8,20180216-Quarter-Ending-December-31-2017.pdf,Oct-Dec,,reported
Citrus,2017,4,21.5,51.3,11.0,37.1,57.8,46.2,30.1,58.5,8.0,49.0,56.2,42.8,20180216-Quarter-Ending-December-31-2017.pdf,Oct-Dec,,reported
Clay,2017,4,35.0,128.5,2.0,118.0,29.7,40.3,30.1,58.5,8.0,49.0,56.2,42.8,20180216-Quarter-Ending-December-31-2017.pdf,Oct-Dec,,reported
Collier,2017,4,26.5,81.5,22.0,69.3,38.2,52.5,30.1,58.5,8.0,49.0,56.2,42.8,20180216-Quarter-Ending-December-31-2017.pdf,Oct-Dec,,reported
Columbia,2017,4,36.7,45.3,6.0,45.3,80.9,35.7,30.1,58.5,8.0,49.0,56.2,42.8,20180216-Quarter-Ending-December-31-2017.pdf,Oct-Dec,,reported
DeSoto,2017,4,30.3,49.0,3.0,49.0,61.9,26.8,30.1,58.5,8.0,49.0,56.2,42.8,20180216-Quarter-Ending-December-31-2017.pdf,Oct-Dec,,reported
Dixie,2017,4,22.0,26.0,1.0,26.0,84.6,20.8,30.1,58.5,8.0,49.0,56.2,42.8,20180216-Quarter-Ending-December-31-2017.pdf,Oct-Dec,,reported
Duval,2017,4,41.0,79.9,55.0,60.4,67.9,26.9,30.1,58.5,8.0,49.0,56.2,42.8,20180216-Quarter-Ending-December-31-2017.pdf,Oct-Dec,,reported
Escambia,2017,4,25.9,54.7,61.0,43.3,77.0,26.1,30.1,58.5,8.0,49.0,56.2,42.8,20180216-Quarter-Ending-December-31-2017.pdf,Oct-Dec,aps_placeholder_uncorrected_in_source,reported
Flagler,2017,4,35.2,69.0,6.0,58.7,59.9,43.6,30.1,58.5,8.0,49.0,56.2,42.8,20180216-Quarter-Ending-December-31-2017.pdf,Oct-Dec,,reported
Franklin,2017,4,0.0,0.0,0.0,0.0,0.0,24.8,30.1,58.5,8.0,49.0,56.2,42.8,20180216-Quarter-Ending-December-31-2017.pdf,Oct-Dec,,reported
Gadsden,2017,4,21.1,52.1,9.0,44.2,47.7,54.0,30.1,58.5,8.0,49.0,56.2,42.8,20180216-Quarter-Ending-December-31-2017.pdf,Oct-Dec,,reported
Gilchrist,2017,4,7.0,48.0,1.0,41.0,17.1,58.0,30.1,58.5,8.0,49.0,56.2,42.8,20180216-Quarter-Ending-December-31-2017.pdf,Oct-Dec,,reported
Glades,2017,4,20.0,56.0,1.0,56.0,35.7,82.3,30.1,58.5,8.0,49.0,56.2,42.8,20180216-Quarter-Ending-December-31-2017.pdf,Oct-Dec,,reported
Gulf,2017,4,28.0,106.0,1.0,92.0,30.4,60.8,30.1,58.5,8.0,49.0,56.2,42.8,20180216-Quarter-Ending-December-31-2017.pdf,Oct-Dec,,reported
Hamilton,2017,4,32.5,129.5,2.0,81.0,40.1,23.1,30.1,58.5,8.0,49.0,56.2,42.8,20180216-Quarter-Ending-December-31-2017.pdf,Oct-Dec,,reported
Hardee,2017,4,12.0,49.8,5.0,36.6,32.8,65.6,30.1,58.5,8.0,49.0,56.2,42.8,20180216-Quarter-Ending-December-31-2017.pdf,Oct-Dec,,reported
Hendry,2017,4,41.3,57.1,8.0,57.1,72.2,32.8,30.1,58.5,8.0,49.0,56.2,42.8,20180216-Quarter-Ending-December-31-2017.pdf,Oct-Dec,,reported
Hernando,2017,4,43.2,82.8,12.0,67.4,64.0,55.5,30.1,58.5,8.0,49.0,56.2,42.8,20180216-Quarter-Ending-December-31-2017.pdf,Oct-Dec,,reported
Highlands,2017,4,25.0,52.0,5.0,42.2,59.2,23.5,30.1,58.5,8.0,49.0,56.2,42.8,20180216-Quarter-Ending-December-31-2017.pdf,Oct-Dec,,reported
Hillsborough,2017,4,31.9,61.0,114.0,48.9,65.2,31.9,30.1,58.5,8.0,49.0,56.2,42.8,20180216-Quarter-Ending-December-31-2017.pdf,Oct-Dec,,reported
Holmes,2017,4,21.0,50.0,2.0,46.5,45.2,46.1,30.1,58.5,8.0,49.0,56.2,42.8,20180216-Quarter-Ending-December-31-2017.pdf,Oct-Dec,,reported
Indian River,2017,4,24.9,62.1,14.0,46.1,53.9,53.7,30.1,58.5,8.0,49.0,56.2,42.8,20180216-Quarter-Ending-December-31-2017.pdf,Oct-Dec,,reported
Jackson,2017,4,4.7,64.7,3.0,60.0,7.8,56.0,30.1,58.5,8.0,49.0,56.2,42.8,20180216-Quarter-Ending-December-31-2017.pdf,Oct-Dec,,reported
Jefferson,2017,4,0.0,0.0,0.0,0.0,0.0,36.0,30.1,58.5,8.0,49.0,56.2,42.8,20180216-Quarter-Ending-December-31-2017.pdf,Oct-Dec,,reported
Lafayette,2017,4,14.0,27.0,1.0,27.0,51.9,45.0,30.1,58.5,8.0,49.0,56.2,42.8,20180216-Quarter-Ending-December-31-2017.pdf,Oct-Dec,,reported
Lake,2017,4,24.7,48.7,18.0,39.6,62.4,38.3,30.1,58.5,8.0,49.0,56.2,42.8,20180216-Quarter-Ending-December-31-2017.pdf,Oct-Dec,,reported
Lee,2017,4,28.2,70.2,62.0,64.6,43.6,58.0,30.1,58.5,8.0,49.0,56.2,42.8,20180216-Quarter-Ending-December-31-2017.pdf,Oct-Dec,,reported
Leon,2017,4,30.7,52.9,43.0,42.7,71.8,46.6,30.1,58.5,8.0,49.0,56.2,42.8,20180216-Quarter-Ending-December-31-2017.pdf,Oct-Dec,,reported
Levy,2017,4,0.0,0.0,0.0,0.0,0.0,30.7,30.1,58.5,8.0,49.0,56.2,42.8,20180216-Quarter-Ending-December-31-2017.pdf,Oct-Dec,,reported
Liberty,2017,4,27.5,55.0,2.0,44.5,61.8,35.6,30.1,58.5,8.0,49.0,56.2,42.8,20180216-Quarter-Ending-December-31-2017.pdf,Oct-Dec,,reported
Madison,2017,4,22.0,114.0,1.0,114.0,19.3,38.0,30.1,58.5,8.0,49.0,56.2,42.8,20180216-Quarter-Ending-December-31-2017.pdf,Oct-Dec,,reported
Manatee,2017,4,39.9,75.1,31.0,58.1,68.8,35.6,30.1,58.5,8.0,49.0,56.2,42.8,20180216-Quarter-Ending-December-31-2017.pdf,Oct-Dec,,reported
Marion,2017,4,31.6,85.7,35.0,70.4,44.9,32.2,30.1,58.5,8.0,49.0,56.2,42.8,20180216-Quarter-Ending-December-31-2017.pdf,Oct-Dec,,reported
Martin,2017,4,49.6,107.1,8.0,93.4,53.1,40.4,30.1,58.5,8.0,49.0,56.2,42.8,20180216-Quarter-Ending-December-31-2017.pdf,Oct-Dec,,reported
Miami-Dade,2017,4,45.8,112.6,154.0,94.8,48.3,29.4,30.1,58.5,8.0,49.0,56.2,42.8,20180216-Quarter-Ending-December-31-2017.pdf,Oct-Dec,,reported
Monroe,2017,4,30.8,105.2,10.0,84.2,36.6,27.6,30.1,58.5,8.0,49.0,56.2,42.8,20180216-Quarter-Ending-December-31-2017.pdf,Oct-Dec,,reported
Nassau,2017,4,26.0,131.3,4.0,125.3,20.8,42.9,30.1,58.5,8.0,49.0,56.2,42.8,20180216-Quarter-Ending-December-31-2017.pdf,Oct-Dec,,reported
Okaloosa,2017,4,33.7,65.1,11.0,52.1,64.7,54.2,30.1,58.5,8.0,49.0,56.2,42.8,20180216-Quarter-Ending-December-31-2017.pdf,Oct-Dec,,reported
Okeechobee,2017,4,42.4,82.8,5.0,69.8,60.7,18.1,30.1,58.5,8.0,49.0,56.2,42.8,20180216-Quarter-Ending-December-31-2017.pdf,Oct-Dec,,reported
Orange,2017,4,38.6,86.4,100.0,68.7,56.2,59.3,30.1,58.5,8.0,49.0,56.2,42.8,20180216-Quarter-Ending-December-31-2017.pdf,Oct-Dec,,reported
Osceola,2017,4,32.3,56.3,53.0,50.8,63.6,67.0,30.1,58.5,8.0,49.0,56.2,42.8,20180216-Quarter-Ending-December-31-2017.pdf,Oct-Dec,,reported
Palm Beach,2017,4,34.9,83.4,140.0,68.3,51.2,28.7,30.1,58.5,8.0,49.0,56.2,42.8,20180216-Quarter-Ending-December-31-2017.pdf,Oct-Dec,,reported
Pasco,2017,4,34.8,66.5,31.0,45.5,76.3,31.8,30.1,58.5,8.0,49.0,56.2,42.8,20180216-Quarter-Ending-December-31-2017.pdf,Oct-Dec,,reported
Pinellas,2017,4,34.0,78.2,91.0,69.3,49.1,43.8,30.1,58.5,8.0,49.0,56.2,42.8,20180216-Quarter-Ending-December-31-2017.pdf,Oct-Dec,,reported
Polk,2017,4,30.1,52.0,68.0,41.0,73.5,45.8,30.1,58.5,8.0,49.0,56.2,42.8,20180216-Quarter-Ending-December-31-2017.pdf,Oct-Dec,,reported
Putnam,2017,4,39.3,77.7,6.0,68.8,57.1,27.5,30.1,58.5,8.0,49.0,56.2,42.8,20180216-Quarter-Ending-December-31-2017.pdf,Oct-Dec,,reported
Santa Rosa,2017,4,39.5,55.2,32.0,45.5,86.8,44.0,30.1,58.5,8.0,49.0,56.2,42.8,20180216-Quarter-Ending-December-31-2017.pdf,Oct-Dec,,reported
Sarasota,2017,4,26.6,102.0,31.0,89.5,29.7,42.9,30.1,58.5,8.0,49.0,56.2,42.8,20180216-Quarter-Ending-December-31-2017.pdf,Oct-Dec,,reported
Seminole,2017,4,26.7,55.5,40.0,44.9,59.5,42.3,30.1,58.5,8.0,49.0,56.2,42.8,20180216-Quarter-Ending-December-31-2017.pdf,Oct-Dec,,reported
St. Johns,2017,4,38.8,100.0,9.0,52.0,74.6,34.5,30.1,58.5,8.0,49.0,56.2,42.8,20180216-Quarter-Ending-December-31-2017.pdf,Oct-Dec,,reported
St. Lucie,2017,4,39.0,329.4,7.0,255.1,15.3,34.6,30.1,58.5,8.0,49.0,56.2,42.8,20180216-Quarter-Ending-December-31-2017.pdf,Oct-Dec,,reported
Sumter,2017,4,17.9,28.7,9.0,20.2,88.5,21.4,30.1,58.5,8.0,49.0,56.2,42.8,20180216-Quarter-Ending-December-31-2017.pdf,Oct-Dec,,reported
Suwannee,2017,4,6.8,32.8,5.0,30.0,22.7,46.9,30.1,58.5,8.0,49.0,56.2,42.8,20180216-Quarter-Ending-December-31-2017.pdf,Oct-Dec,,reported
Taylor,2017,4,24.5,39.5,2.0,39.5,62.0,42.8,30.1,58.5,8.0,49.0,56.2,42.8,20180216-Quarter-Ending-December-31-2017.pdf,Oct-Dec,,reported
Union,2017,4,67.0,180.0,1.0,159.0,42.1,64.9,30.1,58.5,8.0,49.0,56.2,42.8,20180216-Quarter-Ending-December-31-2017.pdf,Oct-Dec,,reported
Volusia,2017,4,30.2,86.1,26.0,75.6,40.0,46.1,30.1,58.5,8.0,49.0,56.2,42.8,20180216-Quarter-Ending-December-31-2017.pdf,Oct-Dec,,reported
Wakulla,2017,4,44.0,51.0,1.0,44.0,100.0,53.5,30.1,58.5,8.0,49.0,56.2,42.8,20180216-Quarter-Ending-December-31-2017.pdf,Oct-Dec,,reported
Walton,2017,4,29.5,58.5,2.0,48.0,61.5,24.0,30.1,58.5,8.0,49.0,56.2,42.8,20180216-Quarter-Ending-December-31-2017.pdf,Oct-Dec,,reported
Washington,2017,4,7.0,52.0,1.0,45.0,15.6,52.3,30.1,58.5,8.0,49.0,56.2,42.8,20180216-Quarter-Ending-December-31-2017.pdf,Oct-Dec,,reported
Alachua,2018,1,31.3,49.9,34.0,37.0,84.7,22.0,27.7,67.6,8.0,56.8,49.7,39.1,20190522-quarter-ending-dec-31-2018.pdf,Jan-Mar,,reported
Baker,2018,1,7.3,82.0,4.0,69.8,10.4,44.7,27.7,67.6,8.0,56.8,49.7,39.1,20190522-quarter-ending-dec-31-2018.pdf,Jan-Mar,,reported
Bay,2018,1,28.6,60.2,21.0,49.5,57.8,47.6,27.7,67.6,8.0,56.8,49.7,39.1,20190522-quarter-ending-dec-31-2018.pdf,Jan-Mar,,reported
Bradford,2018,1,9.7,85.7,3.0,61.0,15.8,50.4,27.7,67.6,8.0,56.8,49.7,39.1,20190522-quarter-ending-dec-31-2018.pdf,Jan-Mar,,reported
Brevard,2018,1,47.0,90.9,69.0,62.4,75.2,45.4,27.7,67.6,8.0,56.8,49.7,39.1,20190522-quarter-ending-dec-31-2018.pdf,Jan-Mar,,reported
Broward,2018,1,36.7,79.4,167.0,59.6,61.6,44.4,27.7,67.6,8.0,56.8,49.7,39.1,20190522-quarter-ending-dec-31-2018.pdf,Jan-Mar,,reported
Calhoun,2018,1,7.3,52.7,3.0,40.3,18.2,49.1,27.7,67.6,8.0,56.8,49.7,39.1,20190522-quarter-ending-dec-31-2018.pdf,Jan-Mar,,reported
Charlotte,2018,1,25.1,44.0,25.0,43.3,58.0,64.6,27.7,67.6,8.0,56.8,49.7,39.1,20190522-quarter-ending-dec-31-2018.pdf,Jan-Mar,,reported
Citrus,2018,1,22.0,49.0,16.0,40.0,55.0,32.8,27.7,67.6,8.0,56.8,49.7,39.1,20190522-quarter-ending-dec-31-2018.pdf,Jan-Mar,,reported
Clay,2018,1,27.0,71.0,3.0,52.7,51.3,58.2,27.7,67.6,8.0,56.8,49.7,39.1,20190522-quarter-ending-dec-31-2018.pdf,Jan-Mar,,reported
Collier,2018,1,27.7,72.1,29.0,57.3,48.3,58.7,27.7,67.6,8.0,56.8,49.7,39.1,20190522-quarter-ending-dec-31-2018.pdf,Jan-Mar,,reported
Columbia,2018,1,45.3,50.0,3.0,50.0,90.7,40.5,27.7,67.6,8.0,56.8,49.7,39.1,20190522-quarter-ending-dec-31-2018.pdf,Jan-Mar,,reported
DeSoto,2018,1,49.7,93.3,3.0,78.0,63.7,8.9,27.7,67.6,8.0,56.8,49.7,39.1,20190522-quarter-ending-dec-31-2018.pdf,Jan-Mar,,reported
Dixie,2018,1,51.0,126.0,1.0,126.0,40.5,31.5,27.7,67.6,8.0,56.8,49.7,39.1,20190522-quarter-ending-dec-31-2018.pdf,Jan-Mar,,reported
Duval,2018,1,44.1,92.3,74.0,59.9,73.6,29.3,27.7,67.6,8.0,56.8,49.7,39.1,20190522-quarter-ending-dec-31-2018.pdf,Jan-Mar,,reported
Escambia,2018,1,22.7,42.3,70.0,33.6,67.7,27.0,27.7,67.6,8.0,56.8,49.7,39.1,20190522-quarter-ending-dec-31-2018.pdf,Jan-Mar,,reported
Flagler,2018,1,19.0,48.4,7.0,41.6,45.7,43.1,27.7,67.6,8.0,56.8,49.7,39.1,20190522-quarter-ending-dec-31-2018.pdf,Jan-Mar,,reported
Franklin,2018,1,0.0,0.0,0.0,0.0,0.0,0.0,27.7,67.6,8.0,56.8,49.7,39.1,20190522-quarter-ending-dec-31-2018.pdf,Jan-Mar,,reported_all_zero
Gadsden,2018,1,21.8,72.8,6.0,64.3,33.9,66.8,27.7,67.6,8.0,56.8,49.7,39.1,20190522-quarter-ending-dec-31-2018.pdf,Jan-Mar,,reported
Gilchrist,2018,1,0.0,0.0,0.0,0.0,12.2,32.9,27.7,67.6,8.0,56.8,49.7,39.1,20190522-quarter-ending-dec-31-2018.pdf,Jan-Mar,,reported
Glades,2018,1,6.7,42.0,3.0,35.3,18.9,27.4,27.7,67.6,8.0,56.8,49.7,39.1,20190522-quarter-ending-dec-31-2018.pdf,Jan-Mar,,reported
Gulf,2018,1,41.0,97.0,1.0,90.0,45.6,50.5,27.7,67.6,8.0,56.8,49.7,39.1,20190522-quarter-ending-dec-31-2018.pdf,Jan-Mar,,reported
Hamilton,2018,1,0.0,0.0,0.0,0.0,0.0,25.3,27.7,67.6,8.0,56.8,49.7,39.1,20190522-quarter-ending-dec-31-2018.pdf,Jan-Mar,,reported
Hardee,2018,1,0.0,0.0,0.0,0.0,0.0,59.4,27.7,67.6,8.0,56.8,49.7,39.1,20190522-quarter-ending-dec-31-2018.pdf,Jan-Mar,,reported
Hendry,2018,1,40.6,40.6,13.0,40.6,100.0,29.5,27.7,67.6,8.0,56.8,49.7,39.1,20190522-quarter-ending-dec-31-2018.pdf,Jan-Mar,,reported
Hernando,2018,1,33.3,67.6,13.0,56.5,58.9,60.9,27.7,67.6,8.0,56.8,49.7,39.1,20190522-quarter-ending-dec-31-2018.pdf,Jan-Mar,,reported
Highlands,2018,1,24.0,50.6,5.0,39.4,60.9,22.5,27.7,67.6,8.0,56.8,49.7,39.1,20190522-quarter-ending-dec-31-2018.pdf,Jan-Mar,,reported
Hillsborough,2018,1,36.1,92.2,79.0,72.8,49.5,31.4,27.7,67.6,8.0,56.8,49.7,39.1,20190522-quarter-ending-dec-31-2018.pdf,Jan-Mar,,reported
Holmes,2018,1,21.0,66.0,1.0,59.0,35.6,26.2,27.7,67.6,8.0,56.8,49.7,39.1,20190522-quarter-ending-dec-31-2018.pdf,Jan-Mar,,reported
Indian River,2018,1,49.0,242.5,2.0,218.0,22.5,59.9,27.7,67.6,8.0,56.8,49.7,39.1,20190522-quarter-ending-dec-31-2018.pdf,Jan-Mar,,reported
Jackson,2018,1,7.5,89.8,4.0,78.3,9.6,43.2,27.7,67.6,8.0,56.8,49.7,39.1,20190522-quarter-ending-dec-31-2018.pdf,Jan-Mar,,reported
Jefferson,2018,1,8.0,135.0,1.0,127.0,6.3,42.3,27.7,67.6,8.0,56.8,49.7,39.1,20190522-quarter-ending-dec-31-2018.pdf,Jan-Mar,,reported
Lafayette,2018,1,25.0,27.0,1.0,27.0,92.6,36.0,27.7,67.6,8.0,56.8,49.7,39.1,20190522-quarter-ending-dec-31-2018.pdf,Jan-Mar,,reported
Lake,2018,1,24.2,58.8,24.0,41.6,58.2,35.0,27.7,67.6,8.0,56.8,49.7,39.1,20190522-quarter-ending-dec-31-2018.pdf,Jan-Mar,,reported
Lee,2018,1,26.9,61.4,80.0,56.8,47.4,57.0,27.7,67.6,8.0,56.8,49.7,39.1,20190522-quarter-ending-dec-31-2018.pdf,Jan-Mar,,reported
Leon,2018,1,31.0,58.2,58.0,47.5,65.2,47.3,27.7,67.6,8.0,56.8,49.7,39.1,20190522-quarter-ending-dec-31-2018.pdf,Jan-Mar,,reported
Levy,2018,1,7.0,119.0,2.0,77.0,9.1,35.5,27.7,67.6,8.0,56.8,49.7,39.1,20190522-quarter-ending-dec-31-2018.pdf,Jan-Mar,,reported
Liberty,2018,1,23.2,49.5,6.0,42.5,54.5,37.2,27.7,67.6,8.0,56.8,49.7,39.1,20190522-quarter-ending-dec-31-2018.pdf,Jan-Mar,,reported
Madison,2018,1,14.0,153.0,1.0,111.0,12.6,44.4,27.7,67.6,8.0,56.8,49.7,39.1,20190522-quarter-ending-dec-31-2018.pdf,Jan-Mar,,reported
Manatee,2018,1,36.0,65.6,30.0,56.1,64.1,34.3,27.7,67.6,8.0,56.8,49.7,39.1,20190522-quarter-ending-dec-31-2018.pdf,Jan-Mar,,reported
Marion,2018,1,25.8,68.6,37.0,60.6,42.7,33.1,27.7,67.6,8.0,56.8,49.7,39.1,20190522-quarter-ending-dec-31-2018.pdf,Jan-Mar,,reported
Martin,2018,1,37.9,141.8,8.0,129.0,29.4,47.3,27.7,67.6,8.0,56.8,49.7,39.1,20190522-quarter-ending-dec-31-2018.pdf,Jan-Mar,,reported
Miami-Dade,2018,1,47.9,99.1,197.0,78.6,60.9,31.0,27.7,67.6,8.0,56.8,49.7,39.1,20190522-quarter-ending-dec-31-2018.pdf,Jan-Mar,,reported
Monroe,2018,1,38.6,104.8,13.0,77.5,49.9,27.8,27.7,67.6,8.0,56.8,49.7,39.1,20190522-quarter-ending-dec-31-2018.pdf,Jan-Mar,,reported
Nassau,2018,1,58.0,374.0,1.0,350.0,16.6,39.1,27.7,67.6,8.0,56.8,49.7,39.1,20190522-quarter-ending-dec-31-2018.pdf,Jan-Mar,,reported
Okaloosa,2018,1,23.6,62.1,10.0,53.9,43.8,54.3,27.7,67.6,8.0,56.8,49.7,39.1,20190522-quarter-ending-dec-31-2018.pdf,Jan-Mar,,reported
Okeechobee,2018,1,41.7,57.0,3.0,52.0,80.1,16.9,27.7,67.6,8.0,56.8,49.7,39.1,20190522-quarter-ending-dec-31-2018.pdf,Jan-Mar,,reported
Orange,2018,1,33.0,70.3,145.0,56.1,58.8,64.0,27.7,67.6,8.0,56.8,49.7,39.1,20190522-quarter-ending-dec-31-2018.pdf,Jan-Mar,,reported
Osceola,2018,1,34.1,110.0,34.0,99.6,34.2,71.4,27.7,67.6,8.0,56.8,49.7,39.1,20190522-quarter-ending-dec-31-2018.pdf,Jan-Mar,,reported
Palm Beach,2018,1,37.8,94.1,143.0,73.4,51.5,31.0,27.7,67.6,8.0,56.8,49.7,39.1,20190522-quarter-ending-dec-31-2018.pdf,Jan-Mar,,reported
Pasco,2018,1,37.9,98.1,28.0,70.5,53.8,32.3,27.7,67.6,8.0,56.8,49.7,39.1,20190522-quarter-ending-dec-31-2018.pdf,Jan-Mar,,reported
Pinellas,2018,1,38.6,82.9,100.0,69.2,55.8,46.8,27.7,67.6,8.0,56.8,49.7,39.1,20190522-quarter-ending-dec-31-2018.pdf,Jan-Mar,,reported
Polk,2018,1,30.3,54.5,107.0,41.9,72.3,49.6,27.7,67.6,8.0,56.8,49.7,39.1,20190522-quarter-ending-dec-31-2018.pdf,Jan-Mar,,reported
Putnam,2018,1,42.0,82.3,7.0,63.6,66.1,34.3,27.7,67.6,8.0,56.8,49.7,39.1,20190522-quarter-ending-dec-31-2018.pdf,Jan-Mar,,reported
Santa Rosa,2018,1,28.7,34.4,34.0,30.8,93.1,33.6,27.7,67.6,8.0,56.8,49.7,39.1,20190522-quarter-ending-dec-31-2018.pdf,Jan-Mar,,reported
Sarasota,2018,1,38.3,100.7,33.0,87.8,43.6,40.8,27.7,67.6,8.0,56.8,49.7,39.1,20190522-quarter-ending-dec-31-2018.pdf,Jan-Mar,,reported
Seminole,2018,1,37.9,87.2,31.0,77.2,49.0,61.0,27.7,67.6,8.0,56.8,49.7,39.1,20190522-quarter-ending-dec-31-2018.pdf,Jan-Mar,,reported
St. Johns,2018,1,20.6,52.0,8.0,41.5,49.7,37.9,27.7,67.6,8.0,56.8,49.7,39.1,20190522-quarter-ending-dec-31-2018.pdf,Jan-Mar,,reported
St. Lucie,2018,1,41.9,157.8,16.0,137.9,30.4,38.3,27.7,67.6,8.0,56.8,49.7,39.1,20190522-quarter-ending-dec-31-2018.pdf,Jan-Mar,,reported
Sumter,2018,1,16.5,23.7,11.0,16.7,98.9,29.7,27.7,67.6,8.0,56.8,49.7,39.1,20190522-quarter-ending-dec-31-2018.pdf,Jan-Mar,,reported
Suwannee,2018,1,6.7,63.0,3.0,60.3,11.0,46.9,27.7,67.6,8.0,56.8,49.7,39.1,20190522-quarter-ending-dec-31-2018.pdf,Jan-Mar,,reported
Taylor,2018,1,27.7,33.0,6.0,27.7,100.0,29.1,27.7,67.6,8.0,56.8,49.7,39.1,20190522-quarter-ending-dec-31-2018.pdf,Jan-Mar,,reported
Union,2018,1,0.0,0.0,0.0,0.0,0.0,37.0,27.7,67.6,8.0,56.8,49.7,39.1,20190522-quarter-ending-dec-31-2018.pdf,Jan-Mar,,reported
Volusia,2018,1,41.2,68.5,33.0,67.9,60.7,45.0,27.7,67.6,8.0,56.8,49.7,39.1,20190522-quarter-ending-dec-31-2018.pdf,Jan-Mar,,reported
Wakulla,2018,1,38.0,43.0,3.0,38.3,99.1,46.8,27.7,67.6,8.0,56.8,49.7,39.1,20190522-quarter-ending-dec-31-2018.pdf,Jan-Mar,,reported
Walton,2018,1,0.0,0.0,0.0,0.0,0.0,48.4,27.7,67.6,8.0,56.8,49.7,39.1,20190522-quarter-ending-dec-31-2018.pdf,Jan-Mar,,reported
Washington,2018,1,7.0,92.0,1.0,85.0,8.2,28.3,27.7,67.6,8.0,56.8,49.7,39.1,20190522-quarter-ending-dec-31-2018.pdf,Jan-Mar,,reported
Alachua,2018,2,34.4,54.4,29.0,43.7,78.8,24.2,26.8,69.9,9.0,60.0,47.1,37.5,20190522-quarter-ending-dec-31-2018.pdf,Apr-Jun,,reported
Baker,2018,2,7.2,45.3,6.0,40.7,17.6,40.7,26.8,69.9,9.0,60.0,47.1,37.5,20190522-quarter-ending-dec-31-2018.pdf,Apr-Jun,,reported
Bay,2018,2,25.8,41.0,32.0,35.1,73.6,44.9,26.8,69.9,9.0,60.0,47.1,37.5,20190522-quarter-ending-dec-31-2018.pdf,Apr-Jun,,reported
Bradford,2018,2,7.0,76.0,2.0,69.0,10.1,47.9,26.8,69.9,9.0,60.0,47.1,37.5,20190522-quarter-ending-dec-31-2018.pdf,Apr-Jun,,reported
Brevard,2018,2,56.8,108.0,51.0,88.5,64.2,40.1,26.8,69.9,9.0,60.0,47.1,37.5,20190522-quarter-ending-dec-31-2018.pdf,Apr-Jun,,reported
Broward,2018,2,42.1,101.8,142.0,73.1,57.6,41.4,26.8,69.9,9.0,60.0,47.1,37.5,20190522-quarter-ending-dec-31-2018.pdf,Apr-Jun,,reported
Calhoun,2018,2,0.0,0.0,0.0,0.0,0.0,0.0,26.8,69.9,9.0,60.0,47.1,37.5,20190522-quarter-ending-dec-31-2018.pdf,Apr-Jun,,reported_all_zero
Charlotte,2018,2,22.2,50.7,15.0,50.7,43.8,61.7,26.8,69.9,9.0,60.0,47.1,37.5,20190522-quarter-ending-dec-31-2018.pdf,Apr-Jun,,reported
Citrus,2018,2,19.7,23.5,23.0,16.3,120.7,25.8,26.8,69.9,9.0,60.0,47.1,37.5,20190522-quarter-ending-dec-31-2018.pdf,Apr-Jun,percent_to_voir_dire_gt_100_reported; ,reported
Clay,2018,2,25.7,70.9,9.0,60.1,42.7,52.0,26.8,69.9,9.0,60.0,47.1,37.5,20190522-quarter-ending-dec-31-2018.pdf,Apr-Jun,,reported
Collier,2018,2,25.1,78.4,22.0,70.1,35.8,51.1,26.8,69.9,9.0,60.0,47.1,37.5,20190522-quarter-ending-dec-31-2018.pdf,Apr-Jun,,reported
Columbia,2018,2,55.3,65.4,9.0,65.4,84.6,30.1,26.8,69.9,9.0,60.0,47.1,37.5,20190522-quarter-ending-dec-31-2018.pdf,Apr-Jun,,reported
DeSoto,2018,2,17.0,28.3,4.0,28.3,60.2,8.3,26.8,69.9,9.0,60.0,47.1,37.5,20190522-quarter-ending-dec-31-2018.pdf,Apr-Jun,,reported
Dixie,2018,2,0.0,0.0,0.0,0.0,0.0,24.8,26.8,69.9,9.0,60.0,47.1,37.5,20190522-quarter-ending-dec-31-2018.pdf,Apr-Jun,,reported
Duval,2018,2,42.9,76.1,68.0,60.3,71.1,25.7,26.8,69.9,9.0,60.0,47.1,37.5,20190522-quarter-ending-dec-31-2018.pdf,Apr-Jun,,reported
Escambia,2018,2,26.8,44.6,37.0,36.9,72.8,26.2,26.8,69.9,9.0,60.0,47.1,37.5,20190522-quarter-ending-dec-31-2018.pdf,Apr-Jun,,reported
Flagler,2018,2,32.3,82.2,6.0,66.0,49.0,39.0,26.8,69.9,9.0,60.0,47.1,37.5,20190522-quarter-ending-dec-31-2018.pdf,Apr-Jun,,reported
Franklin,2018,2,24.0,50.0,1.0,36.0,66.7,24.0,26.8,69.9,9.0,60.0,47.1,37.5,20190522-quarter-ending-dec-31-2018.pdf,Apr-Jun,,reported
Gadsden,2018,2,19.8,57.2,11.0,48.4,41.0,57.5,26.8,69.9,9.0,60.0,47.1,37.5,20190522-quarter-ending-dec-31-2018.pdf,Apr-Jun,,reported
Gilchrist,2018,2,7.0,165.0,1.0,158.0,4.4,30.1,26.8,69.9,9.0,60.0,47.1,37.5,20190522-quarter-ending-dec-31-2018.pdf,Apr-Jun,,reported
Glades,2018,2,20.0,188.0,1.0,106.0,18.9,6.3,26.8,69.9,9.0,60.0,47.1,37.5,20190522-quarter-ending-dec-31-2018.pdf,Apr-Jun,,reported
Gulf,2018,2,0.0,0.0,0.0,0.0,0.0,0.0,26.8,69.9,9.0,60.0,47.1,37.5,20190522-quarter-ending-dec-31-2018.pdf,Apr-Jun,,reported_all_zero
Hamilton,2018,2,0.0,0.0,0.0,0.0,0.0,0.0,26.8,69.9,9.0,60.0,47.1,37.5,20190522-quarter-ending-dec-31-2018.pdf,Apr-Jun,,reported_all_zero
Hardee,2018,2,0.0,0.0,0.0,0.0,0.0,49.3,26.8,69.9,9.0,60.0,47.1,37.5,20190522-quarter-ending-dec-31-2018.pdf,Apr-Jun,,reported
Hendry,2018,2,39.4,39.4,17.0,39.4,100.0,32.8,26.8,69.9,9.0,60.0,47.1,37.5,20190522-quarter-ending-dec-31-2018.pdf,Apr-Jun,,reported
Hernando,2018,2,49.3,173.4,10.0,136.1,36.2,57.6,26.8,69.9,9.0,60.0,47.1,37.5,20190522-quarter-ending-dec-31-2018.pdf,Apr-Jun,,reported
Highlands,2018,2,20.5,30.9,10.0,22.5,91.1,22.5,26.8,69.9,9.0,60.0,47.1,37.5,20190522-quarter-ending-dec-31-2018.pdf,Apr-Jun,,reported
Hillsborough,2018,2,36.0,78.4,90.0,64.6,55.7,31.6,26.8,69.9,9.0,60.0,47.1,37.5,20190522-quarter-ending-dec-31-2018.pdf,Apr-Jun,,reported
Holmes,2018,2,21.0,122.0,1.0,115.0,18.3,25.6,26.8,69.9,9.0,60.0,47.1,37.5,20190522-quarter-ending-dec-31-2018.pdf,Apr-Jun,,reported
Indian River,2018,2,33.3,100.4,9.0,83.6,39.9,53.2,26.8,69.9,9.0,60.0,47.1,37.5,20190522-quarter-ending-dec-31-2018.pdf,Apr-Jun,,reported
Jackson,2018,2,10.5,129.5,2.0,99.0,10.6,41.5,26.8,69.9,9.0,60.0,47.1,37.5,20190522-quarter-ending-dec-31-2018.pdf,Apr-Jun,,reported
Jefferson,2018,2,0.0,0.0,0.0,0.0,0.0,0.0,26.8,69.9,9.0,60.0,47.1,37.5,20190522-quarter-ending-dec-31-2018.pdf,Apr-Jun,,reported_all_zero
Lafayette,2018,2,0.0,0.0,0.0,0.0,0.0,0.0,26.8,69.9,9.0,60.0,47.1,37.5,20190522-quarter-ending-dec-31-2018.pdf,Apr-Jun,,reported_all_zero
Lake,2018,2,23.2,48.2,22.0,33.6,68.9,38.8,26.8,69.9,9.0,60.0,47.1,37.5,20190522-quarter-ending-dec-31-2018.pdf,Apr-Jun,,reported
Lee,2018,2,29.6,72.3,81.0,66.7,44.4,51.7,26.8,69.9,9.0,60.0,47.1,37.5,20190522-quarter-ending-dec-31-2018.pdf,Apr-Jun,,reported
Leon,2018,2,26.5,49.6,52.0,39.3,67.5,45.0,26.8,69.9,9.0,60.0,47.1,37.5,20190522-quarter-ending-dec-31-2018.pdf,Apr-Jun,,reported
Levy,2018,2,35.5,63.5,2.0,56.5,62.8,44.6,26.8,69.9,9.0,60.0,47.1,37.5,20190522-quarter-ending-dec-31-2018.pdf,Apr-Jun,,reported
Liberty,2018,2,25.3,69.3,3.0,60.0,42.2,34.0,26.8,69.9,9.0,60.0,47.1,37.5,20190522-quarter-ending-dec-31-2018.pdf,Apr-Jun,,reported
Madison,2018,2,6.0,107.0,1.0,101.0,5.9,40.4,26.8,69.9,9.0,60.0,47.1,37.5,20190522-quarter-ending-dec-31-2018.pdf,Apr-Jun,,reported
Manatee,2018,2,34.4,76.4,28.0,64.5,53.2,33.6,26.8,69.9,9.0,60.0,47.1,37.5,20190522-quarter-ending-dec-31-2018.pdf,Apr-Jun,,reported
Marion,2018,2,24.1,75.4,36.0,66.1,36.5,36.7,26.8,69.9,9.0,60.0,47.1,37.5,20190522-quarter-ending-dec-31-2018.pdf,Apr-Jun,,reported
Martin,2018,2,51.7,180.9,9.0,141.8,36.4,49.5,26.8,69.9,9.0,60.0,47.1,37.5,20190522-quarter-ending-dec-31-2018.pdf,Apr-Jun,,reported
Miami-Dade,2018,2,45.8,117.0,188.0,94.8,48.4,33.2,26.8,69.9,9.0,60.0,47.1,37.5,20190522-quarter-ending-dec-31-2018.pdf,Apr-Jun,,reported
Monroe,2018,2,24.5,65.0,13.0,51.6,47.4,25.3,26.8,69.9,9.0,60.0,47.1,37.5,20190522-quarter-ending-dec-31-2018.pdf,Apr-Jun,,reported
Nassau,2018,2,30.5,240.5,2.0,230.5,13.2,39.6,26.8,69.9,9.0,60.0,47.1,37.5,20190522-quarter-ending-dec-31-2018.pdf,Apr-Jun,,reported
Okaloosa,2018,2,37.2,93.6,9.0,75.6,49.3,53.4,26.8,69.9,9.0,60.0,47.1,37.5,20190522-quarter-ending-dec-31-2018.pdf,Apr-Jun,,reported
Okeechobee,2018,2,62.4,237.2,5.0,178.8,34.9,18.6,26.8,69.9,9.0,60.0,47.1,37.5,20190522-quarter-ending-dec-31-2018.pdf,Apr-Jun,,reported
Orange,2018,2,35.4,74.9,130.0,59.3,59.6,55.2,26.8,69.9,9.0,60.0,47.1,37.5,20190522-quarter-ending-dec-31-2018.pdf,Apr-Jun,,reported
Osceola,2018,2,31.4,95.8,33.0,82.7,37.9,73.1,26.8,69.9,9.0,60.0,47.1,37.5,20190522-quarter-ending-dec-31-2018.pdf,Apr-Jun,,reported
Palm Beach,2018,2,37.8,92.0,147.0,73.7,51.3,30.0,26.8,69.9,9.0,60.0,47.1,37.5,20190522-quarter-ending-dec-31-2018.pdf,Apr-Jun,,reported
Pasco,2018,2,30.9,69.9,32.0,59.7,51.8,28.7,26.8,69.9,9.0,60.0,47.1,37.5,20190522-quarter-ending-dec-31-2018.pdf,Apr-Jun,,reported
Pinellas,2018,2,34.8,82.7,85.0,74.5,46.7,44.4,26.8,69.9,9.0,60.0,47.1,37.5,20190522-quarter-ending-dec-31-2018.pdf,Apr-Jun,,reported
Polk,2018,2,28.7,45.6,118.0,36.7,78.3,48.2,26.8,69.9,9.0,60.0,47.1,37.5,20190522-quarter-ending-dec-31-2018.pdf,Apr-Jun,,reported
Putnam,2018,2,37.0,95.6,5.0,78.6,47.1,26.0,26.8,69.9,9.0,60.0,47.1,37.5,20190522-quarter-ending-dec-31-2018.pdf,Apr-Jun,,reported
Santa Rosa,2018,2,35.9,44.7,31.0,38.8,92.5,35.1,26.8,69.9,9.0,60.0,47.1,37.5,20190522-quarter-ending-dec-31-2018.pdf,Apr-Jun,,reported
Sarasota,2018,2,36.5,101.7,64.0,64.4,56.7,37.5,26.8,69.9,9.0,60.0,47.1,37.5,20190522-quarter-ending-dec-31-2018.pdf,Apr-Jun,,reported
Seminole,2018,2,32.0,80.8,28.0,69.6,45.9,68.1,26.8,69.9,9.0,60.0,47.1,37.5,20190522-quarter-ending-dec-31-2018.pdf,Apr-Jun,,reported
St. Johns,2018,2,20.8,73.6,5.0,70.8,29.4,37.8,26.8,69.9,9.0,60.0,47.1,37.5,20190522-quarter-ending-dec-31-2018.pdf,Apr-Jun,,reported
St. Lucie,2018,2,49.1,174.8,19.0,145.3,33.8,38.8,26.8,69.9,9.0,60.0,47.1,37.5,20190522-quarter-ending-dec-31-2018.pdf,Apr-Jun,,reported
Sumter,2018,2,18.2,40.5,12.0,32.3,56.3,21.5,26.8,69.9,9.0,60.0,47.1,37.5,20190522-quarter-ending-dec-31-2018.pdf,Apr-Jun,,reported
Suwannee,2018,2,8.6,60.8,5.0,48.2,17.8,37.1,26.8,69.9,9.0,60.0,47.1,37.5,20190522-quarter-ending-dec-31-2018.pdf,Apr-Jun,,reported
Taylor,2018,2,31.3,36.7,3.0,31.3,100.0,44.6,26.8,69.9,9.0,60.0,47.1,37.5,20190522-quarter-ending-dec-31-2018.pdf,Apr-Jun,,reported
Union,2018,2,38.5,85.5,4.0,74.5,51.7,38.5,26.8,69.9,9.0,60.0,47.1,37.5,20190522-quarter-ending-dec-31-2018.pdf,Apr-Jun,,reported
Volusia,2018,2,30.6,49.7,38.0,46.2,66.2,46.9,26.8,69.9,9.0,60.0,47.1,37.5,20190522-quarter-ending-dec-31-2018.pdf,Apr-Jun,,reported
Wakulla,2018,2,32.7,39.7,3.0,32.7,100.0,56.3,26.8,69.9,9.0,60.0,47.1,37.5,20190522-quarter-ending-dec-31-2018.pdf,Apr-Jun,,reported
Walton,2018,2,20.8,48.3,4.0,34.0,61.0,31.1,26.8,69.9,9.0,60.0,47.1,37.5,20190522-quarter-ending-dec-31-2018.pdf,Apr-Jun,,reported
Washington,2018,2,5.0,44.0,4.0,37.3,13.4,37.3,26.8,69.9,9.0,60.0,47.1,37.5,20190522-quarter-ending-dec-31-2018.pdf,Apr-Jun,,reported
Alachua,2018,3,32.4,51.9,31.0,40.0,80.8,23.1,28.1,61.7,6.0,54.5,47.1,38.4,20190522-quarter-ending-dec-31-2018.pdf,Jul-Sep,,reported
Baker,2018,3,13.3,63.0,3.0,63.0,21.2,40.8,28.1,61.7,6.0,54.5,47.1,38.4,20190522-quarter-ending-dec-31-2018.pdf,Jul-Sep,,reported
Bay,2018,3,21.7,34.7,43.0,27.6,78.5,43.7,28.1,61.7,6.0,54.5,47.1,38.4,20190522-quarter-ending-dec-31-2018.pdf,Jul-Sep,,reported
Bradford,2018,3,7.0,42.0,4.0,33.3,21.1,42.9,28.1,61.7,6.0,54.5,47.1,38.4,20190522-quarter-ending-dec-31-2018.pdf,Jul-Sep,,reported
Brevard,2018,3,47.9,130.1,38.0,102.7,46.7,43.2,28.1,61.7,6.0,54.5,47.1,38.4,20190522-quarter-ending-dec-31-2018.pdf,Jul-Sep,,reported
Broward,2018,3,38.8,101.2,131.0,80.5,48.2,42.0,28.1,61.7,6.0,54.5,47.1,38.4,20190522-quarter-ending-dec-31-2018.pdf,Jul-Sep,,reported
Calhoun,2018,3,0.0,0.0,0.0,0.0,0.0,0.0,28.1,61.7,6.0,54.5,47.1,38.4,20190522-quarter-ending-dec-31-2018.pdf,Jul-Sep,,reported_all_zero
Charlotte,2018,3,24.5,53.8,16.0,53.8,45.6,112.0,28.1,61.7,6.0,54.5,47.1,38.4,20190522-quarter-ending-dec-31-2018.pdf,Jul-Sep,summoning_yield_gt_100_reported; ,reported
Citrus,2018,3,11.0,28.2,21.0,26.2,42.2,29.8,28.1,61.7,6.0,54.5,47.1,38.4,20190522-quarter-ending-dec-31-2018.pdf,Jul-Sep,,reported
Clay,2018,3,22.5,42.5,2.0,39.0,57.7,58.1,28.1,61.7,6.0,54.5,47.1,38.4,20190522-quarter-ending-dec-31-2018.pdf,Jul-Sep,,reported
Collier,2018,3,20.2,66.7,19.0,62.7,32.2,53.2,28.1,61.7,6.0,54.5,47.1,38.4,20190522-quarter-ending-dec-31-2018.pdf,Jul-Sep,,reported
Columbia,2018,3,51.3,55.8,4.0,55.8,91.9,37.2,28.1,61.7,6.0,54.5,47.1,38.4,20190522-quarter-ending-dec-31-2018.pdf,Jul-Sep,,reported
DeSoto,2018,3,26.0,44.5,2.0,44.5,58.4,3.9,28.1,61.7,6.0,54.5,47.1,38.4,20190522-quarter-ending-dec-31-2018.pdf,Jul-Sep,,reported
Dixie,2018,3,0.0,0.0,0.0,0.0,0.0,22.7,28.1,61.7,6.0,54.5,47.1,38.4,20190522-quarter-ending-dec-31-2018.pdf,Jul-Sep,,reported
Duval,2018,3,37.6,79.4,59.0,61.9,60.7,22.9,28.1,61.7,6.0,54.5,47.1,38.4,20190522-quarter-ending-dec-31-2018.pdf,Jul-Sep,,reported
Escambia,2018,3,31.8,51.4,67.0,40.2,79.0,29.1,28.1,61.7,6.0,54.5,47.1,38.4,20190522-quarter-ending-dec-31-2018.pdf,Jul-Sep,,reported
Flagler,2018,3,25.0,63.2,6.0,54.5,45.9,33.5,28.1,61.7,6.0,54.5,47.1,38.4,20190522-quarter-ending-dec-31-2018.pdf,Jul-Sep,,reported
Franklin,2018,3,0.0,0.0,0.0,0.0,0.0,45.7,28.1,61.7,6.0,54.5,47.1,38.4,20190522-quarter-ending-dec-31-2018.pdf,Jul-Sep,,reported
Gadsden,2018,3,24.0,55.6,10.0,44.4,54.1,41.7,28.1,61.7,6.0,54.5,47.1,38.4,20190522-quarter-ending-dec-31-2018.pdf,Jul-Sep,,reported
Gilchrist,2018,3,0.0,0.0,0.0,0.0,0.0,0.0,28.1,61.7,6.0,54.5,47.1,38.4,20190522-quarter-ending-dec-31-2018.pdf,Jul-Sep,,reported_all_zero
Glades,2018,3,0.0,0.0,0.0,0.0,0.0,0.0,28.1,61.7,6.0,54.5,47.1,38.4,20190522-quarter-ending-dec-31-2018.pdf,Jul-Sep,,reported_all_zero
Gulf,2018,3,34.0,70.5,2.0,56.5,60.2,39.4,28.1,61.7,6.0,54.5,47.1,38.4,20190522-quarter-ending-dec-31-2018.pdf,Jul-Sep,,reported
Hamilton,2018,3,0.0,0.0,0.0,0.0,0.0,16.4,28.1,61.7,6.0,54.5,47.1,38.4,20190522-quarter-ending-dec-31-2018.pdf,Jul-Sep,,reported
Hardee,2018,3,0.0,0.0,0.0,0.0,0.0,79.5,28.1,61.7,6.0,54.5,47.1,38.4,20190522-quarter-ending-dec-31-2018.pdf,Jul-Sep,,reported
Hendry,2018,3,33.8,33.8,4.0,33.8,100.0,43.3,28.1,61.7,6.0,54.5,47.1,38.4,20190522-quarter-ending-dec-31-2018.pdf,Jul-Sep,,reported
Hernando,2018,3,44.8,112.3,6.0,84.8,52.8,56.9,28.1,61.7,6.0,54.5,47.1,38.4,20190522-quarter-ending-dec-31-2018.pdf,Jul-Sep,,reported
Highlands,2018,3,26.6,67.6,5.0,52.2,51.0,24.2,28.1,61.7,6.0,54.5,47.1,38.4,20190522-quarter-ending-dec-31-2018.pdf,Jul-Sep,,reported
Hillsborough,2018,3,39.5,78.4,91.0,64.2,61.5,32.1,28.1,61.7,6.0,54.5,47.1,38.4,20190522-quarter-ending-dec-31-2018.pdf,Jul-Sep,,reported
Holmes,2018,3,21.0,61.0,1.0,54.0,38.9,32.4,28.1,61.7,6.0,54.5,47.1,38.4,20190522-quarter-ending-dec-31-2018.pdf,Jul-Sep,,reported
Indian River,2018,3,31.5,98.4,10.0,70.2,44.9,53.3,28.1,61.7,6.0,54.5,47.1,38.4,20190522-quarter-ending-dec-31-2018.pdf,Jul-Sep,,reported
Jackson,2018,3,7.0,91.0,1.0,84.0,8.3,48.0,28.1,61.7,6.0,54.5,47.1,38.4,20190522-quarter-ending-dec-31-2018.pdf,Jul-Sep,,reported
Jefferson,2018,3,0.0,0.0,0.0,0.0,0.0,44.8,28.1,61.7,6.0,54.5,47.1,38.4,20190522-quarter-ending-dec-31-2018.pdf,Jul-Sep,,reported
Lafayette,2018,3,0.0,0.0,0.0,0.0,0.0,0.0,28.1,61.7,6.0,54.5,47.1,38.4,20190522-quarter-ending-dec-31-2018.pdf,Jul-Sep,,reported_all_zero
Lake,2018,3,23.6,42.3,20.0,33.7,70.0,35.1,28.1,61.7,6.0,54.5,47.1,38.4,20190522-quarter-ending-dec-31-2018.pdf,Jul-Sep,,reported
Lee,2018,3,30.0,87.3,56.0,80.4,37.2,48.5,28.1,61.7,6.0,54.5,47.1,38.4,20190522-quarter-ending-dec-31-2018.pdf,Jul-Sep,,reported
Leon,2018,3,32.2,58.1,45.0,43.9,73.5,44.5,28.1,61.7,6.0,54.5,47.1,38.4,20190522-quarter-ending-dec-31-2018.pdf,Jul-Sep,,reported
Levy,2018,3,7.0,117.0,4.0,58.5,12.0,38.4,28.1,61.7,6.0,54.5,47.1,38.4,20190522-quarter-ending-dec-31-2018.pdf,Jul-Sep,,reported
Liberty,2018,3,30.7,60.7,3.0,53.7,57.1,34.8,28.1,61.7,6.0,54.5,47.1,38.4,20190522-quarter-ending-dec-31-2018.pdf,Jul-Sep,,reported
Madison,2018,3,21.0,45.0,1.0,45.0,46.7,50.0,28.1,61.7,6.0,54.5,47.1,38.4,20190522-quarter-ending-dec-31-2018.pdf,Jul-Sep,,reported
Manatee,2018,3,36.7,83.0,19.0,73.1,50.2,35.4,28.1,61.7,6.0,54.5,47.1,38.4,20190522-quarter-ending-dec-31-2018.pdf,Jul-Sep,,reported
Marion,2018,3,28.1,76.6,34.0,66.0,42.5,34.4,28.1,61.7,6.0,54.5,47.1,38.4,20190522-quarter-ending-dec-31-2018.pdf,Jul-Sep,,reported
Martin,2018,3,117.2,204.2,5.0,192.6,60.9,60.7,28.1,61.7,6.0,54.5,47.1,38.4,20190522-quarter-ending-dec-31-2018.pdf,Jul-Sep,,reported
Miami-Dade,2018,3,43.5,97.3,170.0,81.3,53.5,32.2,28.1,61.7,6.0,54.5,47.1,38.4,20190522-quarter-ending-dec-31-2018.pdf,Jul-Sep,,reported
Monroe,2018,3,39.3,125.5,4.0,99.8,39.3,41.1,28.1,61.7,6.0,54.5,47.1,38.4,20190522-quarter-ending-dec-31-2018.pdf,Jul-Sep,,reported
Nassau,2018,3,18.0,422.0,1.0,422.0,4.3,40.4,28.1,61.7,6.0,54.5,47.1,38.4,20190522-quarter-ending-dec-31-2018.pdf,Jul-Sep,,reported
Okaloosa,2018,3,53.1,85.9,7.0,77.1,68.9,51.1,28.1,61.7,6.0,54.5,47.1,38.4,20190522-quarter-ending-dec-31-2018.pdf,Jul-Sep,,reported
Okeechobee,2018,3,36.7,101.6,7.0,83.4,44.0,19.6,28.1,61.7,6.0,54.5,47.1,38.4,20190522-quarter-ending-dec-31-2018.pdf,Jul-Sep,,reported
Orange,2018,3,31.4,83.3,83.0,73.9,42.5,60.0,28.1,61.7,6.0,54.5,47.1,38.4,20190522-quarter-ending-dec-31-2018.pdf,Jul-Sep,,reported
Osceola,2018,3,30.7,71.9,42.0,68.1,45.1,68.3,28.1,61.7,6.0,54.5,47.1,38.4,20190522-quarter-ending-dec-31-2018.pdf,Jul-Sep,,reported
Palm Beach,2018,3,36.2,81.1,134.0,64.9,55.8,26.9,28.1,61.7,6.0,54.5,47.1,38.4,20190522-quarter-ending-dec-31-2018.pdf,Jul-Sep,,reported
Pasco,2018,3,30.7,58.2,38.0,49.8,61.7,33.3,28.1,61.7,6.0,54.5,47.1,38.4,20190522-quarter-ending-dec-31-2018.pdf,Jul-Sep,,reported
Pinellas,2018,3,32.7,82.2,78.0,74.5,43.9,46.0,28.1,61.7,6.0,54.5,47.1,38.4,20190522-quarter-ending-dec-31-2018.pdf,Jul-Sep,,reported
Polk,2018,3,33.5,56.9,84.0,45.1,74.4,42.0,28.1,61.7,6.0,54.5,47.1,38.4,20190522-quarter-ending-dec-31-2018.pdf,Jul-Sep,,reported
Putnam,2018,3,38.8,90.4,5.0,75.4,51.5,30.2,28.1,61.7,6.0,54.5,47.1,38.4,20190522-quarter-ending-dec-31-2018.pdf,Jul-Sep,,reported
Santa Rosa,2018,3,31.4,40.3,30.0,35.2,89.2,37.5,28.1,61.7,6.0,54.5,47.1,38.4,20190522-quarter-ending-dec-31-2018.pdf,Jul-Sep,,reported
Sarasota,2018,3,39.7,71.5,46.0,61.0,65.1,36.2,28.1,61.7,6.0,54.5,47.1,38.4,20190522-quarter-ending-dec-31-2018.pdf,Jul-Sep,,reported
Seminole,2018,3,26.1,86.2,21.0,67.2,38.9,67.9,28.1,61.7,6.0,54.5,47.1,38.4,20190522-quarter-ending-dec-31-2018.pdf,Jul-Sep,,reported
St. Johns,2018,3,29.2,66.5,11.0,39.4,74.1,34.6,28.1,61.7,6.0,54.5,47.1,38.4,20190522-quarter-ending-dec-31-2018.pdf,Jul-Sep,,reported
St. Lucie,2018,3,57.5,165.6,14.0,122.1,47.1,33.6,28.1,61.7,6.0,54.5,47.1,38.4,20190522-quarter-ending-dec-31-2018.pdf,Jul-Sep,,reported
Sumter,2018,3,15.4,29.9,8.0,23.0,66.8,20.4,28.1,61.7,6.0,54.5,47.1,38.4,20190522-quarter-ending-dec-31-2018.pdf,Jul-Sep,,reported
Suwannee,2018,3,7.3,57.0,3.0,54.7,13.4,41.0,28.1,61.7,6.0,54.5,47.1,38.4,20190522-quarter-ending-dec-31-2018.pdf,Jul-Sep,,reported
Taylor,2018,3,49.7,61.7,3.0,49.7,100.0,31.7,28.1,61.7,6.0,54.5,47.1,38.4,20190522-quarter-ending-dec-31-2018.pdf,Jul-Sep,,reported
Union,2018,3,0.0,0.0,0.0,0.0,60.0,29.2,28.1,61.7,6.0,54.5,47.1,38.4,20190522-quarter-ending-dec-31-2018.pdf,Jul-Sep,,reported
Volusia,2018,3,26.4,57.8,30.0,55.3,47.7,49.7,28.1,61.7,6.0,54.5,47.1,38.4,20190522-quarter-ending-dec-31-2018.pdf,Jul-Sep,,reported
Wakulla,2018,3,31.7,31.7,3.0,31.7,100.0,58.3,28.1,61.7,6.0,54.5,47.1,38.4,20190522-quarter-ending-dec-31-2018.pdf,Jul-Sep,,reported
Walton,2018,3,14.0,65.5,4.0,60.3,23.2,30.1,28.1,61.7,6.0,54.5,47.1,38.4,20190522-quarter-ending-dec-31-2018.pdf,Jul-Sep,,reported
Washington,2018,3,7.0,65.5,2.0,55.0,12.7,40.0,28.1,61.7,6.0,54.5,47.1,38.4,20190522-quarter-ending-dec-31-2018.pdf,Jul-Sep,,reported
Alachua,2018,4,32.4,51.0,29.0,40.0,81.1,22.0,30.0,66.3,6.0,54.5,49.1,36.5,20190522-quarter-ending-dec-31-2018.pdf,Oct-Dec,,reported
Baker,2018,4,6.0,101.0,1.0,101.0,5.9,31.0,30.0,66.3,6.0,54.5,49.1,36.5,20190522-quarter-ending-dec-31-2018.pdf,Oct-Dec,,reported
Bay,2018,4,35.0,202.0,1.0,194.0,18.0,51.2,30.0,66.3,6.0,54.5,49.1,36.5,20190522-quarter-ending-dec-31-2018.pdf,Oct-Dec,,reported
Bradford,2018,4,7.0,40.7,7.0,35.7,19.6,43.7,30.0,66.3,6.0,54.5,49.1,36.5,20190522-quarter-ending-dec-31-2018.pdf,Oct-Dec,,reported
Brevard,2018,4,44.2,158.6,36.0,129.5,34.1,42.1,30.0,66.3,6.0,54.5,49.1,36.5,20190522-quarter-ending-dec-31-2018.pdf,Oct-Dec,,reported
Broward,2018,4,60.4,101.8,157.0,73.4,82.2,37.5,30.0,66.3,6.0,54.5,49.1,36.5,20190522-quarter-ending-dec-31-2018.pdf,Oct-Dec,,reported
Calhoun,2018,4,0.0,0.0,0.0,0.0,0.0,0.0,30.0,66.3,6.0,54.5,49.1,36.5,20190522-quarter-ending-dec-31-2018.pdf,Oct-Dec,,reported_all_zero
Charlotte,2018,4,31.1,55.6,17.0,55.0,56.6,110.5,30.0,66.3,6.0,54.5,49.1,36.5,20190522-quarter-ending-dec-31-2018.pdf,Oct-Dec,summoning_yield_gt_100_reported; ,reported
Citrus,2018,4,14.7,85.7,6.0,78.7,18.6,39.5,30.0,66.3,6.0,54.5,49.1,36.5,20190522-quarter-ending-dec-31-2018.pdf,Oct-Dec,,reported
Clay,2018,4,0.0,0.0,0.0,0.0,0.0,0.0,30.0,66.3,6.0,54.5,49.1,36.5,20190522-quarter-ending-dec-31-2018.pdf,Oct-Dec,,reported_all_zero
Collier,2018,4,24.1,49.8,27.0,45.5,53.1,58.4,30.0,66.3,6.0,54.5,49.1,36.5,20190522-quarter-ending-dec-31-2018.pdf,Oct-Dec,,reported
Columbia,2018,4,51.0,91.0,2.0,91.0,56.0,51.2,30.0,66.3,6.0,54.5,49.1,36.5,20190522-quarter-ending-dec-31-2018.pdf,Oct-Dec,,reported
DeSoto,2018,4,32.0,180.7,3.0,30.7,104.3,7.9,30.0,66.3,6.0,54.5,49.1,36.5,20190522-quarter-ending-dec-31-2018.pdf,Oct-Dec,percent_to_voir_dire_gt_100_reported; ,reported
Dixie,2018,4,30.0,47.0,1.0,47.0,63.8,23.5,30.0,66.3,6.0,54.5,49.1,36.5,20190522-quarter-ending-dec-31-2018.pdf,Oct-Dec,,reported
Duval,2018,4,35.5,79.9,57.0,64.9,54.7,30.0,30.0,66.3,6.0,54.5,49.1,36.5,20190522-quarter-ending-dec-31-2018.pdf,Oct-Dec,,reported
Escambia,2018,4,27.4,43.8,69.0,34.6,79.4,32.5,30.0,66.3,6.0,54.5,49.1,36.5,20190522-quarter-ending-dec-31-2018.pdf,Oct-Dec,,reported
Flagler,2018,4,31.8,53.3,8.0,39.1,81.2,47.2,30.0,66.3,6.0,54.5,49.1,36.5,20190522-quarter-ending-dec-31-2018.pdf,Oct-Dec,,reported
Franklin,2018,4,0.0,0.0,0.0,0.0,0.0,70.5,30.0,66.3,6.0,54.5,49.1,36.5,20190522-quarter-ending-dec-31-2018.pdf,Oct-Dec,,reported
Gadsden,2018,4,20.0,68.0,3.0,63.3,31.6,36.3,30.0,66.3,6.0,54.5,49.1,36.5,20190522-quarter-ending-dec-31-2018.pdf,Oct-Dec,,reported
Gilchrist,2018,4,0.0,0.0,0.0,0.0,0.0,37.1,30.0,66.3,6.0,54.5,49.1,36.5,20190522-quarter-ending-dec-31-2018.pdf,Oct-Dec,,reported
Glades,2018,4,0.0,0.0,0.0,0.0,0.0,0.0,30.0,66.3,6.0,54.5,49.1,36.5,20190522-quarter-ending-dec-31-2018.pdf,Oct-Dec,,reported_all_zero
Gulf,2018,4,0.0,0.0,0.0,0.0,0.0,0.0,30.0,66.3,6.0,54.5,49.1,36.5,20190522-quarter-ending-dec-31-2018.pdf,Oct-Dec,,reported_all_zero
Hamilton,2018,4,72.0,72.0,1.0,72.0,100.0,24.0,30.0,66.3,6.0,54.5,49.1,36.5,20190522-quarter-ending-dec-31-2018.pdf,Oct-Dec,,reported
Hardee,2018,4,7.0,182.0,1.0,168.0,4.2,47.6,30.0,66.3,6.0,54.5,49.1,36.5,20190522-quarter-ending-dec-31-2018.pdf,Oct-Dec,,reported
Hendry,2018,4,42.8,42.8,5.0,42.8,100.0,36.5,30.0,66.3,6.0,54.5,49.1,36.5,20190522-quarter-ending-dec-31-2018.pdf,Oct-Dec,,reported
Hernando,2018,4,43.9,58.8,15.0,48.8,90.0,59.7,30.0,66.3,6.0,54.5,49.1,36.5,20190522-quarter-ending-dec-31-2018.pdf,Oct-Dec,,reported
Highlands,2018,4,22.5,38.1,8.0,29.4,76.6,25.3,30.0,66.3,6.0,54.5,49.1,36.5,20190522-quarter-ending-dec-31-2018.pdf,Oct-Dec,,reported
Hillsborough,2018,4,39.0,88.6,78.0,74.6,52.3,32.8,30.0,66.3,6.0,54.5,49.1,36.5,20190522-quarter-ending-dec-31-2018.pdf,Oct-Dec,,reported
Holmes,2018,4,21.0,68.0,1.0,61.0,34.4,27.1,30.0,66.3,6.0,54.5,49.1,36.5,20190522-quarter-ending-dec-31-2018.pdf,Oct-Dec,,reported
Indian River,2018,4,45.9,103.0,8.0,76.3,60.2,48.0,30.0,66.3,6.0,54.5,49.1,36.5,20190522-quarter-ending-dec-31-2018.pdf,Oct-Dec,,reported
Jackson,2018,4,0.0,0.0,0.0,0.0,0.0,0.0,30.0,66.3,6.0,54.5,49.1,36.5,20190522-quarter-ending-dec-31-2018.pdf,Oct-Dec,,reported_all_zero
Jefferson,2018,4,7.0,28.5,2.0,28.5,24.6,38.0,30.0,66.3,6.0,54.5,49.1,36.5,20190522-quarter-ending-dec-31-2018.pdf,Oct-Dec,,reported
Lafayette,2018,4,0.0,0.0,0.0,0.0,0.0,52.0,30.0,66.3,6.0,54.5,49.1,36.5,20190522-quarter-ending-dec-31-2018.pdf,Oct-Dec,,reported
Lake,2018,4,40.9,92.6,16.0,55.5,73.6,35.1,30.0,66.3,6.0,54.5,49.1,36.5,20190522-quarter-ending-dec-31-2018.pdf,Oct-Dec,,reported
Lee,2018,4,33.7,93.0,61.0,84.3,39.9,51.8,30.0,66.3,6.0,54.5,49.1,36.5,20190522-quarter-ending-dec-31-2018.pdf,Oct-Dec,,reported
Leon,2018,4,31.4,53.8,34.0,44.3,70.8,42.1,30.0,66.3,6.0,54.5,49.1,36.5,20190522-quarter-ending-dec-31-2018.pdf,Oct-Dec,,reported
Levy,2018,4,26.0,48.8,5.0,33.8,76.9,40.4,30.0,66.3,6.0,54.5,49.1,36.5,20190522-quarter-ending-dec-31-2018.pdf,Oct-Dec,,reported
Liberty,2018,4,0.0,0.0,0.0,0.0,0.0,71.2,30.0,66.3,6.0,54.5,49.1,36.5,20190522-quarter-ending-dec-31-2018.pdf,Oct-Dec,,reported
Madison,2018,4,6.0,97.0,1.0,91.0,6.6,36.4,30.0,66.3,6.0,54.5,49.1,36.5,20190522-quarter-ending-dec-31-2018.pdf,Oct-Dec,,reported
Manatee,2018,4,33.9,59.2,35.0,49.4,68.7,35.8,30.0,66.3,6.0,54.5,49.1,36.5,20190522-quarter-ending-dec-31-2018.pdf,Oct-Dec,,reported
Marion,2018,4,29.9,105.3,24.0,86.9,34.4,33.3,30.0,66.3,6.0,54.5,49.1,36.5,20190522-quarter-ending-dec-31-2018.pdf,Oct-Dec,,reported
Martin,2018,4,75.5,208.0,6.0,177.2,42.6,44.7,30.0,66.3,6.0,54.5,49.1,36.5,20190522-quarter-ending-dec-31-2018.pdf,Oct-Dec,,reported
Miami-Dade,2018,4,46.4,101.0,164.0,81.6,56.8,32.0,30.0,66.3,6.0,54.5,49.1,36.5,20190522-quarter-ending-dec-31-2018.pdf,Oct-Dec,,reported
Monroe,2018,4,25.1,75.3,15.0,65.1,38.5,18.0,30.0,66.3,6.0,54.5,49.1,36.5,20190522-quarter-ending-dec-31-2018.pdf,Oct-Dec,,reported
Nassau,2018,4,35.0,455.0,1.0,431.0,8.1,39.6,30.0,66.3,6.0,54.5,49.1,36.5,20190522-quarter-ending-dec-31-2018.pdf,Oct-Dec,,reported
Okaloosa,2018,4,37.3,60.6,14.0,46.8,79.7,50.2,30.0,66.3,6.0,54.5,49.1,36.5,20190522-quarter-ending-dec-31-2018.pdf,Oct-Dec,,reported
Okeechobee,2018,4,40.0,115.3,3.0,108.0,37.0,17.8,30.0,66.3,6.0,54.5,49.1,36.5,20190522-quarter-ending-dec-31-2018.pdf,Oct-Dec,,reported
Orange,2018,4,34.5,73.4,99.0,59.2,58.2,59.6,30.0,66.3,6.0,54.5,49.1,36.5,20190522-quarter-ending-dec-31-2018.pdf,Oct-Dec,,reported
Osceola,2018,4,35.1,94.9,30.0,88.8,39.5,66.2,30.0,66.3,6.0,54.5,49.1,36.5,20190522-quarter-ending-dec-31-2018.pdf,Oct-Dec,,reported
Palm Beach,2018,4,42.2,100.4,119.0,79.7,52.9,32.2,30.0,66.3,6.0,54.5,49.1,36.5,20190522-quarter-ending-dec-31-2018.pdf,Oct-Dec,,reported
Pasco,2018,4,29.9,47.1,35.0,40.1,74.5,34.2,30.0,66.3,6.0,54.5,49.1,36.5,20190522-quarter-ending-dec-31-2018.pdf,Oct-Dec,,reported
Pinellas,2018,4,32.4,93.6,74.0,83.0,39.0,46.6,30.0,66.3,6.0,54.5,49.1,36.5,20190522-quarter-ending-dec-31-2018.pdf,Oct-Dec,,reported
Polk,2018,4,29.9,48.2,105.0,38.1,78.4,45.4,30.0,66.3,6.0,54.5,49.1,36.5,20190522-quarter-ending-dec-31-2018.pdf,Oct-Dec,,reported
Putnam,2018,4,33.6,58.2,5.0,48.0,70.0,24.4,30.0,66.3,6.0,54.5,49.1,36.5,20190522-quarter-ending-dec-31-2018.pdf,Oct-Dec,,reported
Santa Rosa,2018,4,56.3,66.3,20.0,61.6,91.5,38.3,30.0,66.3,6.0,54.5,49.1,36.5,20190522-quarter-ending-dec-31-2018.pdf,Oct-Dec,,reported
Sarasota,2018,4,26.0,62.6,54.0,46.1,56.3,41.6,30.0,66.3,6.0,54.5,49.1,36.5,20190522-quarter-ending-dec-31-2018.pdf,Oct-Dec,,reported
Seminole,2018,4,30.1,79.8,27.0,70.7,42.6,60.8,30.0,66.3,6.0,54.5,49.1,36.5,20190522-quarter-ending-dec-31-2018.pdf,Oct-Dec,,reported
St. Johns,2018,4,27.8,77.2,6.0,54.5,51.1,36.3,30.0,66.3,6.0,54.5,49.1,36.5,20190522-quarter-ending-dec-31-2018.pdf,Oct-Dec,,reported
St. Lucie,2018,4,48.7,108.7,19.0,91.0,53.5,31.7,30.0,66.3,6.0,54.5,49.1,36.5,20190522-quarter-ending-dec-31-2018.pdf,Oct-Dec,,reported
Sumter,2018,4,16.6,32.3,14.0,24.6,67.7,22.4,30.0,66.3,6.0,54.5,49.1,36.5,20190522-quarter-ending-dec-31-2018.pdf,Oct-Dec,,reported
Suwannee,2018,4,7.0,36.8,4.0,29.8,23.5,42.0,30.0,66.3,6.0,54.5,49.1,36.5,20190522-quarter-ending-dec-31-2018.pdf,Oct-Dec,,reported
Taylor,2018,4,120.0,182.0,1.0,182.0,65.9,34.3,30.0,66.3,6.0,54.5,49.1,36.5,20190522-quarter-ending-dec-31-2018.pdf,Oct-Dec,,reported
Union,2018,4,31.5,86.5,2.0,68.0,46.3,46.3,30.0,66.3,6.0,54.5,49.1,36.5,20190522-quarter-ending-dec-31-2018.pdf,Oct-Dec,,reported
Volusia,2018,4,26.6,57.9,24.0,54.2,49.1,47.9,30.0,66.3,6.0,54.5,49.1,36.5,20190522-quarter-ending-dec-31-2018.pdf,Oct-Dec,,reported
Wakulla,2018,4,0.0,0.0,0.0,0.0,0.0,0.0,30.0,66.3,6.0,54.5,49.1,36.5,20190522-quarter-ending-dec-31-2018.pdf,Oct-Dec,,reported_all_zero
Walton,2018,4,19.3,121.0,3.0,116.3,16.6,29.1,30.0,66.3,6.0,54.5,49.1,36.5,20190522-quarter-ending-dec-31-2018.pdf,Oct-Dec,,reported
Washington,2018,4,0.0,0.0,0.0,0.0,0.0,0.0,30.0,66.3,6.0,54.5,49.1,36.5,20190522-quarter-ending-dec-31-2018.pdf,Oct-Dec,,reported_all_zero
Alachua,2019,1,40.8,62.2,26.0,47.1,86.8,24.3,29.6,65.2,7.0,56.0,44.4,35.0,20200601_20200327_Quarter_Ending_December_31_2019.pdf,Jan-Mar,,reported
Baker,2019,1,9.3,133.7,3.0,80.0,11.7,28.4,29.6,65.2,7.0,56.0,44.4,35.0,20200601_20200327_Quarter_Ending_December_31_2019.pdf,Jan-Mar,,reported
Bay,2019,1,25.1,44.6,25.0,38.2,65.8,34.6,29.6,65.2,7.0,56.0,44.4,35.0,20200601_20200327_Quarter_Ending_December_31_2019.pdf,Jan-Mar,,reported
Bradford,2019,1,6.0,35.1,7.0,30.1,19.9,39.4,29.6,65.2,7.0,56.0,44.4,35.0,20200601_20200327_Quarter_Ending_December_31_2019.pdf,Jan-Mar,,reported
Brevard,2019,1,48.4,160.4,36.0,128.0,37.8,38.6,29.6,65.2,7.0,56.0,44.4,35.0,20200601_20200327_Quarter_Ending_December_31_2019.pdf,Jan-Mar,,reported
Broward,2019,1,40.5,84.8,193.0,62.1,65.1,39.3,29.6,65.2,7.0,56.0,44.4,35.0,20200601_20200327_Quarter_Ending_December_31_2019.pdf,Jan-Mar,,reported
Calhoun,2019,1,0.0,0.0,0.0,0.0,0.0,0.0,29.6,65.2,7.0,56.0,44.4,35.0,20200601_20200327_Quarter_Ending_December_31_2019.pdf,Jan-Mar,,reported_all_zero
Charlotte,2019,1,24.1,50.5,19.0,50.5,47.8,148.1,29.6,65.2,7.0,56.0,44.4,35.0,20200601_20200327_Quarter_Ending_December_31_2019.pdf,Jan-Mar,summoning_yield_gt_100_reported; ,reported
Citrus,2019,1,21.0,33.9,19.0,27.4,76.7,34.6,29.6,65.2,7.0,56.0,44.4,35.0,20200601_20200327_Quarter_Ending_December_31_2019.pdf,Jan-Mar,,reported
Clay,2019,1,0.0,0.0,0.0,0.0,0.0,0.0,29.6,65.2,7.0,56.0,44.4,35.0,20200601_20200327_Quarter_Ending_December_31_2019.pdf,Jan-Mar,,reported_all_zero
Collier,2019,1,31.5,100.3,26.0,83.4,37.7,147.0,29.6,65.2,7.0,56.0,44.4,35.0,20200601_20200327_Quarter_Ending_December_31_2019.pdf,Jan-Mar,summoning_yield_gt_100_reported; ,reported
Columbia,2019,1,42.2,44.6,5.0,44.6,94.6,51.5,29.6,65.2,7.0,56.0,44.4,35.0,20200601_20200327_Quarter_Ending_December_31_2019.pdf,Jan-Mar,,reported
DeSoto,2019,1,25.0,81.0,1.0,81.0,30.9,27.3,29.6,65.2,7.0,56.0,44.4,35.0,20200601_20200327_Quarter_Ending_December_31_2019.pdf,Jan-Mar,,reported
Dixie,2019,1,0.0,0.0,0.0,0.0,0.0,0.0,29.6,65.2,7.0,56.0,44.4,35.0,20200601_20200327_Quarter_Ending_December_31_2019.pdf,Jan-Mar,,reported_all_zero
Duval,2019,1,37.8,78.9,60.0,65.4,57.8,26.5,29.6,65.2,7.0,56.0,44.4,35.0,20200601_20200327_Quarter_Ending_December_31_2019.pdf,Jan-Mar,,reported
Escambia,2019,1,29.6,46.0,52.0,39.0,75.8,34.4,29.6,65.2,7.0,56.0,44.4,35.0,20200601_20200327_Quarter_Ending_December_31_2019.pdf,Jan-Mar,,reported
Flagler,2019,1,35.7,65.2,6.0,50.2,71.1,40.9,29.6,65.2,7.0,56.0,44.4,35.0,20200601_20200327_Quarter_Ending_December_31_2019.pdf,Jan-Mar,,reported
Franklin,2019,1,18.0,40.5,2.0,40.5,44.4,27.0,29.6,65.2,7.0,56.0,44.4,35.0,20200601_20200327_Quarter_Ending_December_31_2019.pdf,Jan-Mar,,reported
Gadsden,2019,1,29.8,77.8,9.0,62.0,48.0,40.9,29.6,65.2,7.0,56.0,44.4,35.0,20200601_20200327_Quarter_Ending_December_31_2019.pdf,Jan-Mar,,reported
Gilchrist,2019,1,0.0,0.0,0.0,0.0,0.0,0.0,29.6,65.2,7.0,56.0,44.4,35.0,20200601_20200327_Quarter_Ending_December_31_2019.pdf,Jan-Mar,,reported_all_zero
Glades,2019,1,0.0,0.0,0.0,0.0,0.0,0.0,29.6,65.2,7.0,56.0,44.4,35.0,20200601_20200327_Quarter_Ending_December_31_2019.pdf,Jan-Mar,,reported_all_zero
Gulf,2019,1,0.0,0.0,0.0,0.0,0.0,0.0,29.6,65.2,7.0,56.0,44.4,35.0,20200601_20200327_Quarter_Ending_December_31_2019.pdf,Jan-Mar,,reported_all_zero
Hamilton,2019,1,0.0,0.0,0.0,0.0,0.0,24.3,29.6,65.2,7.0,56.0,44.4,35.0,20200601_20200327_Quarter_Ending_December_31_2019.pdf,Jan-Mar,,reported
Hardee,2019,1,7.0,73.0,1.0,66.0,10.6,54.0,29.6,65.2,7.0,56.0,44.4,35.0,20200601_20200327_Quarter_Ending_December_31_2019.pdf,Jan-Mar,,reported
Hendry,2019,1,36.7,36.7,3.0,36.7,100.0,29.3,29.6,65.2,7.0,56.0,44.4,35.0,20200601_20200327_Quarter_Ending_December_31_2019.pdf,Jan-Mar,,reported
Hernando,2019,1,47.1,75.0,10.0,63.2,74.5,84.8,29.6,65.2,7.0,56.0,44.4,35.0,20200601_20200327_Quarter_Ending_December_31_2019.pdf,Jan-Mar,,reported
Highlands,2019,1,21.5,67.5,2.0,60.5,35.5,24.7,29.6,65.2,7.0,56.0,44.4,35.0,20200601_20200327_Quarter_Ending_December_31_2019.pdf,Jan-Mar,,reported
Hillsborough,2019,1,34.2,70.4,102.0,58.6,58.5,34.3,29.6,65.2,7.0,56.0,44.4,35.0,20200601_20200327_Quarter_Ending_December_31_2019.pdf,Jan-Mar,,reported
Holmes,2019,1,21.0,37.5,2.0,27.0,77.8,24.0,29.6,65.2,7.0,56.0,44.4,35.0,20200601_20200327_Quarter_Ending_December_31_2019.pdf,Jan-Mar,,reported
Indian River,2019,1,46.4,131.6,7.0,112.6,41.2,63.3,29.6,65.2,7.0,56.0,44.4,35.0,20200601_20200327_Quarter_Ending_December_31_2019.pdf,Jan-Mar,,reported
Jackson,2019,1,7.0,49.0,2.0,42.0,16.7,42.0,29.6,65.2,7.0,56.0,44.4,35.0,20200601_20200327_Quarter_Ending_December_31_2019.pdf,Jan-Mar,,reported
Jefferson,2019,1,0.0,0.0,0.0,0.0,0.0,35.0,29.6,65.2,7.0,56.0,44.4,35.0,20200601_20200327_Quarter_Ending_December_31_2019.pdf,Jan-Mar,,reported
Lafayette,2019,1,0.0,0.0,0.0,0.0,0.0,19.3,29.6,65.2,7.0,56.0,44.4,35.0,20200601_20200327_Quarter_Ending_December_31_2019.pdf,Jan-Mar,,reported
Lake,2019,1,25.8,53.5,15.0,41.1,62.7,43.0,29.6,65.2,7.0,56.0,44.4,35.0,20200601_20200327_Quarter_Ending_December_31_2019.pdf,Jan-Mar,,reported
Lee,2019,1,30.7,79.5,68.0,72.8,42.1,52.2,29.6,65.2,7.0,56.0,44.4,35.0,20200601_20200327_Quarter_Ending_December_31_2019.pdf,Jan-Mar,,reported
Leon,2019,1,30.4,52.2,47.0,43.2,70.3,44.7,29.6,65.2,7.0,56.0,44.4,35.0,20200601_20200327_Quarter_Ending_December_31_2019.pdf,Jan-Mar,,reported
Levy,2019,1,28.5,45.0,6.0,36.3,78.4,26.7,29.6,65.2,7.0,56.0,44.4,35.0,20200601_20200327_Quarter_Ending_December_31_2019.pdf,Jan-Mar,,reported
Liberty,2019,1,40.0,52.0,1.0,45.0,88.9,30.0,29.6,65.2,7.0,56.0,44.4,35.0,20200601_20200327_Quarter_Ending_December_31_2019.pdf,Jan-Mar,,reported
Madison,2019,1,0.0,0.0,0.0,0.0,0.0,34.0,29.6,65.2,7.0,56.0,44.4,35.0,20200601_20200327_Quarter_Ending_December_31_2019.pdf,Jan-Mar,,reported
Manatee,2019,1,30.4,59.5,31.0,49.5,61.4,34.6,29.6,65.2,7.0,56.0,44.4,35.0,20200601_20200327_Quarter_Ending_December_31_2019.pdf,Jan-Mar,,reported
Marion,2019,1,33.9,87.2,33.0,70.4,48.1,36.2,29.6,65.2,7.0,56.0,44.4,35.0,20200601_20200327_Quarter_Ending_December_31_2019.pdf,Jan-Mar,,reported
Martin,2019,1,32.6,97.1,7.0,85.1,38.3,47.1,29.6,65.2,7.0,56.0,44.4,35.0,20200601_20200327_Quarter_Ending_December_31_2019.pdf,Jan-Mar,,reported
Miami-Dade,2019,1,41.0,76.3,225.0,59.9,68.5,37.7,29.6,65.2,7.0,56.0,44.4,35.0,20200601_20200327_Quarter_Ending_December_31_2019.pdf,Jan-Mar,,reported
Monroe,2019,1,22.1,84.7,13.0,74.3,29.7,31.2,29.6,65.2,7.0,56.0,44.4,35.0,20200601_20200327_Quarter_Ending_December_31_2019.pdf,Jan-Mar,,reported
Nassau,2019,1,19.6,87.6,5.0,82.0,23.9,41.0,29.6,65.2,7.0,56.0,44.4,35.0,20200601_20200327_Quarter_Ending_December_31_2019.pdf,Jan-Mar,,reported
Okaloosa,2019,1,37.4,87.4,8.0,66.5,56.2,49.6,29.6,65.2,7.0,56.0,44.4,35.0,20200601_20200327_Quarter_Ending_December_31_2019.pdf,Jan-Mar,,reported
Okeechobee,2019,1,43.3,183.7,3.0,165.3,26.2,23.3,29.6,65.2,7.0,56.0,44.4,35.0,20200601_20200327_Quarter_Ending_December_31_2019.pdf,Jan-Mar,,reported
Orange,2019,1,34.8,72.1,128.0,58.6,59.4,60.7,29.6,65.2,7.0,56.0,44.4,35.0,20200601_20200327_Quarter_Ending_December_31_2019.pdf,Jan-Mar,,reported
Osceola,2019,1,28.1,92.8,38.0,88.3,31.8,66.7,29.6,65.2,7.0,56.0,44.4,35.0,20200601_20200327_Quarter_Ending_December_31_2019.pdf,Jan-Mar,,reported
Palm Beach,2019,1,41.0,116.0,107.0,92.3,44.4,32.8,29.6,65.2,7.0,56.0,44.4,35.0,20200601_20200327_Quarter_Ending_December_31_2019.pdf,Jan-Mar,,reported
Pasco,2019,1,33.3,56.8,39.0,42.0,79.2,36.8,29.6,65.2,7.0,56.0,44.4,35.0,20200601_20200327_Quarter_Ending_December_31_2019.pdf,Jan-Mar,,reported
Pinellas,2019,1,36.3,83.8,85.0,74.7,48.6,46.1,29.6,65.2,7.0,56.0,44.4,35.0,20200601_20200327_Quarter_Ending_December_31_2019.pdf,Jan-Mar,,reported
Polk,2019,1,30.9,46.9,112.0,34.1,90.5,44.6,29.6,65.2,7.0,56.0,44.4,35.0,20200601_20200327_Quarter_Ending_December_31_2019.pdf,Jan-Mar,,reported
Putnam,2019,1,115.0,225.0,1.0,218.0,52.8,21.8,29.6,65.2,7.0,56.0,44.4,35.0,20200601_20200327_Quarter_Ending_December_31_2019.pdf,Jan-Mar,,reported
Santa Rosa,2019,1,33.0,43.6,24.0,37.1,89.0,38.0,29.6,65.2,7.0,56.0,44.4,35.0,20200601_20200327_Quarter_Ending_December_31_2019.pdf,Jan-Mar,,reported
Sarasota,2019,1,32.8,94.5,28.0,83.5,39.2,42.2,29.6,65.2,7.0,56.0,44.4,35.0,20200601_20200327_Quarter_Ending_December_31_2019.pdf,Jan-Mar,,reported
Seminole,2019,1,28.3,68.3,33.0,55.5,51.0,61.0,29.6,65.2,7.0,56.0,44.4,35.0,20200601_20200327_Quarter_Ending_December_31_2019.pdf,Jan-Mar,,reported
St. Johns,2019,1,45.0,124.6,5.0,103.6,43.4,41.4,29.6,65.2,7.0,56.0,44.4,35.0,20200601_20200327_Quarter_Ending_December_31_2019.pdf,Jan-Mar,,reported
St. Lucie,2019,1,34.8,99.6,20.0,93.3,37.3,34.2,29.6,65.2,7.0,56.0,44.4,35.0,20200601_20200327_Quarter_Ending_December_31_2019.pdf,Jan-Mar,,reported
Sumter,2019,1,20.6,43.5,12.0,29.0,71.0,23.2,29.6,65.2,7.0,56.0,44.4,35.0,20200601_20200327_Quarter_Ending_December_31_2019.pdf,Jan-Mar,,reported
Suwannee,2019,1,7.3,63.3,3.0,56.0,13.1,53.1,29.6,65.2,7.0,56.0,44.4,35.0,20200601_20200327_Quarter_Ending_December_31_2019.pdf,Jan-Mar,,reported
Taylor,2019,1,57.0,57.0,2.0,57.0,100.0,22.4,29.6,65.2,7.0,56.0,44.4,35.0,20200601_20200327_Quarter_Ending_December_31_2019.pdf,Jan-Mar,,reported
Union,2019,1,21.0,97.0,1.0,90.0,23.3,42.2,29.6,65.2,7.0,56.0,44.4,35.0,20200601_20200327_Quarter_Ending_December_31_2019.pdf,Jan-Mar,,reported
Volusia,2019,1,27.6,65.3,35.0,56.7,48.6,47.8,29.6,65.2,7.0,56.0,44.4,35.0,20200601_20200327_Quarter_Ending_December_31_2019.pdf,Jan-Mar,,reported
Wakulla,2019,1,52.0,131.0,1.0,103.0,50.5,51.5,29.6,65.2,7.0,56.0,44.4,35.0,20200601_20200327_Quarter_Ending_December_31_2019.pdf,Jan-Mar,,reported
Walton,2019,1,12.7,69.7,3.0,62.7,20.2,30.6,29.6,65.2,7.0,56.0,44.4,35.0,20200601_20200327_Quarter_Ending_December_31_2019.pdf,Jan-Mar,,reported
Washington,2019,1,11.7,61.3,3.0,49.3,23.6,33.3,29.6,65.2,7.0,56.0,44.4,35.0,20200601_20200327_Quarter_Ending_December_31_2019.pdf,Jan-Mar,,reported
Alachua,2019,2,31.7,46.1,26.0,35.8,88.6,21.3,30.2,58.6,7.0,47.3,49.4,37.4,20200601_20200327_Quarter_Ending_December_31_2019.pdf,Apr-Jun,,reported
Baker,2019,2,11.8,53.4,5.0,46.0,25.7,57.6,30.2,58.6,7.0,47.3,49.4,37.4,20200601_20200327_Quarter_Ending_December_31_2019.pdf,Apr-Jun,,reported
Bay,2019,2,40.4,74.0,20.0,58.1,69.6,35.1,30.2,58.6,7.0,47.3,49.4,37.4,20200601_20200327_Quarter_Ending_December_31_2019.pdf,Apr-Jun,,reported
Bradford,2019,2,7.0,55.5,2.0,48.5,14.4,42.5,30.2,58.6,7.0,47.3,49.4,37.4,20200601_20200327_Quarter_Ending_December_31_2019.pdf,Apr-Jun,,reported
Brevard,2019,2,43.0,130.0,53.0,88.6,48.5,36.7,30.2,58.6,7.0,47.3,49.4,37.4,20200601_20200327_Quarter_Ending_December_31_2019.pdf,Apr-Jun,,reported
Broward,2019,2,38.6,73.3,206.0,53.1,72.6,40.1,30.2,58.6,7.0,47.3,49.4,37.4,20200601_20200327_Quarter_Ending_December_31_2019.pdf,Apr-Jun,,reported
Calhoun,2019,2,0.0,0.0,0.0,0.0,0.0,0.0,30.2,58.6,7.0,47.3,49.4,37.4,20200601_20200327_Quarter_Ending_December_31_2019.pdf,Apr-Jun,,reported_all_zero
Charlotte,2019,2,23.1,42.6,15.0,42.6,54.1,107.4,30.2,58.6,7.0,47.3,49.4,37.4,20200601_20200327_Quarter_Ending_December_31_2019.pdf,Apr-Jun,summoning_yield_gt_100_reported; ,reported
Citrus,2019,2,6.2,20.0,30.0,17.7,35.0,35.9,30.2,58.6,7.0,47.3,49.4,37.4,20200601_20200327_Quarter_Ending_December_31_2019.pdf,Apr-Jun,,reported
Clay,2019,2,33.6,58.8,5.0,45.8,73.4,46.0,30.2,58.6,7.0,47.3,49.4,37.4,20200601_20200327_Quarter_Ending_December_31_2019.pdf,Apr-Jun,,reported
Collier,2019,2,14.5,39.1,52.0,31.9,45.3,57.6,30.2,58.6,7.0,47.3,49.4,37.4,20200601_20200327_Quarter_Ending_December_31_2019.pdf,Apr-Jun,,reported
Columbia,2019,2,33.8,37.8,5.0,37.8,89.4,29.3,30.2,58.6,7.0,47.3,49.4,37.4,20200601_20200327_Quarter_Ending_December_31_2019.pdf,Apr-Jun,,reported
DeSoto,2019,2,0.0,0.0,0.0,0.0,0.0,8.4,30.2,58.6,7.0,47.3,49.4,37.4,20200601_20200327_Quarter_Ending_December_31_2019.pdf,Apr-Jun,,reported
Dixie,2019,2,54.3,75.3,4.0,75.3,72.1,29.4,30.2,58.6,7.0,47.3,49.4,37.4,20200601_20200327_Quarter_Ending_December_31_2019.pdf,Apr-Jun,,reported
Duval,2019,2,37.5,74.0,66.0,59.5,63.1,24.4,30.2,58.6,7.0,47.3,49.4,37.4,20200601_20200327_Quarter_Ending_December_31_2019.pdf,Apr-Jun,,reported
Escambia,2019,2,29.3,41.2,82.0,32.6,89.9,38.6,30.2,58.6,7.0,47.3,49.4,37.4,20200601_20200327_Quarter_Ending_December_31_2019.pdf,Apr-Jun,,reported
Flagler,2019,2,45.5,104.8,4.0,91.3,49.9,54.2,30.2,58.6,7.0,47.3,49.4,37.4,20200601_20200327_Quarter_Ending_December_31_2019.pdf,Apr-Jun,,reported
Franklin,2019,2,23.0,40.0,1.0,40.0,57.5,26.7,30.2,58.6,7.0,47.3,49.4,37.4,20200601_20200327_Quarter_Ending_December_31_2019.pdf,Apr-Jun,,reported
Gadsden,2019,2,22.2,57.7,11.0,45.1,49.2,41.0,30.2,58.6,7.0,47.3,49.4,37.4,20200601_20200327_Quarter_Ending_December_31_2019.pdf,Apr-Jun,,reported
Gilchrist,2019,2,0.0,0.0,0.0,0.0,0.0,35.2,30.2,58.6,7.0,47.3,49.4,37.4,20200601_20200327_Quarter_Ending_December_31_2019.pdf,Apr-Jun,,reported
Glades,2019,2,14.0,31.3,3.0,31.3,44.7,10.4,30.2,58.6,7.0,47.3,49.4,37.4,20200601_20200327_Quarter_Ending_December_31_2019.pdf,Apr-Jun,,reported
Gulf,2019,2,0.0,0.0,0.0,0.0,0.0,0.0,30.2,58.6,7.0,47.3,49.4,37.4,20200601_20200327_Quarter_Ending_December_31_2019.pdf,Apr-Jun,,reported_all_zero
Hamilton,2019,2,0.0,0.0,0.0,0.0,0.0,0.0,30.2,58.6,7.0,47.3,49.4,37.4,20200601_20200327_Quarter_Ending_December_31_2019.pdf,Apr-Jun,,reported_all_zero
Hardee,2019,2,7.0,67.5,2.0,60.5,11.6,54.8,30.2,58.6,7.0,47.3,49.4,37.4,20200601_20200327_Quarter_Ending_December_31_2019.pdf,Apr-Jun,,reported
Hendry,2019,2,34.0,34.0,4.0,34.0,100.0,32.0,30.2,58.6,7.0,47.3,49.4,37.4,20200601_20200327_Quarter_Ending_December_31_2019.pdf,Apr-Jun,,reported
Hernando,2019,2,56.7,71.2,10.0,61.8,91.7,82.3,30.2,58.6,7.0,47.3,49.4,37.4,20200601_20200327_Quarter_Ending_December_31_2019.pdf,Apr-Jun,,reported
Highlands,2019,2,32.3,58.0,7.0,34.6,93.4,24.7,30.2,58.6,7.0,47.3,49.4,37.4,20200601_20200327_Quarter_Ending_December_31_2019.pdf,Apr-Jun,,reported
Hillsborough,2019,2,35.4,94.3,69.0,81.0,43.7,31.8,30.2,58.6,7.0,47.3,49.4,37.4,20200601_20200327_Quarter_Ending_December_31_2019.pdf,Apr-Jun,,reported
Holmes,2019,2,0.0,0.0,0.0,0.0,0.0,42.7,30.2,58.6,7.0,47.3,49.4,37.4,20200601_20200327_Quarter_Ending_December_31_2019.pdf,Apr-Jun,,reported
Indian River,2019,2,32.4,138.2,11.0,125.8,25.7,61.7,30.2,58.6,7.0,47.3,49.4,37.4,20200601_20200327_Quarter_Ending_December_31_2019.pdf,Apr-Jun,,reported
Jackson,2019,2,7.0,59.0,5.0,53.4,13.1,43.1,30.2,58.6,7.0,47.3,49.4,37.4,20200601_20200327_Quarter_Ending_December_31_2019.pdf,Apr-Jun,,reported
Jefferson,2019,2,0.0,0.0,0.0,0.0,0.0,0.0,30.2,58.6,7.0,47.3,49.4,37.4,20200601_20200327_Quarter_Ending_December_31_2019.pdf,Apr-Jun,,reported_all_zero
Lafayette,2019,2,0.0,0.0,0.0,0.0,0.0,0.0,30.2,58.6,7.0,47.3,49.4,37.4,20200601_20200327_Quarter_Ending_December_31_2019.pdf,Apr-Jun,,reported_all_zero
Lake,2019,2,26.5,38.5,20.0,30.3,87.5,38.5,30.2,58.6,7.0,47.3,49.4,37.4,20200601_20200327_Quarter_Ending_December_31_2019.pdf,Apr-Jun,,reported
Lee,2019,2,30.5,65.4,72.0,59.4,51.3,51.5,30.2,58.6,7.0,47.3,49.4,37.4,20200601_20200327_Quarter_Ending_December_31_2019.pdf,Apr-Jun,,reported
Leon,2019,2,27.2,46.7,50.0,37.4,72.7,42.6,30.2,58.6,7.0,47.3,49.4,37.4,20200601_20200327_Quarter_Ending_December_31_2019.pdf,Apr-Jun,,reported
Levy,2019,2,27.3,87.3,4.0,53.0,51.4,32.4,30.2,58.6,7.0,47.3,49.4,37.4,20200601_20200327_Quarter_Ending_December_31_2019.pdf,Apr-Jun,,reported
Liberty,2019,2,20.3,54.3,3.0,47.3,43.0,32.3,30.2,58.6,7.0,47.3,49.4,37.4,20200601_20200327_Quarter_Ending_December_31_2019.pdf,Apr-Jun,,reported
Madison,2019,2,0.0,0.0,0.0,0.0,0.0,38.7,30.2,58.6,7.0,47.3,49.4,37.4,20200601_20200327_Quarter_Ending_December_31_2019.pdf,Apr-Jun,,reported
Manatee,2019,2,36.6,88.6,24.0,69.3,52.8,33.1,30.2,58.6,7.0,47.3,49.4,37.4,20200601_20200327_Quarter_Ending_December_31_2019.pdf,Apr-Jun,,reported
Marion,2019,2,35.4,94.8,36.0,76.6,46.2,36.6,30.2,58.6,7.0,47.3,49.4,37.4,20200601_20200327_Quarter_Ending_December_31_2019.pdf,Apr-Jun,,reported
Martin,2019,2,32.5,105.8,10.0,94.6,34.4,37.4,30.2,58.6,7.0,47.3,49.4,37.4,20200601_20200327_Quarter_Ending_December_31_2019.pdf,Apr-Jun,,reported
Miami-Dade,2019,2,46.7,104.1,207.0,83.5,55.9,41.8,30.2,58.6,7.0,47.3,49.4,37.4,20200601_20200327_Quarter_Ending_December_31_2019.pdf,Apr-Jun,,reported
Monroe,2019,2,3.4,13.1,84.0,11.9,28.7,33.7,30.2,58.6,7.0,47.3,49.4,37.4,20200601_20200327_Quarter_Ending_December_31_2019.pdf,Apr-Jun,,reported
Nassau,2019,2,23.8,85.7,6.0,79.2,30.1,45.2,30.2,58.6,7.0,47.3,49.4,37.4,20200601_20200327_Quarter_Ending_December_31_2019.pdf,Apr-Jun,,reported
Okaloosa,2019,2,35.7,114.3,3.0,100.0,35.7,54.5,30.2,58.6,7.0,47.3,49.4,37.4,20200601_20200327_Quarter_Ending_December_31_2019.pdf,Apr-Jun,,reported
Okeechobee,2019,2,41.0,78.6,7.0,71.4,57.4,24.8,30.2,58.6,7.0,47.3,49.4,37.4,20200601_20200327_Quarter_Ending_December_31_2019.pdf,Apr-Jun,,reported
Orange,2019,2,39.5,79.3,105.0,65.7,60.1,68.0,30.2,58.6,7.0,47.3,49.4,37.4,20200601_20200327_Quarter_Ending_December_31_2019.pdf,Apr-Jun,,reported
Osceola,2019,2,25.1,78.0,40.0,73.6,34.1,69.2,30.2,58.6,7.0,47.3,49.4,37.4,20200601_20200327_Quarter_Ending_December_31_2019.pdf,Apr-Jun,,reported
Palm Beach,2019,2,39.7,99.1,134.0,80.4,49.4,32.6,30.2,58.6,7.0,47.3,49.4,37.4,20200601_20200327_Quarter_Ending_December_31_2019.pdf,Apr-Jun,,reported
Pasco,2019,2,28.6,49.8,45.0,42.5,67.3,37.6,30.2,58.6,7.0,47.3,49.4,37.4,20200601_20200327_Quarter_Ending_December_31_2019.pdf,Apr-Jun,,reported
Pinellas,2019,2,32.0,79.4,89.0,73.6,43.5,36.7,30.2,58.6,7.0,47.3,49.4,37.4,20200601_20200327_Quarter_Ending_December_31_2019.pdf,Apr-Jun,,reported
Polk,2019,2,30.2,51.4,111.0,39.7,76.2,45.5,30.2,58.6,7.0,47.3,49.4,37.4,20200601_20200327_Quarter_Ending_December_31_2019.pdf,Apr-Jun,,reported
Putnam,2019,2,33.4,58.6,9.0,42.6,78.6,25.5,30.2,58.6,7.0,47.3,49.4,37.4,20200601_20200327_Quarter_Ending_December_31_2019.pdf,Apr-Jun,,reported
Santa Rosa,2019,2,40.4,48.4,28.0,43.3,93.2,38.9,30.2,58.6,7.0,47.3,49.4,37.4,20200601_20200327_Quarter_Ending_December_31_2019.pdf,Apr-Jun,,reported
Sarasota,2019,2,35.6,90.7,34.0,76.0,46.8,37.4,30.2,58.6,7.0,47.3,49.4,37.4,20200601_20200327_Quarter_Ending_December_31_2019.pdf,Apr-Jun,,reported
Seminole,2019,2,31.4,55.8,48.0,44.1,71.2,68.5,30.2,58.6,7.0,47.3,49.4,37.4,20200601_20200327_Quarter_Ending_December_31_2019.pdf,Apr-Jun,,reported
St. Johns,2019,2,32.1,75.1,7.0,63.3,50.8,44.3,30.2,58.6,7.0,47.3,49.4,37.4,20200601_20200327_Quarter_Ending_December_31_2019.pdf,Apr-Jun,,reported
St. Lucie,2019,2,36.3,79.2,24.0,68.0,53.3,34.0,30.2,58.6,7.0,47.3,49.4,37.4,20200601_20200327_Quarter_Ending_December_31_2019.pdf,Apr-Jun,,reported
Sumter,2019,2,15.0,48.7,6.0,41.7,36.0,20.8,30.2,58.6,7.0,47.3,49.4,37.4,20200601_20200327_Quarter_Ending_December_31_2019.pdf,Apr-Jun,,reported
Suwannee,2019,2,6.0,47.7,3.0,47.7,12.6,48.5,30.2,58.6,7.0,47.3,49.4,37.4,20200601_20200327_Quarter_Ending_December_31_2019.pdf,Apr-Jun,,reported
Taylor,2019,2,42.7,62.0,3.0,42.7,100.0,24.4,30.2,58.6,7.0,47.3,49.4,37.4,20200601_20200327_Quarter_Ending_December_31_2019.pdf,Apr-Jun,,reported
Union,2019,2,0.0,0.0,0.0,0.0,0.0,39.0,30.2,58.6,7.0,47.3,49.4,37.4,20200601_20200327_Quarter_Ending_December_31_2019.pdf,Apr-Jun,,reported
Volusia,2019,2,26.5,64.5,33.0,50.9,52.0,49.1,30.2,58.6,7.0,47.3,49.4,37.4,20200601_20200327_Quarter_Ending_December_31_2019.pdf,Apr-Jun,,reported
Wakulla,2019,2,50.0,64.0,1.0,50.0,100.0,54.0,30.2,58.6,7.0,47.3,49.4,37.4,20200601_20200327_Quarter_Ending_December_31_2019.pdf,Apr-Jun,,reported
Walton,2019,2,33.3,60.5,4.0,50.0,66.5,32.4,30.2,58.6,7.0,47.3,49.4,37.4,20200601_20200327_Quarter_Ending_December_31_2019.pdf,Apr-Jun,,reported
Washington,2019,2,21.0,144.0,1.0,137.0,15.3,27.0,30.2,58.6,7.0,47.3,49.4,37.4,20200601_20200327_Quarter_Ending_December_31_2019.pdf,Apr-Jun,,reported
Alachua,2019,3,32.5,57.2,21.0,45.2,71.9,20.2,29.9,62.3,6.0,55.3,48.1,35.7,20200601_20200327_Quarter_Ending_December_31_2019.pdf,Jul-Sep,,reported
Baker,2019,3,15.0,100.0,3.0,85.7,17.5,52.8,29.9,62.3,6.0,55.3,48.1,35.7,20200601_20200327_Quarter_Ending_December_31_2019.pdf,Jul-Sep,,reported
Bay,2019,3,28.5,47.5,26.0,39.8,71.7,35.7,29.9,62.3,6.0,55.3,48.1,35.7,20200601_20200327_Quarter_Ending_December_31_2019.pdf,Jul-Sep,,reported
Bradford,2019,3,6.0,60.7,3.0,60.7,9.9,42.6,29.9,62.3,6.0,55.3,48.1,35.7,20200601_20200327_Quarter_Ending_December_31_2019.pdf,Jul-Sep,,reported
Brevard,2019,3,49.9,116.0,45.0,92.7,53.8,37.6,29.9,62.3,6.0,55.3,48.1,35.7,20200601_20200327_Quarter_Ending_December_31_2019.pdf,Jul-Sep,,reported
Broward,2019,3,35.0,81.4,162.0,64.2,54.4,40.9,29.9,62.3,6.0,55.3,48.1,35.7,20200601_20200327_Quarter_Ending_December_31_2019.pdf,Jul-Sep,,reported
Calhoun,2019,3,0.0,0.0,0.0,0.0,0.0,0.0,29.9,62.3,6.0,55.3,48.1,35.7,20200601_20200327_Quarter_Ending_December_31_2019.pdf,Jul-Sep,,reported_all_zero
Charlotte,2019,3,29.6,60.7,14.0,60.7,48.8,74.3,29.9,62.3,6.0,55.3,48.1,35.7,20200601_20200327_Quarter_Ending_December_31_2019.pdf,Jul-Sep,,reported
Citrus,2019,3,6.3,19.8,22.0,17.3,36.3,30.8,29.9,62.3,6.0,55.3,48.1,35.7,20200601_20200327_Quarter_Ending_December_31_2019.pdf,Jul-Sep,,reported
Clay,2019,3,34.3,62.3,3.0,53.3,64.4,37.1,29.9,62.3,6.0,55.3,48.1,35.7,20200601_20200327_Quarter_Ending_December_31_2019.pdf,Jul-Sep,,reported
Collier,2019,3,30.6,79.5,36.0,67.0,45.6,71.8,29.9,62.3,6.0,55.3,48.1,35.7,20200601_20200327_Quarter_Ending_December_31_2019.pdf,Jul-Sep,,reported
Columbia,2019,3,48.0,90.7,3.0,90.7,52.9,37.6,29.9,62.3,6.0,55.3,48.1,35.7,20200601_20200327_Quarter_Ending_December_31_2019.pdf,Jul-Sep,,reported
DeSoto,2019,3,40.0,45.0,2.0,45.0,88.9,4.5,29.9,62.3,6.0,55.3,48.1,35.7,20200601_20200327_Quarter_Ending_December_31_2019.pdf,Jul-Sep,,reported
Dixie,2019,3,0.0,0.0,0.0,0.0,0.0,0.0,29.9,62.3,6.0,55.3,48.1,35.7,20200601_20200327_Quarter_Ending_December_31_2019.pdf,Jul-Sep,,reported_all_zero
Duval,2019,3,45.1,101.9,47.0,79.6,56.8,25.3,29.9,62.3,6.0,55.3,48.1,35.7,20200601_20200327_Quarter_Ending_December_31_2019.pdf,Jul-Sep,,reported
Escambia,2019,3,43.3,47.9,49.0,43.3,100.0,33.7,29.9,62.3,6.0,55.3,48.1,35.7,20200601_20200327_Quarter_Ending_December_31_2019.pdf,Jul-Sep,,reported
Flagler,2019,3,27.9,76.0,9.0,58.0,48.1,38.3,29.9,62.3,6.0,55.3,48.1,35.7,20200601_20200327_Quarter_Ending_December_31_2019.pdf,Jul-Sep,,reported
Franklin,2019,3,36.0,73.5,2.0,70.0,51.4,31.1,29.9,62.3,6.0,55.3,48.1,35.7,20200601_20200327_Quarter_Ending_December_31_2019.pdf,Jul-Sep,,reported
Gadsden,2019,3,16.8,40.8,5.0,35.4,47.5,43.3,29.9,62.3,6.0,55.3,48.1,35.7,20200601_20200327_Quarter_Ending_December_31_2019.pdf,Jul-Sep,,reported
Gilchrist,2019,3,0.0,0.0,0.0,0.0,0.0,0.0,29.9,62.3,6.0,55.3,48.1,35.7,20200601_20200327_Quarter_Ending_December_31_2019.pdf,Jul-Sep,,reported_all_zero
Glades,2019,3,0.0,0.0,0.0,0.0,0.0,7.1,29.9,62.3,6.0,55.3,48.1,35.7,20200601_20200327_Quarter_Ending_December_31_2019.pdf,Jul-Sep,,reported
Gulf,2019,3,0.0,0.0,0.0,0.0,0.0,0.0,29.9,62.3,6.0,55.3,48.1,35.7,20200601_20200327_Quarter_Ending_December_31_2019.pdf,Jul-Sep,,reported_all_zero
Hamilton,2019,3,0.0,0.0,0.0,0.0,0.0,0.0,29.9,62.3,6.0,55.3,48.1,35.7,20200601_20200327_Quarter_Ending_December_31_2019.pdf,Jul-Sep,,reported_all_zero
Hardee,2019,3,7.0,269.0,1.0,262.0,2.7,52.4,29.9,62.3,6.0,55.3,48.1,35.7,20200601_20200327_Quarter_Ending_December_31_2019.pdf,Jul-Sep,,reported
Hendry,2019,3,40.8,36.2,5.0,36.2,112.7,21.9,29.9,62.3,6.0,55.3,48.1,35.7,20200601_20200327_Quarter_Ending_December_31_2019.pdf,Jul-Sep,percent_to_voir_dire_gt_100_reported; ,reported
Hernando,2019,3,42.8,50.8,12.0,40.4,106.0,44.6,29.9,62.3,6.0,55.3,48.1,35.7,20200601_20200327_Quarter_Ending_December_31_2019.pdf,Jul-Sep,percent_to_voir_dire_gt_100_reported; ,reported
Highlands,2019,3,25.0,54.5,4.0,48.3,51.8,22.7,29.9,62.3,6.0,55.3,48.1,35.7,20200601_20200327_Quarter_Ending_December_31_2019.pdf,Jul-Sep,,reported
Hillsborough,2019,3,36.3,76.4,98.0,55.3,65.7,33.0,29.9,62.3,6.0,55.3,48.1,35.7,20200601_20200327_Quarter_Ending_December_31_2019.pdf,Jul-Sep,,reported
Holmes,2019,3,14.0,33.7,3.0,26.7,52.5,48.5,29.9,62.3,6.0,55.3,48.1,35.7,20200601_20200327_Quarter_Ending_December_31_2019.pdf,Jul-Sep,,reported
Indian River,2019,3,19.3,46.9,17.0,35.5,54.4,56.1,29.9,62.3,6.0,55.3,48.1,35.7,20200601_20200327_Quarter_Ending_December_31_2019.pdf,Jul-Sep,,reported
Jackson,2019,3,7.2,67.4,5.0,59.8,12.0,49.5,29.9,62.3,6.0,55.3,48.1,35.7,20200601_20200327_Quarter_Ending_December_31_2019.pdf,Jul-Sep,,reported
Jefferson,2019,3,7.0,75.5,2.0,61.5,11.4,35.1,29.9,62.3,6.0,55.3,48.1,35.7,20200601_20200327_Quarter_Ending_December_31_2019.pdf,Jul-Sep,,reported
Lafayette,2019,3,11.0,19.0,2.0,19.0,57.9,44.7,29.9,62.3,6.0,55.3,48.1,35.7,20200601_20200327_Quarter_Ending_December_31_2019.pdf,Jul-Sep,,reported
Lake,2019,3,26.3,64.1,15.0,52.3,50.2,38.1,29.9,62.3,6.0,55.3,48.1,35.7,20200601_20200327_Quarter_Ending_December_31_2019.pdf,Jul-Sep,,reported
Lee,2019,3,34.0,71.2,71.0,64.7,52.6,52.2,29.9,62.3,6.0,55.3,48.1,35.7,20200601_20200327_Quarter_Ending_December_31_2019.pdf,Jul-Sep,,reported
Leon,2019,3,30.0,58.4,52.0,44.0,68.2,45.2,29.9,62.3,6.0,55.3,48.1,35.7,20200601_20200327_Quarter_Ending_December_31_2019.pdf,Jul-Sep,,reported
Levy,2019,3,7.0,100.0,1.0,70.0,10.0,20.9,29.9,62.3,6.0,55.3,48.1,35.7,20200601_20200327_Quarter_Ending_December_31_2019.pdf,Jul-Sep,,reported
Liberty,2019,3,0.0,0.0,0.0,0.0,0.0,0.0,29.9,62.3,6.0,55.3,48.1,35.7,20200601_20200327_Quarter_Ending_December_31_2019.pdf,Jul-Sep,,reported_all_zero
Madison,2019,3,7.0,101.0,1.0,94.0,7.4,28.9,29.9,62.3,6.0,55.3,48.1,35.7,20200601_20200327_Quarter_Ending_December_31_2019.pdf,Jul-Sep,,reported
Manatee,2019,3,34.3,67.4,31.0,55.3,62.0,35.0,29.9,62.3,6.0,55.3,48.1,35.7,20200601_20200327_Quarter_Ending_December_31_2019.pdf,Jul-Sep,,reported
Marion,2019,3,31.5,74.9,34.0,65.9,47.8,34.4,29.9,62.3,6.0,55.3,48.1,35.7,20200601_20200327_Quarter_Ending_December_31_2019.pdf,Jul-Sep,,reported
Martin,2019,3,39.9,75.9,14.0,58.6,68.2,40.1,29.9,62.3,6.0,55.3,48.1,35.7,20200601_20200327_Quarter_Ending_December_31_2019.pdf,Jul-Sep,,reported
Miami-Dade,2019,3,41.3,101.0,195.0,81.8,50.5,31.0,29.9,62.3,6.0,55.3,48.1,35.7,20200601_20200327_Quarter_Ending_December_31_2019.pdf,Jul-Sep,,reported
Monroe,2019,3,2.4,6.5,111.0,5.5,44.4,29.9,29.9,62.3,6.0,55.3,48.1,35.7,20200601_20200327_Quarter_Ending_December_31_2019.pdf,Jul-Sep,,reported
Nassau,2019,3,40.0,130.0,1.0,109.0,36.7,15.6,29.9,62.3,6.0,55.3,48.1,35.7,20200601_20200327_Quarter_Ending_December_31_2019.pdf,Jul-Sep,,reported
Okaloosa,2019,3,52.8,174.5,6.0,97.7,54.1,51.0,29.9,62.3,6.0,55.3,48.1,35.7,20200601_20200327_Quarter_Ending_December_31_2019.pdf,Jul-Sep,,reported
Okeechobee,2019,3,41.0,101.2,5.0,95.4,43.0,14.7,29.9,62.3,6.0,55.3,48.1,35.7,20200601_20200327_Quarter_Ending_December_31_2019.pdf,Jul-Sep,,reported
Orange,2019,3,39.1,93.9,86.0,81.3,48.1,62.7,29.9,62.3,6.0,55.3,48.1,35.7,20200601_20200327_Quarter_Ending_December_31_2019.pdf,Jul-Sep,,reported
Osceola,2019,3,30.6,76.2,45.0,67.2,45.5,67.9,29.9,62.3,6.0,55.3,48.1,35.7,20200601_20200327_Quarter_Ending_December_31_2019.pdf,Jul-Sep,,reported
Palm Beach,2019,3,36.9,110.0,120.0,91.6,40.3,36.4,29.9,62.3,6.0,55.3,48.1,35.7,20200601_20200327_Quarter_Ending_December_31_2019.pdf,Jul-Sep,,reported
Pasco,2019,3,30.7,53.6,45.0,45.7,67.1,39.5,29.9,62.3,6.0,55.3,48.1,35.7,20200601_20200327_Quarter_Ending_December_31_2019.pdf,Jul-Sep,,reported
Pinellas,2019,3,35.6,88.9,89.0,80.6,44.2,46.0,29.9,62.3,6.0,55.3,48.1,35.7,20200601_20200327_Quarter_Ending_December_31_2019.pdf,Jul-Sep,,reported
Polk,2019,3,29.4,41.2,116.0,31.9,92.3,42.7,29.9,62.3,6.0,55.3,48.1,35.7,20200601_20200327_Quarter_Ending_December_31_2019.pdf,Jul-Sep,,reported
Putnam,2019,3,45.0,112.5,2.0,94.0,47.9,25.1,29.9,62.3,6.0,55.3,48.1,35.7,20200601_20200327_Quarter_Ending_December_31_2019.pdf,Jul-Sep,,reported
Santa Rosa,2019,3,36.3,43.2,24.0,38.8,93.7,32.7,29.9,62.3,6.0,55.3,48.1,35.7,20200601_20200327_Quarter_Ending_December_31_2019.pdf,Jul-Sep,,reported
Sarasota,2019,3,2.5,9.2,661.0,6.9,37.1,78.5,29.9,62.3,6.0,55.3,48.1,35.7,20200601_20200327_Quarter_Ending_December_31_2019.pdf,Jul-Sep,,reported
Seminole,2019,3,33.3,98.0,24.0,73.1,45.5,61.5,29.9,62.3,6.0,55.3,48.1,35.7,20200601_20200327_Quarter_Ending_December_31_2019.pdf,Jul-Sep,,reported
St. Johns,2019,3,294.0,751.0,1.0,482.0,61.0,45.2,29.9,62.3,6.0,55.3,48.1,35.7,20200601_20200327_Quarter_Ending_December_31_2019.pdf,Jul-Sep,,reported
St. Lucie,2019,3,41.1,101.3,26.0,80.4,51.1,30.2,29.9,62.3,6.0,55.3,48.1,35.7,20200601_20200327_Quarter_Ending_December_31_2019.pdf,Jul-Sep,,reported
Sumter,2019,3,16.7,47.5,6.0,39.3,42.4,14.8,29.9,62.3,6.0,55.3,48.1,35.7,20200601_20200327_Quarter_Ending_December_31_2019.pdf,Jul-Sep,,reported
Suwannee,2019,3,7.0,89.0,2.0,82.0,8.5,52.7,29.9,62.3,6.0,55.3,48.1,35.7,20200601_20200327_Quarter_Ending_December_31_2019.pdf,Jul-Sep,,reported
Taylor,2019,3,0.0,0.0,0.0,0.0,0.0,0.0,29.9,62.3,6.0,55.3,48.1,35.7,20200601_20200327_Quarter_Ending_December_31_2019.pdf,Jul-Sep,,reported_all_zero
Union,2019,3,0.0,0.0,0.0,0.0,0.0,0.0,29.9,62.3,6.0,55.3,48.1,35.7,20200601_20200327_Quarter_Ending_December_31_2019.pdf,Jul-Sep,,reported_all_zero
Volusia,2019,3,29.9,56.8,37.0,39.1,76.4,50.1,29.9,62.3,6.0,55.3,48.1,35.7,20200601_20200327_Quarter_Ending_December_31_2019.pdf,Jul-Sep,,reported
Wakulla,2019,3,26.5,31.8,4.0,26.5,100.0,52.8,29.9,62.3,6.0,55.3,48.1,35.7,20200601_20200327_Quarter_Ending_December_31_2019.pdf,Jul-Sep,,reported
Walton,2019,3,33.5,148.0,2.0,135.5,24.7,33.2,29.9,62.3,6.0,55.3,48.1,35.7,20200601_20200327_Quarter_Ending_December_31_2019.pdf,Jul-Sep,,reported
Washington,2019,3,12.6,43.4,5.0,36.4,34.6,33.5,29.9,62.3,6.0,55.3,48.1,35.7,20200601_20200327_Quarter_Ending_December_31_2019.pdf,Jul-Sep,,reported
Alachua,2019,4,31.6,52.8,26.0,41.5,76.1,25.0,30.0,65.0,7.0,57.5,46.0,36.5,20200601_20200327_Quarter_Ending_December_31_2019.pdf,Oct-Dec,,reported
Baker,2019,4,0.0,122.0,2.0,111.5,0.0,27.1,30.0,65.0,7.0,57.5,46.0,36.5,20200601_20200327_Quarter_Ending_December_31_2019.pdf,Oct-Dec,,reported
Bay,2019,4,30.3,46.1,20.0,37.5,80.7,32.0,30.0,65.0,7.0,57.5,46.0,36.5,20200601_20200327_Quarter_Ending_December_31_2019.pdf,Oct-Dec,,reported
Bradford,2019,4,7.0,131.0,1.0,124.0,5.6,58.7,30.0,65.0,7.0,57.5,46.0,36.5,20200601_20200327_Quarter_Ending_December_31_2019.pdf,Oct-Dec,,reported
Brevard,2019,4,60.5,144.0,39.0,101.8,59.5,39.2,30.0,65.0,7.0,57.5,46.0,36.5,20200601_20200327_Quarter_Ending_December_31_2019.pdf,Oct-Dec,,reported
Broward,2019,4,48.0,91.1,141.0,67.1,71.5,41.7,30.0,65.0,7.0,57.5,46.0,36.5,20200601_20200327_Quarter_Ending_December_31_2019.pdf,Oct-Dec,,reported
Calhoun,2019,4,3.5,42.5,2.0,32.0,10.9,32.0,30.0,65.0,7.0,57.5,46.0,36.5,20200601_20200327_Quarter_Ending_December_31_2019.pdf,Oct-Dec,,reported
Charlotte,2019,4,27.6,61.7,15.0,58.9,46.9,56.7,30.0,65.0,7.0,57.5,46.0,36.5,20200601_20200327_Quarter_Ending_December_31_2019.pdf,Oct-Dec,,reported
Citrus,2019,4,7.8,19.3,30.0,15.9,49.0,35.3,30.0,65.0,7.0,57.5,46.0,36.5,20200601_20200327_Quarter_Ending_December_31_2019.pdf,Oct-Dec,,reported
Clay,2019,4,29.8,85.6,5.0,73.0,40.8,51.1,30.0,65.0,7.0,57.5,46.0,36.5,20200601_20200327_Quarter_Ending_December_31_2019.pdf,Oct-Dec,,reported
Collier,2019,4,24.2,87.6,20.0,78.9,30.6,69.4,30.0,65.0,7.0,57.5,46.0,36.5,20200601_20200327_Quarter_Ending_December_31_2019.pdf,Oct-Dec,,reported
Columbia,2019,4,30.6,33.9,7.0,33.9,90.3,49.9,30.0,65.0,7.0,57.5,46.0,36.5,20200601_20200327_Quarter_Ending_December_31_2019.pdf,Oct-Dec,,reported
DeSoto,2019,4,26.7,0.0,3.0,0.0,0.0,0.0,30.0,65.0,7.0,57.5,46.0,36.5,20200601_20200327_Quarter_Ending_December_31_2019.pdf,Oct-Dec,aps_identity_failure_uncorrected_in_source,reported
Dixie,2019,4,51.3,75.3,3.0,75.3,68.1,34.8,30.0,65.0,7.0,57.5,46.0,36.5,20200601_20200327_Quarter_Ending_December_31_2019.pdf,Oct-Dec,,reported
Duval,2019,4,51.2,102.8,39.0,84.7,60.4,26.6,30.0,65.0,7.0,57.5,46.0,36.5,20200601_20200327_Quarter_Ending_December_31_2019.pdf,Oct-Dec,,reported
Escambia,2019,4,42.1,49.0,56.0,42.1,100.0,31.5,30.0,65.0,7.0,57.5,46.0,36.5,20200601_20200327_Quarter_Ending_December_31_2019.pdf,Oct-Dec,,reported
Flagler,2019,4,37.2,85.2,6.0,62.8,59.2,47.5,30.0,65.0,7.0,57.5,46.0,36.5,20200601_20200327_Quarter_Ending_December_31_2019.pdf,Oct-Dec,,reported
Franklin,2019,4,0.0,0.0,0.0,0.0,0.0,47.3,30.0,65.0,7.0,57.5,46.0,36.5,20200601_20200327_Quarter_Ending_December_31_2019.pdf,Oct-Dec,,reported
Gadsden,2019,4,20.2,58.4,12.0,46.8,43.1,40.2,30.0,65.0,7.0,57.5,46.0,36.5,20200601_20200327_Quarter_Ending_December_31_2019.pdf,Oct-Dec,,reported
Gilchrist,2019,4,7.0,42.0,1.0,35.0,20.0,14.0,30.0,65.0,7.0,57.5,46.0,36.5,20200601_20200327_Quarter_Ending_December_31_2019.pdf,Oct-Dec,,reported
Glades,2019,4,0.0,0.0,0.0,0.0,0.0,0.0,30.0,65.0,7.0,57.5,46.0,36.5,20200601_20200327_Quarter_Ending_December_31_2019.pdf,Oct-Dec,,reported_all_zero
Gulf,2019,4,7.0,32.0,1.0,16.0,43.8,16.0,30.0,65.0,7.0,57.5,46.0,36.5,20200601_20200327_Quarter_Ending_December_31_2019.pdf,Oct-Dec,,reported
Hamilton,2019,4,0.0,179.0,1.0,163.0,0.0,27.2,30.0,65.0,7.0,57.5,46.0,36.5,20200601_20200327_Quarter_Ending_December_31_2019.pdf,Oct-Dec,,reported
Hardee,2019,4,7.0,65.0,4.0,56.8,12.3,46.1,30.0,65.0,7.0,57.5,46.0,36.5,20200601_20200327_Quarter_Ending_December_31_2019.pdf,Oct-Dec,,reported
Hendry,2019,4,30.0,30.0,3.0,30.0,100.0,13.8,30.0,65.0,7.0,57.5,46.0,36.5,20200601_20200327_Quarter_Ending_December_31_2019.pdf,Oct-Dec,,reported
Hernando,2019,4,55.9,87.4,8.0,80.0,69.8,81.9,30.0,65.0,7.0,57.5,46.0,36.5,20200601_20200327_Quarter_Ending_December_31_2019.pdf,Oct-Dec,,reported
Highlands,2019,4,42.0,78.0,4.0,57.0,73.7,22.0,30.0,65.0,7.0,57.5,46.0,36.5,20200601_20200327_Quarter_Ending_December_31_2019.pdf,Oct-Dec,,reported
Hillsborough,2019,4,40.8,99.0,66.0,84.3,48.4,36.3,30.0,65.0,7.0,57.5,46.0,36.5,20200601_20200327_Quarter_Ending_December_31_2019.pdf,Oct-Dec,,reported
Holmes,2019,4,21.0,43.0,1.0,36.0,58.3,28.0,30.0,65.0,7.0,57.5,46.0,36.5,20200601_20200327_Quarter_Ending_December_31_2019.pdf,Oct-Dec,,reported
Indian River,2019,4,22.4,129.3,8.0,65.8,34.0,55.8,30.0,65.0,7.0,57.5,46.0,36.5,20200601_20200327_Quarter_Ending_December_31_2019.pdf,Oct-Dec,,reported
Jackson,2019,4,7.0,100.0,2.0,93.0,7.5,37.6,30.0,65.0,7.0,57.5,46.0,36.5,20200601_20200327_Quarter_Ending_December_31_2019.pdf,Oct-Dec,,reported
Jefferson,2019,4,7.0,59.0,1.0,52.0,13.5,34.7,30.0,65.0,7.0,57.5,46.0,36.5,20200601_20200327_Quarter_Ending_December_31_2019.pdf,Oct-Dec,,reported
Lafayette,2019,4,0.0,0.0,0.0,0.0,0.0,0.0,30.0,65.0,7.0,57.5,46.0,36.5,20200601_20200327_Quarter_Ending_December_31_2019.pdf,Oct-Dec,,reported_all_zero
Lake,2019,4,26.8,48.3,15.0,41.1,65.2,38.3,30.0,65.0,7.0,57.5,46.0,36.5,20200601_20200327_Quarter_Ending_December_31_2019.pdf,Oct-Dec,,reported
Lee,2019,4,38.6,102.7,57.0,85.3,45.2,50.9,30.0,65.0,7.0,57.5,46.0,36.5,20200601_20200327_Quarter_Ending_December_31_2019.pdf,Oct-Dec,,reported
Leon,2019,4,29.8,57.1,36.0,43.4,68.8,46.0,30.0,65.0,7.0,57.5,46.0,36.5,20200601_20200327_Quarter_Ending_December_31_2019.pdf,Oct-Dec,,reported
Levy,2019,4,7.0,42.0,5.0,21.2,33.0,32.6,30.0,65.0,7.0,57.5,46.0,36.5,20200601_20200327_Quarter_Ending_December_31_2019.pdf,Oct-Dec,,reported
Liberty,2019,4,16.0,51.0,3.0,48.7,32.9,48.5,30.0,65.0,7.0,57.5,46.0,36.5,20200601_20200327_Quarter_Ending_December_31_2019.pdf,Oct-Dec,,reported
Madison,2019,4,8.0,56.3,3.0,44.0,18.2,37.7,30.0,65.0,7.0,57.5,46.0,36.5,20200601_20200327_Quarter_Ending_December_31_2019.pdf,Oct-Dec,,reported
Manatee,2019,4,39.0,96.5,20.0,84.8,46.0,37.9,30.0,65.0,7.0,57.5,46.0,36.5,20200601_20200327_Quarter_Ending_December_31_2019.pdf,Oct-Dec,,reported
Marion,2019,4,26.6,64.5,28.0,58.5,45.6,31.0,30.0,65.0,7.0,57.5,46.0,36.5,20200601_20200327_Quarter_Ending_December_31_2019.pdf,Oct-Dec,,reported
Martin,2019,4,61.0,145.9,8.0,88.4,69.0,39.7,30.0,65.0,7.0,57.5,46.0,36.5,20200601_20200327_Quarter_Ending_December_31_2019.pdf,Oct-Dec,,reported
Miami-Dade,2019,4,40.4,89.9,184.0,76.0,53.2,28.0,30.0,65.0,7.0,57.5,46.0,36.5,20200601_20200327_Quarter_Ending_December_31_2019.pdf,Oct-Dec,,reported
Monroe,2019,4,21.3,117.8,4.0,112.5,18.9,38.0,30.0,65.0,7.0,57.5,46.0,36.5,20200601_20200327_Quarter_Ending_December_31_2019.pdf,Oct-Dec,,reported
Nassau,2019,4,41.5,255.5,2.0,255.5,16.2,54.8,30.0,65.0,7.0,57.5,46.0,36.5,20200601_20200327_Quarter_Ending_December_31_2019.pdf,Oct-Dec,,reported
Okaloosa,2019,4,45.6,93.6,8.0,75.1,60.7,51.1,30.0,65.0,7.0,57.5,46.0,36.5,20200601_20200327_Quarter_Ending_December_31_2019.pdf,Oct-Dec,,reported
Okeechobee,2019,4,41.7,104.7,6.0,98.8,42.2,21.0,30.0,65.0,7.0,57.5,46.0,36.5,20200601_20200327_Quarter_Ending_December_31_2019.pdf,Oct-Dec,,reported
Orange,2019,4,33.6,67.7,101.0,53.5,62.9,64.4,30.0,65.0,7.0,57.5,46.0,36.5,20200601_20200327_Quarter_Ending_December_31_2019.pdf,Oct-Dec,,reported
Osceola,2019,4,28.0,80.3,37.0,73.3,38.2,71.4,30.0,65.0,7.0,57.5,46.0,36.5,20200601_20200327_Quarter_Ending_December_31_2019.pdf,Oct-Dec,,reported
Palm Beach,2019,4,33.1,100.3,96.0,81.7,40.5,35.4,30.0,65.0,7.0,57.5,46.0,36.5,20200601_20200327_Quarter_Ending_December_31_2019.pdf,Oct-Dec,,reported
Pasco,2019,4,31.6,50.0,43.0,40.0,79.1,39.9,30.0,65.0,7.0,57.5,46.0,36.5,20200601_20200327_Quarter_Ending_December_31_2019.pdf,Oct-Dec,,reported
Pinellas,2019,4,34.2,89.9,65.0,82.1,41.7,48.9,30.0,65.0,7.0,57.5,46.0,36.5,20200601_20200327_Quarter_Ending_December_31_2019.pdf,Oct-Dec,,reported
Polk,2019,4,30.4,47.1,112.0,37.9,80.3,43.8,30.0,65.0,7.0,57.5,46.0,36.5,20200601_20200327_Quarter_Ending_December_31_2019.pdf,Oct-Dec,,reported
Putnam,2019,4,30.3,56.7,7.0,41.0,73.9,28.7,30.0,65.0,7.0,57.5,46.0,36.5,20200601_20200327_Quarter_Ending_December_31_2019.pdf,Oct-Dec,,reported
Santa Rosa,2019,4,35.8,43.1,27.0,38.4,93.2,40.2,30.0,65.0,7.0,57.5,46.0,36.5,20200601_20200327_Quarter_Ending_December_31_2019.pdf,Oct-Dec,,reported
Sarasota,2019,4,37.7,117.5,21.0,107.7,35.0,36.5,30.0,65.0,7.0,57.5,46.0,36.5,20200601_20200327_Quarter_Ending_December_31_2019.pdf,Oct-Dec,,reported
Seminole,2019,4,32.9,54.7,43.0,43.5,75.5,62.9,30.0,65.0,7.0,57.5,46.0,36.5,20200601_20200327_Quarter_Ending_December_31_2019.pdf,Oct-Dec,,reported
St. Johns,2019,4,105.5,242.5,2.0,207.5,50.8,41.8,30.0,65.0,7.0,57.5,46.0,36.5,20200601_20200327_Quarter_Ending_December_31_2019.pdf,Oct-Dec,,reported
St. Lucie,2019,4,41.6,76.6,27.0,64.9,64.2,30.3,30.0,65.0,7.0,57.5,46.0,36.5,20200601_20200327_Quarter_Ending_December_31_2019.pdf,Oct-Dec,,reported
Sumter,2019,4,26.3,56.9,7.0,38.4,68.4,19.2,30.0,65.0,7.0,57.5,46.0,36.5,20200601_20200327_Quarter_Ending_December_31_2019.pdf,Oct-Dec,,reported
Suwannee,2019,4,7.0,65.0,1.0,65.0,10.8,32.5,30.0,65.0,7.0,57.5,46.0,36.5,20200601_20200327_Quarter_Ending_December_31_2019.pdf,Oct-Dec,,reported
Taylor,2019,4,57.5,82.0,2.0,57.5,100.0,30.7,30.0,65.0,7.0,57.5,46.0,36.5,20200601_20200327_Quarter_Ending_December_31_2019.pdf,Oct-Dec,,reported
Union,2019,4,58.0,93.0,1.0,62.0,93.5,35.4,30.0,65.0,7.0,57.5,46.0,36.5,20200601_20200327_Quarter_Ending_December_31_2019.pdf,Oct-Dec,,reported
Volusia,2019,4,36.0,61.3,41.0,41.9,86.0,44.8,30.0,65.0,7.0,57.5,46.0,36.5,20200601_20200327_Quarter_Ending_December_31_2019.pdf,Oct-Dec,,reported
Wakulla,2019,4,0.0,0.0,0.0,0.0,0.0,0.0,30.0,65.0,7.0,57.5,46.0,36.5,20200601_20200327_Quarter_Ending_December_31_2019.pdf,Oct-Dec,,reported_all_zero
Walton,2019,4,13.5,107.5,2.0,100.5,13.4,31.3,30.0,65.0,7.0,57.5,46.0,36.5,20200601_20200327_Quarter_Ending_December_31_2019.pdf,Oct-Dec,,reported
Washington,2019,4,0.0,0.0,0.0,0.0,0.0,14.8,30.0,65.0,7.0,57.5,46.0,36.5,20200601_20200327_Quarter_Ending_December_31_2019.pdf,Oct-Dec,,reported
Alachua,2020,1,34.1,53.4,24.0,39.5,86.4,21.4,30.1,73.8,7.0,63.1,50.2,38.3,20200223-quarter-ending-december-31-2020.pdf,Jan-Mar,,reported
Baker,2020,1,0.0,0.0,0.0,0.0,0.0,64.3,30.1,73.8,7.0,63.1,50.2,38.3,20200223-quarter-ending-december-31-2020.pdf,Jan-Mar,,reported
Bay,2020,1,27.8,41.2,23.0,35.3,78.8,36.5,30.1,73.8,7.0,63.1,50.2,38.3,20200223-quarter-ending-december-31-2020.pdf,Jan-Mar,,reported
Bradford,2020,1,3.0,14.0,4.0,14.0,21.4,36.0,30.1,73.8,7.0,63.1,50.2,38.3,20200223-quarter-ending-december-31-2020.pdf,Jan-Mar,,reported
Brevard,2020,1,65.0,143.8,28.0,116.2,55.9,39.4,30.1,73.8,7.0,63.1,50.2,38.3,20200223-quarter-ending-december-31-2020.pdf,Jan-Mar,,reported
Broward,2020,1,48.5,87.9,140.0,63.5,76.4,44.6,30.1,73.8,7.0,63.1,50.2,38.3,20200223-quarter-ending-december-31-2020.pdf,Jan-Mar,,reported
Calhoun,2020,1,0.0,0.0,0.0,0.0,0.0,0.0,30.1,73.8,7.0,63.1,50.2,38.3,20200223-quarter-ending-december-31-2020.pdf,Jan-Mar,,reported_all_zero
Charlotte,2020,1,37.9,84.6,12.0,75.5,50.2,59.8,30.1,73.8,7.0,63.1,50.2,38.3,20200223-quarter-ending-december-31-2020.pdf,Jan-Mar,,reported
Citrus,2020,1,23.3,40.8,12.0,33.3,70.2,28.5,30.1,73.8,7.0,63.1,50.2,38.3,20200223-quarter-ending-december-31-2020.pdf,Jan-Mar,,reported
Clay,2020,1,28.0,74.0,1.0,67.0,41.8,57.7,30.1,73.8,7.0,63.1,50.2,38.3,20200223-quarter-ending-december-31-2020.pdf,Jan-Mar,,reported
Collier,2020,1,26.9,96.4,19.0,88.7,30.3,66.6,30.1,73.8,7.0,63.1,50.2,38.3,20200223-quarter-ending-december-31-2020.pdf,Jan-Mar,,reported
Columbia,2020,1,23.5,33.5,2.0,33.5,70.1,49.7,30.1,73.8,7.0,63.1,50.2,38.3,20200223-quarter-ending-december-31-2020.pdf,Jan-Mar,,reported
DeSoto,2020,1,25.0,0.0,1.0,0.0,0.0,0.0,30.1,73.8,7.0,63.1,50.2,38.3,20200223-quarter-ending-december-31-2020.pdf,Jan-Mar,aps_identity_failure_uncorrected_in_source,reported
Dixie,2020,1,45.0,119.0,1.0,119.0,37.8,26.4,30.1,73.8,7.0,63.1,50.2,38.3,20200223-quarter-ending-december-31-2020.pdf,Jan-Mar,,reported
Duval,2020,1,43.0,84.0,55.0,64.1,67.1,28.4,30.1,73.8,7.0,63.1,50.2,38.3,20200223-quarter-ending-december-31-2020.pdf,Jan-Mar,,reported
Escambia,2020,1,37.8,92.9,29.0,63.8,59.3,32.3,30.1,73.8,7.0,63.1,50.2,38.3,20200223-quarter-ending-december-31-2020.pdf,Jan-Mar,,reported
Flagler,2020,1,38.0,89.7,7.0,56.9,66.8,45.8,30.1,73.8,7.0,63.1,50.2,38.3,20200223-quarter-ending-december-31-2020.pdf,Jan-Mar,,reported
Franklin,2020,1,0.0,0.0,0.0,0.0,0.0,63.3,30.1,73.8,7.0,63.1,50.2,38.3,20200223-quarter-ending-december-31-2020.pdf,Jan-Mar,,reported
Gadsden,2020,1,21.2,53.2,5.0,43.6,48.6,49.1,30.1,73.8,7.0,63.1,50.2,38.3,20200223-quarter-ending-december-31-2020.pdf,Jan-Mar,,reported
Gilchrist,2020,1,6.2,41.5,6.0,35.3,17.5,31.6,30.1,73.8,7.0,63.1,50.2,38.3,20200223-quarter-ending-december-31-2020.pdf,Jan-Mar,,reported
Glades,2020,1,31.0,130.0,1.0,99.0,31.3,45.1,30.1,73.8,7.0,63.1,50.2,38.3,20200223-quarter-ending-december-31-2020.pdf,Jan-Mar,,reported
Gulf,2020,1,36.0,43.0,2.0,36.0,100.0,36.0,30.1,73.8,7.0,63.1,50.2,38.3,20200223-quarter-ending-december-31-2020.pdf,Jan-Mar,,reported
Hamilton,2020,1,0.0,0.0,0.0,0.0,0.0,0.0,30.1,73.8,7.0,63.1,50.2,38.3,20200223-quarter-ending-december-31-2020.pdf,Jan-Mar,,reported_all_zero
Hardee,2020,1,7.0,53.0,3.0,43.7,16.0,53.8,30.1,73.8,7.0,63.1,50.2,38.3,20200223-quarter-ending-december-31-2020.pdf,Jan-Mar,,reported
Hendry,2020,1,50.2,113.6,5.0,97.6,51.4,52.4,30.1,73.8,7.0,63.1,50.2,38.3,20200223-quarter-ending-december-31-2020.pdf,Jan-Mar,,reported
Hernando,2020,1,51.3,96.2,10.0,84.2,60.9,72.5,30.1,73.8,7.0,63.1,50.2,38.3,20200223-quarter-ending-december-31-2020.pdf,Jan-Mar,,reported
Highlands,2020,1,27.5,94.5,2.0,84.0,32.7,24.8,30.1,73.8,7.0,63.1,50.2,38.3,20200223-quarter-ending-december-31-2020.pdf,Jan-Mar,,reported
Hillsborough,2020,1,41.5,91.6,71.0,71.5,58.1,36.7,30.1,73.8,7.0,63.1,50.2,38.3,20200223-quarter-ending-december-31-2020.pdf,Jan-Mar,,reported
Holmes,2020,1,21.0,101.0,1.0,94.0,22.3,41.8,30.1,73.8,7.0,63.1,50.2,38.3,20200223-quarter-ending-december-31-2020.pdf,Jan-Mar,,reported
Indian River,2020,1,31.5,79.5,8.0,69.9,45.1,41.1,30.1,73.8,7.0,63.1,50.2,38.3,20200223-quarter-ending-december-31-2020.pdf,Jan-Mar,,reported
Jackson,2020,1,4.7,69.0,3.0,44.0,10.6,40.0,30.1,73.8,7.0,63.1,50.2,38.3,20200223-quarter-ending-december-31-2020.pdf,Jan-Mar,,reported
Jefferson,2020,1,0.0,0.0,0.0,0.0,0.0,0.0,30.1,73.8,7.0,63.1,50.2,38.3,20200223-quarter-ending-december-31-2020.pdf,Jan-Mar,,reported_all_zero
Lafayette,2020,1,14.0,21.0,1.0,21.0,66.7,35.0,30.1,73.8,7.0,63.1,50.2,38.3,20200223-quarter-ending-december-31-2020.pdf,Jan-Mar,,reported
Lake,2020,1,29.8,53.7,15.0,44.3,67.3,37.2,30.1,73.8,7.0,63.1,50.2,38.3,20200223-quarter-ending-december-31-2020.pdf,Jan-Mar,,reported
Lee,2020,1,33.2,73.8,68.0,67.7,49.1,51.2,30.1,73.8,7.0,63.1,50.2,38.3,20200223-quarter-ending-december-31-2020.pdf,Jan-Mar,,reported
Leon,2020,1,33.4,56.0,32.0,46.9,71.3,44.6,30.1,73.8,7.0,63.1,50.2,38.3,20200223-quarter-ending-december-31-2020.pdf,Jan-Mar,,reported
Levy,2020,1,25.4,63.6,5.0,40.0,63.5,28.6,30.1,73.8,7.0,63.1,50.2,38.3,20200223-quarter-ending-december-31-2020.pdf,Jan-Mar,,reported
Liberty,2020,1,20.0,34.0,1.0,34.0,58.8,42.5,30.1,73.8,7.0,63.1,50.2,38.3,20200223-quarter-ending-december-31-2020.pdf,Jan-Mar,,reported
Madison,2020,1,8.0,120.5,2.0,100.5,8.0,36.5,30.1,73.8,7.0,63.1,50.2,38.3,20200223-quarter-ending-december-31-2020.pdf,Jan-Mar,,reported
Manatee,2020,1,36.7,70.9,22.0,63.1,58.1,41.3,30.1,73.8,7.0,63.1,50.2,38.3,20200223-quarter-ending-december-31-2020.pdf,Jan-Mar,,reported
Marion,2020,1,31.2,69.9,36.0,57.4,54.3,37.5,30.1,73.8,7.0,63.1,50.2,38.3,20200223-quarter-ending-december-31-2020.pdf,Jan-Mar,,reported
Martin,2020,1,40.5,84.4,11.0,69.0,58.6,44.3,30.1,73.8,7.0,63.1,50.2,38.3,20200223-quarter-ending-december-31-2020.pdf,Jan-Mar,,reported
Miami-Dade,2020,1,42.2,94.3,174.0,77.9,54.2,26.9,30.1,73.8,7.0,63.1,50.2,38.3,20200223-quarter-ending-december-31-2020.pdf,Jan-Mar,,reported
Monroe,2020,1,25.0,96.3,8.0,85.1,29.4,30.9,30.1,73.8,7.0,63.1,50.2,38.3,20200223-quarter-ending-december-31-2020.pdf,Jan-Mar,,reported
Nassau,2020,1,35.2,127.4,5.0,119.8,29.4,49.7,30.1,73.8,7.0,63.1,50.2,38.3,20200223-quarter-ending-december-31-2020.pdf,Jan-Mar,,reported
Okaloosa,2020,1,36.7,74.7,6.0,67.3,54.5,51.1,30.1,73.8,7.0,63.1,50.2,38.3,20200223-quarter-ending-december-31-2020.pdf,Jan-Mar,,reported
Okeechobee,2020,1,37.5,207.0,2.0,200.0,18.8,24.6,30.1,73.8,7.0,63.1,50.2,38.3,20200223-quarter-ending-december-31-2020.pdf,Jan-Mar,,reported
Orange,2020,1,29.1,59.5,106.0,50.2,58.0,63.4,30.1,73.8,7.0,63.1,50.2,38.3,20200223-quarter-ending-december-31-2020.pdf,Jan-Mar,,reported
Osceola,2020,1,27.9,74.8,39.0,66.2,42.2,69.4,30.1,73.8,7.0,63.1,50.2,38.3,20200223-quarter-ending-december-31-2020.pdf,Jan-Mar,,reported
Palm Beach,2020,1,36.0,93.9,112.0,75.8,47.5,37.0,30.1,73.8,7.0,63.1,50.2,38.3,20200223-quarter-ending-december-31-2020.pdf,Jan-Mar,,reported
Pasco,2020,1,28.5,42.4,52.0,35.0,81.4,36.6,30.1,73.8,7.0,63.1,50.2,38.3,20200223-quarter-ending-december-31-2020.pdf,Jan-Mar,,reported
Pinellas,2020,1,37.9,98.7,61.0,88.2,42.9,48.1,30.1,73.8,7.0,63.1,50.2,38.3,20200223-quarter-ending-december-31-2020.pdf,Jan-Mar,,reported
Polk,2020,1,35.3,58.2,78.0,42.5,83.2,46.4,30.1,73.8,7.0,63.1,50.2,38.3,20200223-quarter-ending-december-31-2020.pdf,Jan-Mar,,reported
Putnam,2020,1,32.1,57.6,7.0,46.4,69.2,32.5,30.1,73.8,7.0,63.1,50.2,38.3,20200223-quarter-ending-december-31-2020.pdf,Jan-Mar,,reported
Santa Rosa,2020,1,30.1,37.2,31.0,31.9,94.3,38.3,30.1,73.8,7.0,63.1,50.2,38.3,20200223-quarter-ending-december-31-2020.pdf,Jan-Mar,,reported
Sarasota,2020,1,47.1,125.0,15.0,109.7,42.9,39.4,30.1,73.8,7.0,63.1,50.2,38.3,20200223-quarter-ending-december-31-2020.pdf,Jan-Mar,,reported
Seminole,2020,1,30.1,57.3,30.0,48.4,62.2,62.5,30.1,73.8,7.0,63.1,50.2,38.3,20200223-quarter-ending-december-31-2020.pdf,Jan-Mar,,reported
St. Johns,2020,1,35.0,80.0,4.0,67.8,51.7,45.2,30.1,73.8,7.0,63.1,50.2,38.3,20200223-quarter-ending-december-31-2020.pdf,Jan-Mar,,reported
St. Lucie,2020,1,36.2,88.3,22.0,78.1,46.4,36.3,30.1,73.8,7.0,63.1,50.2,38.3,20200223-quarter-ending-december-31-2020.pdf,Jan-Mar,,reported
Sumter,2020,1,17.0,34.3,8.0,26.0,65.4,23.1,30.1,73.8,7.0,63.1,50.2,38.3,20200223-quarter-ending-december-31-2020.pdf,Jan-Mar,,reported
Suwannee,2020,1,8.0,84.5,2.0,70.0,11.4,35.0,30.1,73.8,7.0,63.1,50.2,38.3,20200223-quarter-ending-december-31-2020.pdf,Jan-Mar,,reported
Taylor,2020,1,28.0,82.0,2.0,66.0,42.4,26.4,30.1,73.8,7.0,63.1,50.2,38.3,20200223-quarter-ending-december-31-2020.pdf,Jan-Mar,,reported
Union,2020,1,21.0,162.0,1.0,155.0,13.5,34.4,30.1,73.8,7.0,63.1,50.2,38.3,20200223-quarter-ending-december-31-2020.pdf,Jan-Mar,,reported
Volusia,2020,1,30.5,59.6,37.0,48.1,63.4,46.6,30.1,73.8,7.0,63.1,50.2,38.3,20200223-quarter-ending-december-31-2020.pdf,Jan-Mar,,reported
Wakulla,2020,1,46.0,60.0,1.0,46.0,100.0,56.5,30.1,73.8,7.0,63.1,50.2,38.3,20200223-quarter-ending-december-31-2020.pdf,Jan-Mar,,reported
Walton,2020,1,26.5,80.8,4.0,66.8,39.7,28.6,30.1,73.8,7.0,63.1,50.2,38.3,20200223-quarter-ending-december-31-2020.pdf,Jan-Mar,,reported
Washington,2020,1,0.0,0.0,0.0,0.0,0.0,0.0,30.1,73.8,7.0,63.1,50.2,38.3,20200223-quarter-ending-december-31-2020.pdf,Jan-Mar,,reported_all_zero
Alachua,2020,2,0.0,0.0,0.0,0.0,0.0,0.0,0.0,0.0,0.0,0.0,0.0,0.0,20200223-quarter-ending-december-31-2020.pdf,Apr-Jun,,reported_all_zero
Baker,2020,2,0.0,0.0,0.0,0.0,0.0,0.0,0.0,0.0,0.0,0.0,0.0,0.0,20200223-quarter-ending-december-31-2020.pdf,Apr-Jun,,reported_all_zero
Bay,2020,2,0.0,0.0,0.0,0.0,0.0,0.0,0.0,0.0,0.0,0.0,0.0,0.0,20200223-quarter-ending-december-31-2020.pdf,Apr-Jun,,reported_all_zero
Bradford,2020,2,0.0,0.0,0.0,0.0,0.0,0.0,0.0,0.0,0.0,0.0,0.0,0.0,20200223-quarter-ending-december-31-2020.pdf,Apr-Jun,,reported_all_zero
Brevard,2020,2,0.0,0.0,0.0,0.0,0.0,0.0,0.0,0.0,0.0,0.0,0.0,0.0,20200223-quarter-ending-december-31-2020.pdf,Apr-Jun,,reported_all_zero
Broward,2020,2,0.0,0.0,0.0,0.0,0.0,0.0,0.0,0.0,0.0,0.0,0.0,0.0,20200223-quarter-ending-december-31-2020.pdf,Apr-Jun,,reported_all_zero
Calhoun,2020,2,0.0,0.0,0.0,0.0,0.0,0.0,0.0,0.0,0.0,0.0,0.0,0.0,20200223-quarter-ending-december-31-2020.pdf,Apr-Jun,,reported_all_zero
Charlotte,2020,2,0.0,0.0,0.0,0.0,0.0,0.0,0.0,0.0,0.0,0.0,0.0,0.0,20200223-quarter-ending-december-31-2020.pdf,Apr-Jun,,reported_all_zero
Citrus,2020,2,0.0,0.0,0.0,0.0,0.0,0.0,0.0,0.0,0.0,0.0,0.0,0.0,20200223-quarter-ending-december-31-2020.pdf,Apr-Jun,,reported_all_zero
Clay,2020,2,0.0,0.0,0.0,0.0,0.0,0.0,0.0,0.0,0.0,0.0,0.0,0.0,20200223-quarter-ending-december-31-2020.pdf,Apr-Jun,,reported_all_zero
Collier,2020,2,0.0,0.0,0.0,0.0,0.0,0.0,0.0,0.0,0.0,0.0,0.0,0.0,20200223-quarter-ending-december-31-2020.pdf,Apr-Jun,,reported_all_zero
Columbia,2020,2,0.0,0.0,0.0,0.0,0.0,0.0,0.0,0.0,0.0,0.0,0.0,0.0,20200223-quarter-ending-december-31-2020.pdf,Apr-Jun,,reported_all_zero
DeSoto,2020,2,0.0,0.0,0.0,0.0,0.0,0.0,0.0,0.0,0.0,0.0,0.0,0.0,20200223-quarter-ending-december-31-2020.pdf,Apr-Jun,,reported_all_zero
Dixie,2020,2,0.0,0.0,0.0,0.0,0.0,0.0,0.0,0.0,0.0,0.0,0.0,0.0,20200223-quarter-ending-december-31-2020.pdf,Apr-Jun,,reported_all_zero
Duval,2020,2,0.0,0.0,0.0,0.0,0.0,0.0,0.0,0.0,0.0,0.0,0.0,0.0,20200223-quarter-ending-december-31-2020.pdf,Apr-Jun,,reported_all_zero
Escambia,2020,2,0.0,0.0,0.0,0.0,0.0,0.0,0.0,0.0,0.0,0.0,0.0,0.0,20200223-quarter-ending-december-31-2020.pdf,Apr-Jun,,reported_all_zero
Flagler,2020,2,0.0,0.0,0.0,0.0,0.0,0.0,0.0,0.0,0.0,0.0,0.0,0.0,20200223-quarter-ending-december-31-2020.pdf,Apr-Jun,,reported_all_zero
Franklin,2020,2,0.0,0.0,0.0,0.0,0.0,0.0,0.0,0.0,0.0,0.0,0.0,0.0,20200223-quarter-ending-december-31-2020.pdf,Apr-Jun,,reported_all_zero
Gadsden,2020,2,0.0,0.0,0.0,0.0,0.0,0.0,0.0,0.0,0.0,0.0,0.0,0.0,20200223-quarter-ending-december-31-2020.pdf,Apr-Jun,,reported_all_zero
Gilchrist,2020,2,0.0,0.0,0.0,0.0,0.0,0.0,0.0,0.0,0.0,0.0,0.0,0.0,20200223-quarter-ending-december-31-2020.pdf,Apr-Jun,,reported_all_zero
Glades,2020,2,0.0,0.0,0.0,0.0,0.0,0.0,0.0,0.0,0.0,0.0,0.0,0.0,20200223-quarter-ending-december-31-2020.pdf,Apr-Jun,,reported_all_zero
Gulf,2020,2,0.0,0.0,0.0,0.0,0.0,0.0,0.0,0.0,0.0,0.0,0.0,0.0,20200223-quarter-ending-december-31-2020.pdf,Apr-Jun,,reported_all_zero
Hamilton,2020,2,0.0,0.0,0.0,0.0,0.0,0.0,0.0,0.0,0.0,0.0,0.0,0.0,20200223-quarter-ending-december-31-2020.pdf,Apr-Jun,,reported_all_zero
Hardee,2020,2,0.0,0.0,0.0,0.0,0.0,0.0,0.0,0.0,0.0,0.0,0.0,0.0,20200223-quarter-ending-december-31-2020.pdf,Apr-Jun,,reported_all_zero
Hendry,2020,2,0.0,0.0,0.0,0.0,0.0,0.0,0.0,0.0,0.0,0.0,0.0,0.0,20200223-quarter-ending-december-31-2020.pdf,Apr-Jun,,reported_all_zero
Hernando,2020,2,0.0,0.0,0.0,0.0,0.0,0.0,0.0,0.0,0.0,0.0,0.0,0.0,20200223-quarter-ending-december-31-2020.pdf,Apr-Jun,,reported_all_zero
Highlands,2020,2,0.0,0.0,0.0,0.0,0.0,0.0,0.0,0.0,0.0,0.0,0.0,0.0,20200223-quarter-ending-december-31-2020.pdf,Apr-Jun,,reported_all_zero
Hillsborough,2020,2,0.0,0.0,0.0,0.0,0.0,0.0,0.0,0.0,0.0,0.0,0.0,0.0,20200223-quarter-ending-december-31-2020.pdf,Apr-Jun,,reported_all_zero
Holmes,2020,2,0.0,0.0,0.0,0.0,0.0,0.0,0.0,0.0,0.0,0.0,0.0,0.0,20200223-quarter-ending-december-31-2020.pdf,Apr-Jun,,reported_all_zero
Indian River,2020,2,0.0,0.0,0.0,0.0,0.0,0.0,0.0,0.0,0.0,0.0,0.0,0.0,20200223-quarter-ending-december-31-2020.pdf,Apr-Jun,,reported_all_zero
Jackson,2020,2,0.0,0.0,0.0,0.0,0.0,0.0,0.0,0.0,0.0,0.0,0.0,0.0,20200223-quarter-ending-december-31-2020.pdf,Apr-Jun,,reported_all_zero
Jefferson,2020,2,0.0,0.0,0.0,0.0,0.0,0.0,0.0,0.0,0.0,0.0,0.0,0.0,20200223-quarter-ending-december-31-2020.pdf,Apr-Jun,,reported_all_zero
Lafayette,2020,2,0.0,0.0,0.0,0.0,0.0,0.0,0.0,0.0,0.0,0.0,0.0,0.0,20200223-quarter-ending-december-31-2020.pdf,Apr-Jun,,reported_all_zero
Lake,2020,2,0.0,0.0,0.0,0.0,0.0,0.0,0.0,0.0,0.0,0.0,0.0,0.0,20200223-quarter-ending-december-31-2020.pdf,Apr-Jun,,reported_all_zero
Lee,2020,2,0.0,0.0,0.0,0.0,0.0,0.0,0.0,0.0,0.0,0.0,0.0,0.0,20200223-quarter-ending-december-31-2020.pdf,Apr-Jun,,reported_all_zero
Leon,2020,2,0.0,0.0,0.0,0.0,0.0,0.0,0.0,0.0,0.0,0.0,0.0,0.0,20200223-quarter-ending-december-31-2020.pdf,Apr-Jun,,reported_all_zero
Levy,2020,2,0.0,0.0,0.0,0.0,0.0,0.0,0.0,0.0,0.0,0.0,0.0,0.0,20200223-quarter-ending-december-31-2020.pdf,Apr-Jun,,reported_all_zero
Liberty,2020,2,0.0,0.0,0.0,0.0,0.0,0.0,0.0,0.0,0.0,0.0,0.0,0.0,20200223-quarter-ending-december-31-2020.pdf,Apr-Jun,,reported_all_zero
Madison,2020,2,0.0,0.0,0.0,0.0,0.0,0.0,0.0,0.0,0.0,0.0,0.0,0.0,20200223-quarter-ending-december-31-2020.pdf,Apr-Jun,,reported_all_zero
Manatee,2020,2,0.0,0.0,0.0,0.0,0.0,0.0,0.0,0.0,0.0,0.0,0.0,0.0,20200223-quarter-ending-december-31-2020.pdf,Apr-Jun,,reported_all_zero
Marion,2020,2,0.0,0.0,0.0,0.0,0.0,0.0,0.0,0.0,0.0,0.0,0.0,0.0,20200223-quarter-ending-december-31-2020.pdf,Apr-Jun,,reported_all_zero
Martin,2020,2,0.0,0.0,0.0,0.0,0.0,0.0,0.0,0.0,0.0,0.0,0.0,0.0,20200223-quarter-ending-december-31-2020.pdf,Apr-Jun,,reported_all_zero
Miami-Dade,2020,2,0.0,0.0,0.0,0.0,0.0,0.0,0.0,0.0,0.0,0.0,0.0,0.0,20200223-quarter-ending-december-31-2020.pdf,Apr-Jun,,reported_all_zero
Monroe,2020,2,0.0,0.0,0.0,0.0,0.0,0.0,0.0,0.0,0.0,0.0,0.0,0.0,20200223-quarter-ending-december-31-2020.pdf,Apr-Jun,,reported_all_zero
Nassau,2020,2,0.0,0.0,0.0,0.0,0.0,0.0,0.0,0.0,0.0,0.0,0.0,0.0,20200223-quarter-ending-december-31-2020.pdf,Apr-Jun,,reported_all_zero
Okaloosa,2020,2,0.0,0.0,0.0,0.0,0.0,0.0,0.0,0.0,0.0,0.0,0.0,0.0,20200223-quarter-ending-december-31-2020.pdf,Apr-Jun,,reported_all_zero
Okeechobee,2020,2,0.0,0.0,0.0,0.0,0.0,0.0,0.0,0.0,0.0,0.0,0.0,0.0,20200223-quarter-ending-december-31-2020.pdf,Apr-Jun,,reported_all_zero
Orange,2020,2,0.0,0.0,0.0,0.0,0.0,0.0,0.0,0.0,0.0,0.0,0.0,0.0,20200223-quarter-ending-december-31-2020.pdf,Apr-Jun,,reported_all_zero
Osceola,2020,2,0.0,0.0,0.0,0.0,0.0,0.0,0.0,0.0,0.0,0.0,0.0,0.0,20200223-quarter-ending-december-31-2020.pdf,Apr-Jun,,reported_all_zero
Palm Beach,2020,2,0.0,0.0,0.0,0.0,0.0,0.0,0.0,0.0,0.0,0.0,0.0,0.0,20200223-quarter-ending-december-31-2020.pdf,Apr-Jun,,reported_all_zero
Pasco,2020,2,0.0,0.0,0.0,0.0,0.0,0.0,0.0,0.0,0.0,0.0,0.0,0.0,20200223-quarter-ending-december-31-2020.pdf,Apr-Jun,,reported_all_zero
Pinellas,2020,2,0.0,0.0,0.0,0.0,0.0,0.0,0.0,0.0,0.0,0.0,0.0,0.0,20200223-quarter-ending-december-31-2020.pdf,Apr-Jun,,reported_all_zero
Polk,2020,2,0.0,0.0,0.0,0.0,0.0,0.0,0.0,0.0,0.0,0.0,0.0,0.0,20200223-quarter-ending-december-31-2020.pdf,Apr-Jun,,reported_all_zero
Putnam,2020,2,0.0,0.0,0.0,0.0,0.0,0.0,0.0,0.0,0.0,0.0,0.0,0.0,20200223-quarter-ending-december-31-2020.pdf,Apr-Jun,,reported_all_zero
Santa Rosa,2020,2,0.0,0.0,0.0,0.0,0.0,0.0,0.0,0.0,0.0,0.0,0.0,0.0,20200223-quarter-ending-december-31-2020.pdf,Apr-Jun,,reported_all_zero
Sarasota,2020,2,0.0,0.0,0.0,0.0,0.0,0.0,0.0,0.0,0.0,0.0,0.0,0.0,20200223-quarter-ending-december-31-2020.pdf,Apr-Jun,,reported_all_zero
Seminole,2020,2,0.0,0.0,0.0,0.0,0.0,0.0,0.0,0.0,0.0,0.0,0.0,0.0,20200223-quarter-ending-december-31-2020.pdf,Apr-Jun,,reported_all_zero
St. Johns,2020,2,0.0,0.0,0.0,0.0,0.0,0.0,0.0,0.0,0.0,0.0,0.0,0.0,20200223-quarter-ending-december-31-2020.pdf,Apr-Jun,,reported_all_zero
St. Lucie,2020,2,0.0,0.0,0.0,0.0,0.0,0.0,0.0,0.0,0.0,0.0,0.0,0.0,20200223-quarter-ending-december-31-2020.pdf,Apr-Jun,,reported_all_zero
Sumter,2020,2,0.0,0.0,0.0,0.0,0.0,0.0,0.0,0.0,0.0,0.0,0.0,0.0,20200223-quarter-ending-december-31-2020.pdf,Apr-Jun,,reported_all_zero
Suwannee,2020,2,0.0,0.0,0.0,0.0,0.0,0.0,0.0,0.0,0.0,0.0,0.0,0.0,20200223-quarter-ending-december-31-2020.pdf,Apr-Jun,,reported_all_zero
Taylor,2020,2,0.0,0.0,0.0,0.0,0.0,0.0,0.0,0.0,0.0,0.0,0.0,0.0,20200223-quarter-ending-december-31-2020.pdf,Apr-Jun,,reported_all_zero
Union,2020,2,0.0,0.0,0.0,0.0,0.0,0.0,0.0,0.0,0.0,0.0,0.0,0.0,20200223-quarter-ending-december-31-2020.pdf,Apr-Jun,,reported_all_zero
Volusia,2020,2,0.0,0.0,0.0,0.0,0.0,0.0,0.0,0.0,0.0,0.0,0.0,0.0,20200223-quarter-ending-december-31-2020.pdf,Apr-Jun,,reported_all_zero
Wakulla,2020,2,0.0,0.0,0.0,0.0,0.0,0.0,0.0,0.0,0.0,0.0,0.0,0.0,20200223-quarter-ending-december-31-2020.pdf,Apr-Jun,,reported_all_zero
Walton,2020,2,0.0,0.0,0.0,0.0,0.0,0.0,0.0,0.0,0.0,0.0,0.0,0.0,20200223-quarter-ending-december-31-2020.pdf,Apr-Jun,,reported_all_zero
Washington,2020,2,0.0,0.0,0.0,0.0,0.0,0.0,0.0,0.0,0.0,0.0,0.0,0.0,20200223-quarter-ending-december-31-2020.pdf,Apr-Jun,,reported_all_zero
Alachua,2020,3,0.0,0.0,0.0,0.0,0.0,0.0,0.0,0.0,0.0,0.0,0.0,0.0,20200223-quarter-ending-december-31-2020.pdf,Jul-Sep,,reported_all_zero
Baker,2020,3,0.0,0.0,0.0,0.0,0.0,56.1,0.0,0.0,0.0,0.0,0.0,0.0,20200223-quarter-ending-december-31-2020.pdf,Jul-Sep,,reported
Bay,2020,3,0.0,0.0,0.0,0.0,0.0,0.0,0.0,0.0,0.0,0.0,0.0,0.0,20200223-quarter-ending-december-31-2020.pdf,Jul-Sep,,reported_all_zero
Bradford,2020,3,34.0,76.0,1.0,76.0,44.7,25.3,0.0,0.0,0.0,0.0,0.0,0.0,20200223-quarter-ending-december-31-2020.pdf,Jul-Sep,,reported
Brevard,2020,3,0.0,0.0,0.0,0.0,86.0,28.7,0.0,0.0,0.0,0.0,0.0,0.0,20200223-quarter-ending-december-31-2020.pdf,Jul-Sep,,reported
Broward,2020,3,0.0,0.0,0.0,0.0,0.0,0.0,0.0,0.0,0.0,0.0,0.0,0.0,20200223-quarter-ending-december-31-2020.pdf,Jul-Sep,,reported_all_zero
Calhoun,2020,3,0.0,0.0,0.0,0.0,0.0,0.0,0.0,0.0,0.0,0.0,0.0,0.0,20200223-quarter-ending-december-31-2020.pdf,Jul-Sep,,reported_all_zero
Charlotte,2020,3,27.4,36.2,5.0,32.0,85.6,56.3,0.0,0.0,0.0,0.0,0.0,0.0,20200223-quarter-ending-december-31-2020.pdf,Jul-Sep,,reported
Citrus,2020,3,0.0,0.0,0.0,0.0,0.0,0.0,0.0,0.0,0.0,0.0,0.0,0.0,20200223-quarter-ending-december-31-2020.pdf,Jul-Sep,,reported_all_zero
Clay,2020,3,0.0,0.0,0.0,0.0,0.0,0.0,0.0,0.0,0.0,0.0,0.0,0.0,20200223-quarter-ending-december-31-2020.pdf,Jul-Sep,,reported_all_zero
Collier,2020,3,0.0,0.0,0.0,0.0,0.0,0.0,0.0,0.0,0.0,0.0,0.0,0.0,20200223-quarter-ending-december-31-2020.pdf,Jul-Sep,,reported_all_zero
Columbia,2020,3,0.0,0.0,0.0,0.0,0.0,0.0,0.0,0.0,0.0,0.0,0.0,0.0,20200223-quarter-ending-december-31-2020.pdf,Jul-Sep,,reported_all_zero
DeSoto,2020,3,0.0,0.0,0.0,0.0,0.0,0.0,0.0,0.0,0.0,0.0,0.0,0.0,20200223-quarter-ending-december-31-2020.pdf,Jul-Sep,,reported_all_zero
Dixie,2020,3,0.0,0.0,0.0,0.0,0.0,0.0,0.0,0.0,0.0,0.0,0.0,0.0,20200223-quarter-ending-december-31-2020.pdf,Jul-Sep,,reported_all_zero
Duval,2020,3,27.0,27.0,1.0,27.0,100.0,18.0,0.0,0.0,0.0,0.0,0.0,0.0,20200223-quarter-ending-december-31-2020.pdf,Jul-Sep,,reported
Escambia,2020,3,0.0,0.0,0.0,0.0,0.0,0.0,0.0,0.0,0.0,0.0,0.0,0.0,20200223-quarter-ending-december-31-2020.pdf,Jul-Sep,,reported_all_zero
Flagler,2020,3,23.7,31.0,3.0,24.0,98.6,37.7,0.0,0.0,0.0,0.0,0.0,0.0,20200223-quarter-ending-december-31-2020.pdf,Jul-Sep,,reported
Franklin,2020,3,0.0,0.0,0.0,0.0,0.0,0.0,0.0,0.0,0.0,0.0,0.0,0.0,20200223-quarter-ending-december-31-2020.pdf,Jul-Sep,,reported_all_zero
Gadsden,2020,3,25.0,26.0,1.0,26.0,96.2,43.3,0.0,0.0,0.0,0.0,0.0,0.0,20200223-quarter-ending-december-31-2020.pdf,Jul-Sep,,reported
Gilchrist,2020,3,0.0,0.0,0.0,0.0,0.0,0.0,0.0,0.0,0.0,0.0,0.0,0.0,20200223-quarter-ending-december-31-2020.pdf,Jul-Sep,,reported_all_zero
Glades,2020,3,0.0,0.0,0.0,0.0,0.0,3.5,0.0,0.0,0.0,0.0,0.0,0.0,20200223-quarter-ending-december-31-2020.pdf,Jul-Sep,,reported
Gulf,2020,3,0.0,0.0,0.0,0.0,0.0,0.0,0.0,0.0,0.0,0.0,0.0,0.0,20200223-quarter-ending-december-31-2020.pdf,Jul-Sep,,reported_all_zero
Hamilton,2020,3,0.0,0.0,0.0,0.0,0.0,0.0,0.0,0.0,0.0,0.0,0.0,0.0,20200223-quarter-ending-december-31-2020.pdf,Jul-Sep,,reported_all_zero
Hardee,2020,3,7.0,30.0,2.0,23.0,30.4,55.3,0.0,0.0,0.0,0.0,0.0,0.0,20200223-quarter-ending-december-31-2020.pdf,Jul-Sep,,reported
Hendry,2020,3,36.3,36.3,3.0,36.3,100.0,24.2,0.0,0.0,0.0,0.0,0.0,0.0,20200223-quarter-ending-december-31-2020.pdf,Jul-Sep,,reported
Hernando,2020,3,0.0,0.0,0.0,0.0,0.0,0.0,0.0,0.0,0.0,0.0,0.0,0.0,20200223-quarter-ending-december-31-2020.pdf,Jul-Sep,,reported_all_zero
Highlands,2020,3,0.0,0.0,0.0,0.0,0.0,0.0,0.0,0.0,0.0,0.0,0.0,0.0,20200223-quarter-ending-december-31-2020.pdf,Jul-Sep,,reported_all_zero
Hillsborough,2020,3,0.0,0.0,0.0,0.0,0.0,0.0,0.0,0.0,0.0,0.0,0.0,0.0,20200223-quarter-ending-december-31-2020.pdf,Jul-Sep,,reported_all_zero
Holmes,2020,3,0.0,0.0,0.0,0.0,0.0,0.0,0.0,0.0,0.0,0.0,0.0,0.0,20200223-quarter-ending-december-31-2020.pdf,Jul-Sep,,reported_all_zero
Indian River,2020,3,0.0,0.0,0.0,0.0,0.0,0.0,0.0,0.0,0.0,0.0,0.0,0.0,20200223-quarter-ending-december-31-2020.pdf,Jul-Sep,,reported_all_zero
Jackson,2020,3,0.0,0.0,0.0,0.0,0.0,0.0,0.0,0.0,0.0,0.0,0.0,0.0,20200223-quarter-ending-december-31-2020.pdf,Jul-Sep,,reported_all_zero
Jefferson,2020,3,0.0,0.0,0.0,0.0,0.0,0.0,0.0,0.0,0.0,0.0,0.0,0.0,20200223-quarter-ending-december-31-2020.pdf,Jul-Sep,,reported_all_zero
Lafayette,2020,3,0.0,0.0,0.0,0.0,0.0,0.0,0.0,0.0,0.0,0.0,0.0,0.0,20200223-quarter-ending-december-31-2020.pdf,Jul-Sep,,reported_all_zero
Lake,2020,3,0.0,0.0,0.0,0.0,0.0,0.0,0.0,0.0,0.0,0.0,0.0,0.0,20200223-quarter-ending-december-31-2020.pdf,Jul-Sep,,reported_all_zero
Lee,2020,3,19.3,26.5,4.0,26.5,72.6,26.5,0.0,0.0,0.0,0.0,0.0,0.0,20200223-quarter-ending-december-31-2020.pdf,Jul-Sep,,reported
Leon,2020,3,0.0,0.0,0.0,0.0,0.0,0.0,0.0,0.0,0.0,0.0,0.0,0.0,20200223-quarter-ending-december-31-2020.pdf,Jul-Sep,,reported_all_zero
Levy,2020,3,0.0,0.0,0.0,0.0,190.5,75.0,0.0,0.0,0.0,0.0,0.0,0.0,20200223-quarter-ending-december-31-2020.pdf,Jul-Sep,percent_to_voir_dire_gt_100_reported; ,reported
Liberty,2020,3,0.0,0.0,0.0,0.0,0.0,0.0,0.0,0.0,0.0,0.0,0.0,0.0,20200223-quarter-ending-december-31-2020.pdf,Jul-Sep,,reported_all_zero
Madison,2020,3,0.0,0.0,0.0,0.0,0.0,0.0,0.0,0.0,0.0,0.0,0.0,0.0,20200223-quarter-ending-december-31-2020.pdf,Jul-Sep,,reported_all_zero
Manatee,2020,3,0.0,0.0,0.0,0.0,0.0,50.6,0.0,0.0,0.0,0.0,0.0,0.0,20200223-quarter-ending-december-31-2020.pdf,Jul-Sep,,reported
Marion,2020,3,0.0,0.0,0.0,0.0,0.0,0.0,0.0,0.0,0.0,0.0,0.0,0.0,20200223-quarter-ending-december-31-2020.pdf,Jul-Sep,,reported_all_zero
Martin,2020,3,0.0,0.0,0.0,0.0,0.0,0.0,0.0,0.0,0.0,0.0,0.0,0.0,20200223-quarter-ending-december-31-2020.pdf,Jul-Sep,,reported_all_zero
Miami-Dade,2020,3,0.0,0.0,0.0,0.0,0.0,0.0,0.0,0.0,0.0,0.0,0.0,0.0,20200223-quarter-ending-december-31-2020.pdf,Jul-Sep,,reported_all_zero
Monroe,2020,3,0.0,0.0,0.0,0.0,0.0,0.0,0.0,0.0,0.0,0.0,0.0,0.0,20200223-quarter-ending-december-31-2020.pdf,Jul-Sep,,reported_all_zero
Nassau,2020,3,0.0,0.0,0.0,0.0,0.0,0.0,0.0,0.0,0.0,0.0,0.0,0.0,20200223-quarter-ending-december-31-2020.pdf,Jul-Sep,,reported_all_zero
Okaloosa,2020,3,0.0,0.0,0.0,0.0,0.0,100.0,0.0,0.0,0.0,0.0,0.0,0.0,20200223-quarter-ending-december-31-2020.pdf,Jul-Sep,,reported
Okeechobee,2020,3,0.0,0.0,0.0,0.0,0.0,0.0,0.0,0.0,0.0,0.0,0.0,0.0,20200223-quarter-ending-december-31-2020.pdf,Jul-Sep,,reported_all_zero
Orange,2020,3,0.0,0.0,0.0,0.0,0.0,0.0,0.0,0.0,0.0,0.0,0.0,0.0,20200223-quarter-ending-december-31-2020.pdf,Jul-Sep,,reported_all_zero
Osceola,2020,3,0.0,0.0,0.0,0.0,0.0,0.0,0.0,0.0,0.0,0.0,0.0,0.0,20200223-quarter-ending-december-31-2020.pdf,Jul-Sep,,reported_all_zero
Palm Beach,2020,3,0.0,0.0,0.0,0.0,0.0,0.0,0.0,0.0,0.0,0.0,0.0,0.0,20200223-quarter-ending-december-31-2020.pdf,Jul-Sep,,reported_all_zero
Pasco,2020,3,0.0,0.0,0.0,0.0,0.0,0.0,0.0,0.0,0.0,0.0,0.0,0.0,20200223-quarter-ending-december-31-2020.pdf,Jul-Sep,,reported_all_zero
Pinellas,2020,3,0.0,0.0,0.0,0.0,0.0,0.0,0.0,0.0,0.0,0.0,0.0,0.0,20200223-quarter-ending-december-31-2020.pdf,Jul-Sep,,reported_all_zero
Polk,2020,3,0.0,0.0,0.0,0.0,0.0,0.0,0.0,0.0,0.0,0.0,0.0,0.0,20200223-quarter-ending-december-31-2020.pdf,Jul-Sep,,reported_all_zero
Putnam,2020,3,0.0,0.0,0.0,0.0,0.0,0.0,0.0,0.0,0.0,0.0,0.0,0.0,20200223-quarter-ending-december-31-2020.pdf,Jul-Sep,,reported_all_zero
Santa Rosa,2020,3,0.0,0.0,0.0,0.0,0.0,0.0,0.0,0.0,0.0,0.0,0.0,0.0,20200223-quarter-ending-december-31-2020.pdf,Jul-Sep,,reported_all_zero
Sarasota,2020,3,28.5,38.0,2.0,28.5,100.0,19.0,0.0,0.0,0.0,0.0,0.0,0.0,20200223-quarter-ending-december-31-2020.pdf,Jul-Sep,,reported
Seminole,2020,3,0.0,0.0,0.0,0.0,0.0,0.0,0.0,0.0,0.0,0.0,0.0,0.0,20200223-quarter-ending-december-31-2020.pdf,Jul-Sep,,reported_all_zero
St. Johns,2020,3,20.0,35.0,1.0,28.0,71.4,43.2,0.0,0.0,0.0,0.0,0.0,0.0,20200223-quarter-ending-december-31-2020.pdf,Jul-Sep,,reported
St. Lucie,2020,3,0.0,0.0,0.0,0.0,0.0,0.0,0.0,0.0,0.0,0.0,0.0,0.0,20200223-quarter-ending-december-31-2020.pdf,Jul-Sep,,reported_all_zero
Sumter,2020,3,0.0,0.0,0.0,0.0,0.0,0.0,0.0,0.0,0.0,0.0,0.0,0.0,20200223-quarter-ending-december-31-2020.pdf,Jul-Sep,,reported_all_zero
Suwannee,2020,3,0.0,0.0,0.0,0.0,0.0,0.0,0.0,0.0,0.0,0.0,0.0,0.0,20200223-quarter-ending-december-31-2020.pdf,Jul-Sep,,reported_all_zero
Taylor,2020,3,0.0,0.0,0.0,0.0,0.0,0.0,0.0,0.0,0.0,0.0,0.0,0.0,20200223-quarter-ending-december-31-2020.pdf,Jul-Sep,,reported_all_zero
Union,2020,3,0.0,0.0,0.0,0.0,0.0,0.0,0.0,0.0,0.0,0.0,0.0,0.0,20200223-quarter-ending-december-31-2020.pdf,Jul-Sep,,reported_all_zero
Volusia,2020,3,0.0,0.0,0.0,0.0,0.0,49.3,0.0,0.0,0.0,0.0,0.0,0.0,20200223-quarter-ending-december-31-2020.pdf,Jul-Sep,,reported
Wakulla,2020,3,0.0,0.0,0.0,0.0,0.0,0.0,0.0,0.0,0.0,0.0,0.0,0.0,20200223-quarter-ending-december-31-2020.pdf,Jul-Sep,,reported_all_zero
Walton,2020,3,0.0,0.0,0.0,0.0,0.0,70.0,0.0,0.0,0.0,0.0,0.0,0.0,20200223-quarter-ending-december-31-2020.pdf,Jul-Sep,,reported
Washington,2020,3,0.0,0.0,0.0,0.0,0.0,0.0,0.0,0.0,0.0,0.0,0.0,0.0,20200223-quarter-ending-december-31-2020.pdf,Jul-Sep,,reported_all_zero
Alachua,2020,4,43.7,66.7,7.0,60.7,72.0,18.1,18.9,37.0,1.0,32.2,13.7,25.9,20200223-quarter-ending-december-31-2020.pdf,Oct-Dec,,reported
Baker,2020,4,16.0,150.7,3.0,136.0,11.8,56.0,18.9,37.0,1.0,32.2,13.7,25.9,20200223-quarter-ending-december-31-2020.pdf,Oct-Dec,,reported
Bay,2020,4,20.2,34.7,11.0,28.1,71.8,38.1,18.9,37.0,1.0,32.2,13.7,25.9,20200223-quarter-ending-december-31-2020.pdf,Oct-Dec,,reported
Bradford,2020,4,17.0,64.0,1.0,64.0,26.6,25.6,18.9,37.0,1.0,32.2,13.7,25.9,20200223-quarter-ending-december-31-2020.pdf,Oct-Dec,,reported
Brevard,2020,4,51.1,158.4,17.0,134.4,38.0,49.7,18.9,37.0,1.0,32.2,13.7,25.9,20200223-quarter-ending-december-31-2020.pdf,Oct-Dec,,reported
Broward,2020,4,0.0,0.0,0.0,0.0,0.0,0.0,18.9,37.0,1.0,32.2,13.7,25.9,20200223-quarter-ending-december-31-2020.pdf,Oct-Dec,,reported_all_zero
Calhoun,2020,4,0.0,0.0,0.0,0.0,0.0,0.0,18.9,37.0,1.0,32.2,13.7,25.9,20200223-quarter-ending-december-31-2020.pdf,Oct-Dec,,reported_all_zero
Charlotte,2020,4,23.2,26.3,14.0,25.5,91.0,57.4,18.9,37.0,1.0,32.2,13.7,25.9,20200223-quarter-ending-december-31-2020.pdf,Oct-Dec,,reported
Citrus,2020,4,0.0,0.0,0.0,0.0,0.0,0.0,18.9,37.0,1.0,32.2,13.7,25.9,20200223-quarter-ending-december-31-2020.pdf,Oct-Dec,,reported_all_zero
Clay,2020,4,0.0,0.0,0.0,0.0,0.0,0.0,18.9,37.0,1.0,32.2,13.7,25.9,20200223-quarter-ending-december-31-2020.pdf,Oct-Dec,,reported_all_zero
Collier,2020,4,27.0,390.5,2.0,379.5,7.1,90.3,18.9,37.0,1.0,32.2,13.7,25.9,20200223-quarter-ending-december-31-2020.pdf,Oct-Dec,,reported
Columbia,2020,4,30.0,38.0,1.0,38.0,78.9,34.0,18.9,37.0,1.0,32.2,13.7,25.9,20200223-quarter-ending-december-31-2020.pdf,Oct-Dec,,reported
DeSoto,2020,4,0.0,0.0,0.0,0.0,0.0,100.0,18.9,37.0,1.0,32.2,13.7,25.9,20200223-quarter-ending-december-31-2020.pdf,Oct-Dec,,reported
Dixie,2020,4,0.0,0.0,0.0,0.0,0.0,1.0,18.9,37.0,1.0,32.2,13.7,25.9,20200223-quarter-ending-december-31-2020.pdf,Oct-Dec,,reported
Duval,2020,4,42.3,54.5,6.0,49.5,85.5,24.8,18.9,37.0,1.0,32.2,13.7,25.9,20200223-quarter-ending-december-31-2020.pdf,Oct-Dec,,reported
Escambia,2020,4,120.7,169.2,6.0,153.2,78.8,19.6,18.9,37.0,1.0,32.2,13.7,25.9,20200223-quarter-ending-december-31-2020.pdf,Oct-Dec,,reported
Flagler,2020,4,31.0,38.7,3.0,36.3,85.3,54.9,18.9,37.0,1.0,32.2,13.7,25.9,20200223-quarter-ending-december-31-2020.pdf,Oct-Dec,,reported
Franklin,2020,4,0.0,0.0,0.0,0.0,0.0,0.0,18.9,37.0,1.0,32.2,13.7,25.9,20200223-quarter-ending-december-31-2020.pdf,Oct-Dec,,reported_all_zero
Gadsden,2020,4,0.0,0.0,0.0,0.0,0.0,0.0,18.9,37.0,1.0,32.2,13.7,25.9,20200223-quarter-ending-december-31-2020.pdf,Oct-Dec,,reported_all_zero
Gilchrist,2020,4,0.0,0.0,0.0,0.0,0.0,0.0,18.9,37.0,1.0,32.2,13.7,25.9,20200223-quarter-ending-december-31-2020.pdf,Oct-Dec,,reported_all_zero
Glades,2020,4,18.0,167.0,1.0,149.0,12.1,54.5,18.9,37.0,1.0,32.2,13.7,25.9,20200223-quarter-ending-december-31-2020.pdf,Oct-Dec,,reported
Gulf,2020,4,0.0,0.0,0.0,0.0,0.0,0.0,18.9,37.0,1.0,32.2,13.7,25.9,20200223-quarter-ending-december-31-2020.pdf,Oct-Dec,,reported_all_zero
Hamilton,2020,4,0.0,0.0,0.0,0.0,0.0,0.0,18.9,37.0,1.0,32.2,13.7,25.9,20200223-quarter-ending-december-31-2020.pdf,Oct-Dec,,reported_all_zero
Hardee,2020,4,0.0,0.0,0.0,0.0,0.0,0.0,18.9,37.0,1.0,32.2,13.7,25.9,20200223-quarter-ending-december-31-2020.pdf,Oct-Dec,,reported_all_zero
Hendry,2020,4,23.0,26.7,3.0,26.7,86.3,20.0,18.9,37.0,1.0,32.2,13.7,25.9,20200223-quarter-ending-december-31-2020.pdf,Oct-Dec,,reported
Hernando,2020,4,0.0,0.0,0.0,0.0,0.0,41.6,18.9,37.0,1.0,32.2,13.7,25.9,20200223-quarter-ending-december-31-2020.pdf,Oct-Dec,,reported
Highlands,2020,4,0.0,0.0,0.0,0.0,0.0,0.0,18.9,37.0,1.0,32.2,13.7,25.9,20200223-quarter-ending-december-31-2020.pdf,Oct-Dec,,reported_all_zero
Hillsborough,2020,4,32.3,108.7,48.0,96.0,33.6,36.6,18.9,37.0,1.0,32.2,13.7,25.9,20200223-quarter-ending-december-31-2020.pdf,Oct-Dec,,reported
Holmes,2020,4,24.0,43.0,1.0,28.0,85.7,62.7,18.9,37.0,1.0,32.2,13.7,25.9,20200223-quarter-ending-december-31-2020.pdf,Oct-Dec,,reported
Indian River,2020,4,64.5,303.5,2.0,280.5,23.0,53.9,18.9,37.0,1.0,32.2,13.7,25.9,20200223-quarter-ending-december-31-2020.pdf,Oct-Dec,,reported
Jackson,2020,4,0.0,0.0,0.0,0.0,0.0,0.0,18.9,37.0,1.0,32.2,13.7,25.9,20200223-quarter-ending-december-31-2020.pdf,Oct-Dec,,reported_all_zero
Jefferson,2020,4,0.0,0.0,0.0,0.0,0.0,0.0,18.9,37.0,1.0,32.2,13.7,25.9,20200223-quarter-ending-december-31-2020.pdf,Oct-Dec,,reported_all_zero
Lafayette,2020,4,0.0,0.0,0.0,0.0,0.0,0.0,18.9,37.0,1.0,32.2,13.7,25.9,20200223-quarter-ending-december-31-2020.pdf,Oct-Dec,,reported_all_zero
Lake,2020,4,0.0,0.0,0.0,0.0,0.0,0.0,18.9,37.0,1.0,32.2,13.7,25.9,20200223-quarter-ending-december-31-2020.pdf,Oct-Dec,,reported_all_zero
Lee,2020,4,18.9,58.7,15.0,56.4,33.6,31.5,18.9,37.0,1.0,32.2,13.7,25.9,20200223-quarter-ending-december-31-2020.pdf,Oct-Dec,,reported
Leon,2020,4,21.0,69.0,1.0,54.0,38.9,36.0,18.9,37.0,1.0,32.2,13.7,25.9,20200223-quarter-ending-december-31-2020.pdf,Oct-Dec,,reported
Levy,2020,4,0.0,0.0,0.0,0.0,0.0,100.0,18.9,37.0,1.0,32.2,13.7,25.9,20200223-quarter-ending-december-31-2020.pdf,Oct-Dec,,reported
Liberty,2020,4,0.0,0.0,0.0,0.0,0.0,0.0,18.9,37.0,1.0,32.2,13.7,25.9,20200223-quarter-ending-december-31-2020.pdf,Oct-Dec,,reported_all_zero
Madison,2020,4,4.2,37.0,5.0,32.2,13.0,32.2,18.9,37.0,1.0,32.2,13.7,25.9,20200223-quarter-ending-december-31-2020.pdf,Oct-Dec,,reported
Manatee,2020,4,27.1,69.4,8.0,62.0,43.8,45.9,18.9,37.0,1.0,32.2,13.7,25.9,20200223-quarter-ending-december-31-2020.pdf,Oct-Dec,,reported
Marion,2020,4,0.0,0.0,0.0,0.0,0.0,27.5,18.9,37.0,1.0,32.2,13.7,25.9,20200223-quarter-ending-december-31-2020.pdf,Oct-Dec,,reported
Martin,2020,4,25.0,210.0,1.0,182.0,13.7,39.0,18.9,37.0,1.0,32.2,13.7,25.9,20200223-quarter-ending-december-31-2020.pdf,Oct-Dec,,reported
Miami-Dade,2020,4,0.0,0.0,0.0,0.0,0.0,0.0,18.9,37.0,1.0,32.2,13.7,25.9,20200223-quarter-ending-december-31-2020.pdf,Oct-Dec,,reported_all_zero
Monroe,2020,4,0.0,0.0,0.0,0.0,0.0,0.0,18.9,37.0,1.0,32.2,13.7,25.9,20200223-quarter-ending-december-31-2020.pdf,Oct-Dec,,reported_all_zero
Nassau,2020,4,21.0,459.0,1.0,459.0,4.6,39.2,18.9,37.0,1.0,32.2,13.7,25.9,20200223-quarter-ending-december-31-2020.pdf,Oct-Dec,,reported
Okaloosa,2020,4,26.0,33.0,1.0,26.0,100.0,49.8,18.9,37.0,1.0,32.2,13.7,25.9,20200223-quarter-ending-december-31-2020.pdf,Oct-Dec,,reported
Okeechobee,2020,4,7.0,130.0,1.0,123.0,5.7,18.9,18.9,37.0,1.0,32.2,13.7,25.9,20200223-quarter-ending-december-31-2020.pdf,Oct-Dec,,reported
Orange,2020,4,27.3,67.1,51.0,60.3,45.3,31.8,18.9,37.0,1.0,32.2,13.7,25.9,20200223-quarter-ending-december-31-2020.pdf,Oct-Dec,,reported
Osceola,2020,4,28.7,80.1,23.0,77.7,36.9,19.0,18.9,37.0,1.0,32.2,13.7,25.9,20200223-quarter-ending-december-31-2020.pdf,Oct-Dec,,reported
Palm Beach,2020,4,26.4,131.6,5.0,125.2,21.1,23.2,18.9,37.0,1.0,32.2,13.7,25.9,20200223-quarter-ending-december-31-2020.pdf,Oct-Dec,,reported
Pasco,2020,4,19.4,50.0,7.0,49.0,39.7,32.0,18.9,37.0,1.0,32.2,13.7,25.9,20200223-quarter-ending-december-31-2020.pdf,Oct-Dec,,reported
Pinellas,2020,4,28.0,36.8,6.0,36.8,76.0,41.1,18.9,37.0,1.0,32.2,13.7,25.9,20200223-quarter-ending-december-31-2020.pdf,Oct-Dec,,reported
Polk,2020,4,30.7,104.2,19.0,101.8,30.1,39.1,18.9,37.0,1.0,32.2,13.7,25.9,20200223-quarter-ending-december-31-2020.pdf,Oct-Dec,,reported
Putnam,2020,4,0.0,0.0,0.0,0.0,0.0,18.0,18.9,37.0,1.0,32.2,13.7,25.9,20200223-quarter-ending-december-31-2020.pdf,Oct-Dec,,reported
Santa Rosa,2020,4,13.2,57.6,12.0,57.6,22.9,77.5,18.9,37.0,1.0,32.2,13.7,25.9,20200223-quarter-ending-december-31-2020.pdf,Oct-Dec,,reported
Sarasota,2020,4,31.0,444.0,1.0,437.0,7.1,25.9,18.9,37.0,1.0,32.2,13.7,25.9,20200223-quarter-ending-december-31-2020.pdf,Oct-Dec,,reported
Seminole,2020,4,20.9,47.6,30.0,42.6,49.0,79.8,18.9,37.0,1.0,32.2,13.7,25.9,20200223-quarter-ending-december-31-2020.pdf,Oct-Dec,,reported
St. Johns,2020,4,40.0,49.0,2.0,42.5,94.1,12.5,18.9,37.0,1.0,32.2,13.7,25.9,20200223-quarter-ending-december-31-2020.pdf,Oct-Dec,,reported
St. Lucie,2020,4,30.0,110.8,4.0,103.8,28.9,25.5,18.9,37.0,1.0,32.2,13.7,25.9,20200223-quarter-ending-december-31-2020.pdf,Oct-Dec,,reported
Sumter,2020,4,0.0,0.0,0.0,0.0,0.0,0.0,18.9,37.0,1.0,32.2,13.7,25.9,20200223-quarter-ending-december-31-2020.pdf,Oct-Dec,,reported_all_zero
Suwannee,2020,4,6.5,15.0,2.0,15.0,43.3,42.9,18.9,37.0,1.0,32.2,13.7,25.9,20200223-quarter-ending-december-31-2020.pdf,Oct-Dec,,reported
Taylor,2020,4,0.0,0.0,0.0,0.0,0.0,0.0,18.9,37.0,1.0,32.2,13.7,25.9,20200223-quarter-ending-december-31-2020.pdf,Oct-Dec,,reported_all_zero
Union,2020,4,33.0,69.0,1.0,53.0,62.3,35.3,18.9,37.0,1.0,32.2,13.7,25.9,20200223-quarter-ending-december-31-2020.pdf,Oct-Dec,,reported
Volusia,2020,4,27.5,77.5,2.0,74.0,37.2,32.0,18.9,37.0,1.0,32.2,13.7,25.9,20200223-quarter-ending-december-31-2020.pdf,Oct-Dec,,reported
Wakulla,2020,4,35.0,42.0,1.0,35.0,100.0,50.5,18.9,37.0,1.0,32.2,13.7,25.9,20200223-quarter-ending-december-31-2020.pdf,Oct-Dec,,reported
Walton,2020,4,23.0,42.3,3.0,40.0,57.5,29.3,18.9,37.0,1.0,32.2,13.7,25.9,20200223-quarter-ending-december-31-2020.pdf,Oct-Dec,,reported
Washington,2020,4,21.0,24.0,1.0,24.0,87.5,16.0,18.9,37.0,1.0,32.2,13.7,25.9,20200223-quarter-ending-december-31-2020.pdf,Oct-Dec,,reported
Alachua,2021,1,29.3,41.8,18.0,34.2,85.7,19.4,20.0,43.5,2.0,41.5,37.8,33.3,20210515-quarter-ending-march-31-2021.pdf,Jan-Mar,,reported
Baker,2021,1,7.0,400.0,1.0,393.0,1.8,72.0,20.0,43.5,2.0,41.5,37.8,33.3,20210515-quarter-ending-march-31-2021.pdf,Jan-Mar,,reported
Bay,2021,1,25.1,31.4,14.0,25.5,98.3,51.3,20.0,43.5,2.0,41.5,37.8,33.3,20210515-quarter-ending-march-31-2021.pdf,Jan-Mar,,reported
Bradford,2021,1,6.0,109.5,2.0,109.5,5.5,26.7,20.0,43.5,2.0,41.5,37.8,33.3,20210515-quarter-ending-march-31-2021.pdf,Jan-Mar,,reported
Brevard,2021,1,22.7,178.0,32.0,156.7,14.5,56.5,20.0,43.5,2.0,41.5,37.8,33.3,20210515-quarter-ending-march-31-2021.pdf,Jan-Mar,,reported
Broward,2021,1,0.0,0.0,0.0,0.0,0.0,0.0,20.0,43.5,2.0,41.5,37.8,33.3,20210515-quarter-ending-march-31-2021.pdf,Jan-Mar,,reported_all_zero
Calhoun,2021,1,0.0,0.0,0.0,0.0,0.0,0.0,20.0,43.5,2.0,41.5,37.8,33.3,20210515-quarter-ending-march-31-2021.pdf,Jan-Mar,,reported_all_zero
Charlotte,2021,1,26.8,37.2,15.0,35.1,76.3,56.7,20.0,43.5,2.0,41.5,37.8,33.3,20210515-quarter-ending-march-31-2021.pdf,Jan-Mar,,reported
Citrus,2021,1,36.0,33.7,3.0,24.3,147.9,24.3,20.0,43.5,2.0,41.5,37.8,33.3,20210515-quarter-ending-march-31-2021.pdf,Jan-Mar,percent_to_voir_dire_gt_100_reported; ,reported
Clay,2021,1,0.0,0.0,0.0,0.0,0.0,3.2,20.0,43.5,2.0,41.5,37.8,33.3,20210515-quarter-ending-march-31-2021.pdf,Jan-Mar,,reported
Collier,2021,1,27.7,60.6,7.0,56.1,49.4,100.0,20.0,43.5,2.0,41.5,37.8,33.3,20210515-quarter-ending-march-31-2021.pdf,Jan-Mar,,reported
Columbia,2021,1,0.0,0.0,0.0,0.0,0.0,0.0,20.0,43.5,2.0,41.5,37.8,33.3,20210515-quarter-ending-march-31-2021.pdf,Jan-Mar,,reported_all_zero
DeSoto,2021,1,13.0,34.0,2.0,13.0,100.0,100.0,20.0,43.5,2.0,41.5,37.8,33.3,20210515-quarter-ending-march-31-2021.pdf,Jan-Mar,,reported
Dixie,2021,1,0.0,0.0,0.0,0.0,0.0,15.6,20.0,43.5,2.0,41.5,37.8,33.3,20210515-quarter-ending-march-31-2021.pdf,Jan-Mar,,reported
Duval,2021,1,24.3,54.1,10.0,47.2,51.5,35.0,20.0,43.5,2.0,41.5,37.8,33.3,20210515-quarter-ending-march-31-2021.pdf,Jan-Mar,,reported
Escambia,2021,1,25.0,39.9,30.0,31.9,78.2,20.4,20.0,43.5,2.0,41.5,37.8,33.3,20210515-quarter-ending-march-31-2021.pdf,Jan-Mar,,reported
Flagler,2021,1,0.0,0.0,0.0,0.0,0.0,0.0,20.0,43.5,2.0,41.5,37.8,33.3,20210515-quarter-ending-march-31-2021.pdf,Jan-Mar,,reported_all_zero
Franklin,2021,1,0.0,0.0,0.0,0.0,0.0,0.0,20.0,43.5,2.0,41.5,37.8,33.3,20210515-quarter-ending-march-31-2021.pdf,Jan-Mar,,reported_all_zero
Gadsden,2021,1,24.0,58.0,1.0,44.0,54.5,19.6,20.0,43.5,2.0,41.5,37.8,33.3,20210515-quarter-ending-march-31-2021.pdf,Jan-Mar,,reported
Gilchrist,2021,1,0.0,0.0,0.0,0.0,0.0,0.6,20.0,43.5,2.0,41.5,37.8,33.3,20210515-quarter-ending-march-31-2021.pdf,Jan-Mar,,reported
Glades,2021,1,0.0,0.0,0.0,0.0,0.0,74.1,20.0,43.5,2.0,41.5,37.8,33.3,20210515-quarter-ending-march-31-2021.pdf,Jan-Mar,,reported
Gulf,2021,1,0.0,0.0,0.0,0.0,0.0,36.0,20.0,43.5,2.0,41.5,37.8,33.3,20210515-quarter-ending-march-31-2021.pdf,Jan-Mar,,reported
Hamilton,2021,1,0.0,0.0,0.0,0.0,0.0,0.0,20.0,43.5,2.0,41.5,37.8,33.3,20210515-quarter-ending-march-31-2021.pdf,Jan-Mar,,reported_all_zero
Hardee,2021,1,8.0,454.0,1.0,446.0,1.8,74.3,20.0,43.5,2.0,41.5,37.8,33.3,20210515-quarter-ending-march-31-2021.pdf,Jan-Mar,,reported
Hendry,2021,1,28.8,28.8,4.0,28.8,100.0,20.9,20.0,43.5,2.0,41.5,37.8,33.3,20210515-quarter-ending-march-31-2021.pdf,Jan-Mar,,reported
Hernando,2021,1,75.0,79.0,1.0,79.0,94.9,67.3,20.0,43.5,2.0,41.5,37.8,33.3,20210515-quarter-ending-march-31-2021.pdf,Jan-Mar,,reported
Highlands,2021,1,0.0,0.0,0.0,0.0,100.0,28.7,20.0,43.5,2.0,41.5,37.8,33.3,20210515-quarter-ending-march-31-2021.pdf,Jan-Mar,,reported
Hillsborough,2021,1,43.3,130.6,32.0,109.5,39.5,31.0,20.0,43.5,2.0,41.5,37.8,33.3,20210515-quarter-ending-march-31-2021.pdf,Jan-Mar,,reported
Holmes,2021,1,0.0,0.0,0.0,0.0,0.0,69.8,20.0,43.5,2.0,41.5,37.8,33.3,20210515-quarter-ending-march-31-2021.pdf,Jan-Mar,,reported
Indian River,2021,1,31.5,241.0,2.0,225.0,14.0,57.4,20.0,43.5,2.0,41.5,37.8,33.3,20210515-quarter-ending-march-31-2021.pdf,Jan-Mar,,reported
Jackson,2021,1,7.3,94.3,3.0,79.3,9.2,41.6,20.0,43.5,2.0,41.5,37.8,33.3,20210515-quarter-ending-march-31-2021.pdf,Jan-Mar,,reported
Jefferson,2021,1,0.0,0.0,0.0,0.0,0.0,0.0,20.0,43.5,2.0,41.5,37.8,33.3,20210515-quarter-ending-march-31-2021.pdf,Jan-Mar,,reported_all_zero
Lafayette,2021,1,0.0,0.0,0.0,0.0,0.0,0.0,20.0,43.5,2.0,41.5,37.8,33.3,20210515-quarter-ending-march-31-2021.pdf,Jan-Mar,,reported_all_zero
Lake,2021,1,19.4,43.5,8.0,39.1,49.5,35.3,20.0,43.5,2.0,41.5,37.8,33.3,20210515-quarter-ending-march-31-2021.pdf,Jan-Mar,,reported
Lee,2021,1,21.6,63.3,33.0,57.3,37.7,38.8,20.0,43.5,2.0,41.5,37.8,33.3,20210515-quarter-ending-march-31-2021.pdf,Jan-Mar,,reported
Leon,2021,1,21.0,59.0,6.0,45.7,46.0,51.0,20.0,43.5,2.0,41.5,37.8,33.3,20210515-quarter-ending-march-31-2021.pdf,Jan-Mar,,reported
Levy,2021,1,18.3,40.8,4.0,40.8,44.8,23.3,20.0,43.5,2.0,41.5,37.8,33.3,20210515-quarter-ending-march-31-2021.pdf,Jan-Mar,,reported
Liberty,2021,1,0.0,0.0,0.0,0.0,100.0,33.3,20.0,43.5,2.0,41.5,37.8,33.3,20210515-quarter-ending-march-31-2021.pdf,Jan-Mar,,reported
Madison,2021,1,42.0,49.0,1.0,42.0,100.0,33.6,20.0,43.5,2.0,41.5,37.8,33.3,20210515-quarter-ending-march-31-2021.pdf,Jan-Mar,,reported
Manatee,2021,1,27.5,82.1,13.0,72.9,37.8,42.0,20.0,43.5,2.0,41.5,37.8,33.3,20210515-quarter-ending-march-31-2021.pdf,Jan-Mar,,reported
Marion,2021,1,40.0,89.9,10.0,82.3,48.6,27.6,20.0,43.5,2.0,41.5,37.8,33.3,20210515-quarter-ending-march-31-2021.pdf,Jan-Mar,,reported
Martin,2021,1,24.1,64.4,7.0,57.6,41.9,40.8,20.0,43.5,2.0,41.5,37.8,33.3,20210515-quarter-ending-march-31-2021.pdf,Jan-Mar,,reported
Miami-Dade,2021,1,57.9,91.1,9.0,60.1,96.3,78.0,20.0,43.5,2.0,41.5,37.8,33.3,20210515-quarter-ending-march-31-2021.pdf,Jan-Mar,,reported
Monroe,2021,1,0.0,0.0,0.0,0.0,0.0,0.0,20.0,43.5,2.0,41.5,37.8,33.3,20210515-quarter-ending-march-31-2021.pdf,Jan-Mar,,reported_all_zero
Nassau,2021,1,12.7,90.3,3.0,85.7,14.8,41.5,20.0,43.5,2.0,41.5,37.8,33.3,20210515-quarter-ending-march-31-2021.pdf,Jan-Mar,,reported
Okaloosa,2021,1,14.0,74.0,1.0,67.0,20.9,55.1,20.0,43.5,2.0,41.5,37.8,33.3,20210515-quarter-ending-march-31-2021.pdf,Jan-Mar,,reported
Okeechobee,2021,1,14.0,286.0,1.0,279.0,5.0,17.2,20.0,43.5,2.0,41.5,37.8,33.3,20210515-quarter-ending-march-31-2021.pdf,Jan-Mar,,reported
Orange,2021,1,28.1,80.6,29.0,73.8,38.1,66.6,20.0,43.5,2.0,41.5,37.8,33.3,20210515-quarter-ending-march-31-2021.pdf,Jan-Mar,,reported
Osceola,2021,1,23.4,68.3,19.0,65.1,35.9,53.6,20.0,43.5,2.0,41.5,37.8,33.3,20210515-quarter-ending-march-31-2021.pdf,Jan-Mar,,reported
Palm Beach,2021,1,20.8,50.9,34.0,44.8,46.5,32.4,20.0,43.5,2.0,41.5,37.8,33.3,20210515-quarter-ending-march-31-2021.pdf,Jan-Mar,,reported
Pasco,2021,1,14.0,41.5,2.0,41.5,33.7,38.3,20.0,43.5,2.0,41.5,37.8,33.3,20210515-quarter-ending-march-31-2021.pdf,Jan-Mar,,reported
Pinellas,2021,1,25.2,55.4,19.0,53.9,46.7,45.7,20.0,43.5,2.0,41.5,37.8,33.3,20210515-quarter-ending-march-31-2021.pdf,Jan-Mar,,reported
Polk,2021,1,17.3,65.2,38.0,64.3,26.9,64.5,20.0,43.5,2.0,41.5,37.8,33.3,20210515-quarter-ending-march-31-2021.pdf,Jan-Mar,,reported
Putnam,2021,1,40.0,88.0,1.0,59.0,67.8,23.6,20.0,43.5,2.0,41.5,37.8,33.3,20210515-quarter-ending-march-31-2021.pdf,Jan-Mar,,reported
Santa Rosa,2021,1,21.0,140.7,6.0,124.0,16.9,66.7,20.0,43.5,2.0,41.5,37.8,33.3,20210515-quarter-ending-march-31-2021.pdf,Jan-Mar,,reported
Sarasota,2021,1,39.8,94.1,16.0,82.6,48.2,28.6,20.0,43.5,2.0,41.5,37.8,33.3,20210515-quarter-ending-march-31-2021.pdf,Jan-Mar,,reported
Seminole,2021,1,23.0,62.0,23.0,57.0,40.4,73.0,20.0,43.5,2.0,41.5,37.8,33.3,20210515-quarter-ending-march-31-2021.pdf,Jan-Mar,,reported
St. Johns,2021,1,20.0,123.0,1.0,102.0,19.6,71.3,20.0,43.5,2.0,41.5,37.8,33.3,20210515-quarter-ending-march-31-2021.pdf,Jan-Mar,,reported
St. Lucie,2021,1,32.6,87.8,13.0,80.4,40.6,22.2,20.0,43.5,2.0,41.5,37.8,33.3,20210515-quarter-ending-march-31-2021.pdf,Jan-Mar,,reported
Sumter,2021,1,18.0,18.0,1.0,18.0,100.0,18.0,20.0,43.5,2.0,41.5,37.8,33.3,20210515-quarter-ending-march-31-2021.pdf,Jan-Mar,,reported
Suwannee,2021,1,5.0,31.3,4.0,26.0,19.2,37.1,20.0,43.5,2.0,41.5,37.8,33.3,20210515-quarter-ending-march-31-2021.pdf,Jan-Mar,,reported
Taylor,2021,1,25.0,33.0,1.0,25.0,100.0,27.8,20.0,43.5,2.0,41.5,37.8,33.3,20210515-quarter-ending-march-31-2021.pdf,Jan-Mar,,reported
Union,2021,1,0.0,0.0,0.0,0.0,0.0,0.0,20.0,43.5,2.0,41.5,37.8,33.3,20210515-quarter-ending-march-31-2021.pdf,Jan-Mar,,reported_all_zero
Volusia,2021,1,26.4,60.0,16.0,51.3,51.5,53.1,20.0,43.5,2.0,41.5,37.8,33.3,20210515-quarter-ending-march-31-2021.pdf,Jan-Mar,,reported
Wakulla,2021,1,0.0,0.0,0.0,0.0,0.0,0.0,20.0,43.5,2.0,41.5,37.8,33.3,20210515-quarter-ending-march-31-2021.pdf,Jan-Mar,,reported_all_zero
Walton,2021,1,28.1,43.4,7.0,39.3,71.6,27.5,20.0,43.5,2.0,41.5,37.8,33.3,20210515-quarter-ending-march-31-2021.pdf,Jan-Mar,,reported
Washington,2021,1,24.0,33.0,1.0,27.0,88.9,7.6,20.0,43.5,2.0,41.5,37.8,33.3,20210515-quarter-ending-march-31-2021.pdf,Jan-Mar,,reported
Alachua,2021,2,29.7,51.5,35.0,42.2,70.3,22.9,26.5,64.7,7.0,49.0,48.1,33.1,20220527-quarter-ending-march-31-2022.pdf,Apr-Jun,,reported
Baker,2021,2,7.0,315.5,2.0,298.0,2.3,58.4,26.5,64.7,7.0,49.0,48.1,33.1,20220527-quarter-ending-march-31-2022.pdf,Apr-Jun,,reported
Bay,2021,2,29.2,52.8,21.0,44.5,65.7,49.6,26.5,64.7,7.0,49.0,48.1,33.1,20220527-quarter-ending-march-31-2022.pdf,Apr-Jun,,reported
Bradford,2021,2,38.7,76.0,3.0,76.0,50.9,31.5,26.5,64.7,7.0,49.0,48.1,33.1,20220527-quarter-ending-march-31-2022.pdf,Apr-Jun,,reported
Brevard,2021,2,26.5,243.0,53.0,211.0,12.6,82.8,26.5,64.7,7.0,49.0,48.1,33.1,20220527-quarter-ending-march-31-2022.pdf,Apr-Jun,,reported
Broward,2021,2,22.1,48.3,55.0,38.8,56.9,42.1,26.5,64.7,7.0,49.0,48.1,33.1,20220527-quarter-ending-march-31-2022.pdf,Apr-Jun,,reported
Calhoun,2021,2,0.0,0.0,0.0,0.0,0.0,0.0,26.5,64.7,7.0,49.0,48.1,33.1,20220527-quarter-ending-march-31-2022.pdf,Apr-Jun,,reported_all_zero
Charlotte,2021,2,27.7,42.4,16.0,38.3,72.3,58.1,26.5,64.7,7.0,49.0,48.1,33.1,20220527-quarter-ending-march-31-2022.pdf,Apr-Jun,,reported
Citrus,2021,2,20.3,43.5,13.0,39.7,51.2,27.6,26.5,64.7,7.0,49.0,48.1,33.1,20220527-quarter-ending-march-31-2022.pdf,Apr-Jun,,reported
Clay,2021,2,15.0,54.5,2.0,40.5,37.0,56.0,26.5,64.7,7.0,49.0,48.1,33.1,20220527-quarter-ending-march-31-2022.pdf,Apr-Jun,,reported
Collier,2021,2,23.8,83.0,12.0,75.8,31.4,67.4,26.5,64.7,7.0,49.0,48.1,33.1,20220527-quarter-ending-march-31-2022.pdf,Apr-Jun,,reported
Columbia,2021,2,29.0,40.8,6.0,40.8,71.0,32.6,26.5,64.7,7.0,49.0,48.1,33.1,20220527-quarter-ending-march-31-2022.pdf,Apr-Jun,,reported
DeSoto,2021,2,66.3,159.3,4.0,125.8,52.7,24.5,26.5,64.7,7.0,49.0,48.1,33.1,20220527-quarter-ending-march-31-2022.pdf,Apr-Jun,,reported
Dixie,2021,2,2.3,45.3,3.0,43.0,5.4,34.4,26.5,64.7,7.0,49.0,48.1,33.1,20220527-quarter-ending-march-31-2022.pdf,Apr-Jun,,reported
Duval,2021,2,34.0,75.5,51.0,55.3,61.5,19.8,26.5,64.7,7.0,49.0,48.1,33.1,20220527-quarter-ending-march-31-2022.pdf,Apr-Jun,,reported
Escambia,2021,2,40.3,70.5,25.0,56.9,70.9,22.1,26.5,64.7,7.0,49.0,48.1,33.1,20220527-quarter-ending-march-31-2022.pdf,Apr-Jun,,reported
Flagler,2021,2,36.3,64.7,7.0,48.7,74.5,34.6,26.5,64.7,7.0,49.0,48.1,33.1,20220527-quarter-ending-march-31-2022.pdf,Apr-Jun,,reported
Franklin,2021,2,7.0,49.0,1.0,49.0,14.3,23.3,26.5,64.7,7.0,49.0,48.1,33.1,20220527-quarter-ending-march-31-2022.pdf,Apr-Jun,,reported
Gadsden,2021,2,41.6,96.6,5.0,63.0,66.0,31.2,26.5,64.7,7.0,49.0,48.1,33.1,20220527-quarter-ending-march-31-2022.pdf,Apr-Jun,,reported
Gilchrist,2021,2,41.0,49.0,2.0,42.0,97.6,19.1,26.5,64.7,7.0,49.0,48.1,33.1,20220527-quarter-ending-march-31-2022.pdf,Apr-Jun,,reported
Glades,2021,2,17.0,123.0,2.0,79.5,21.4,31.1,26.5,64.7,7.0,49.0,48.1,33.1,20220527-quarter-ending-march-31-2022.pdf,Apr-Jun,,reported
Gulf,2021,2,23.0,69.0,1.0,69.0,33.3,30.7,26.5,64.7,7.0,49.0,48.1,33.1,20220527-quarter-ending-march-31-2022.pdf,Apr-Jun,,reported
Hamilton,2021,2,0.0,0.0,0.0,0.0,0.0,0.0,26.5,64.7,7.0,49.0,48.1,33.1,20220527-quarter-ending-march-31-2022.pdf,Apr-Jun,,reported_all_zero
Hardee,2021,2,8.0,215.0,1.0,183.0,4.4,61.0,26.5,64.7,7.0,49.0,48.1,33.1,20220527-quarter-ending-march-31-2022.pdf,Apr-Jun,,reported
Hendry,2021,2,24.0,48.0,1.0,48.0,50.0,21.3,26.5,64.7,7.0,49.0,48.1,33.1,20220527-quarter-ending-march-31-2022.pdf,Apr-Jun,,reported
Hernando,2021,2,33.6,65.9,10.0,62.4,53.8,66.4,26.5,64.7,7.0,49.0,48.1,33.1,20220527-quarter-ending-march-31-2022.pdf,Apr-Jun,,reported
Highlands,2021,2,94.0,203.0,1.0,169.0,55.6,24.1,26.5,64.7,7.0,49.0,48.1,33.1,20220527-quarter-ending-march-31-2022.pdf,Apr-Jun,,reported
Hillsborough,2021,2,37.7,131.6,60.0,112.4,33.6,33.1,26.5,64.7,7.0,49.0,48.1,33.1,20220527-quarter-ending-march-31-2022.pdf,Apr-Jun,,reported
Holmes,2021,2,22.5,110.5,2.0,97.5,23.1,46.4,26.5,64.7,7.0,49.0,48.1,33.1,20220527-quarter-ending-march-31-2022.pdf,Apr-Jun,,reported
Indian River,2021,2,27.7,65.3,10.0,48.3,57.3,54.1,26.5,64.7,7.0,49.0,48.1,33.1,20220527-quarter-ending-march-31-2022.pdf,Apr-Jun,,reported
Jackson,2021,2,7.7,85.7,3.0,61.0,12.6,47.8,26.5,64.7,7.0,49.0,48.1,33.1,20220527-quarter-ending-march-31-2022.pdf,Apr-Jun,,reported
Jefferson,2021,2,0.0,0.0,0.0,0.0,0.0,0.0,26.5,64.7,7.0,49.0,48.1,33.1,20220527-quarter-ending-march-31-2022.pdf,Apr-Jun,,reported_all_zero
Lafayette,2021,2,0.0,0.0,0.0,0.0,0.0,0.0,26.5,64.7,7.0,49.0,48.1,33.1,20220527-quarter-ending-march-31-2022.pdf,Apr-Jun,,reported_all_zero
Lake,2021,2,21.7,37.2,19.0,31.3,69.5,38.6,26.5,64.7,7.0,49.0,48.1,33.1,20220527-quarter-ending-march-31-2022.pdf,Apr-Jun,,reported
Lee,2021,2,22.9,65.9,40.0,59.6,38.4,42.2,26.5,64.7,7.0,49.0,48.1,33.1,20220527-quarter-ending-march-31-2022.pdf,Apr-Jun,,reported
Leon,2021,2,21.3,51.6,31.0,45.3,47.0,47.2,26.5,64.7,7.0,49.0,48.1,33.1,20220527-quarter-ending-march-31-2022.pdf,Apr-Jun,,reported
Levy,2021,2,0.0,0.0,0.0,0.0,45.5,31.3,26.5,64.7,7.0,49.0,48.1,33.1,20220527-quarter-ending-march-31-2022.pdf,Apr-Jun,,reported
Liberty,2021,2,20.0,7.0,2.0,7.0,285.7,42.6,26.5,64.7,7.0,49.0,48.1,33.1,20220527-quarter-ending-march-31-2022.pdf,Apr-Jun,percent_to_voir_dire_gt_100_reported; ,reported
Madison,2021,2,39.0,77.7,3.0,77.7,50.2,31.1,26.5,64.7,7.0,49.0,48.1,33.1,20220527-quarter-ending-march-31-2022.pdf,Apr-Jun,,reported
Manatee,2021,2,37.9,88.3,22.0,69.1,54.8,44.8,26.5,64.7,7.0,49.0,48.1,33.1,20220527-quarter-ending-march-31-2022.pdf,Apr-Jun,,reported
Marion,2021,2,28.8,99.7,29.0,88.0,32.7,24.5,26.5,64.7,7.0,49.0,48.1,33.1,20220527-quarter-ending-march-31-2022.pdf,Apr-Jun,,reported
Martin,2021,2,34.1,104.0,9.0,86.0,39.7,35.1,26.5,64.7,7.0,49.0,48.1,33.1,20220527-quarter-ending-march-31-2022.pdf,Apr-Jun,,reported
Miami-Dade,2021,2,42.2,79.9,50.0,51.2,82.4,77.2,26.5,64.7,7.0,49.0,48.1,33.1,20220527-quarter-ending-march-31-2022.pdf,Apr-Jun,,reported
Monroe,2021,2,0.0,0.0,0.0,0.0,0.0,0.0,26.5,64.7,7.0,49.0,48.1,33.1,20220527-quarter-ending-march-31-2022.pdf,Apr-Jun,,reported_all_zero
Nassau,2021,2,18.5,377.0,2.0,370.0,5.0,44.0,26.5,64.7,7.0,49.0,48.1,33.1,20220527-quarter-ending-march-31-2022.pdf,Apr-Jun,,reported
Okaloosa,2021,2,18.0,52.6,5.0,48.4,37.2,53.4,26.5,64.7,7.0,49.0,48.1,33.1,20220527-quarter-ending-march-31-2022.pdf,Apr-Jun,,reported
Okeechobee,2021,2,27.5,54.0,8.0,41.3,66.7,18.3,26.5,64.7,7.0,49.0,48.1,33.1,20220527-quarter-ending-march-31-2022.pdf,Apr-Jun,,reported
Orange,2021,2,30.3,78.2,74.0,70.5,42.9,69.0,26.5,64.7,7.0,49.0,48.1,33.1,20220527-quarter-ending-march-31-2022.pdf,Apr-Jun,,reported
Osceola,2021,2,40.2,96.8,34.0,86.7,46.4,58.8,26.5,64.7,7.0,49.0,48.1,33.1,20220527-quarter-ending-march-31-2022.pdf,Apr-Jun,,reported
Palm Beach,2021,2,27.4,60.1,75.0,48.9,56.1,27.6,26.5,64.7,7.0,49.0,48.1,33.1,20220527-quarter-ending-march-31-2022.pdf,Apr-Jun,,reported
Pasco,2021,2,21.1,51.1,23.0,49.2,43.0,38.1,26.5,64.7,7.0,49.0,48.1,33.1,20220527-quarter-ending-march-31-2022.pdf,Apr-Jun,,reported
Pinellas,2021,2,30.9,67.4,42.0,64.2,48.1,48.8,26.5,64.7,7.0,49.0,48.1,33.1,20220527-quarter-ending-march-31-2022.pdf,Apr-Jun,,reported
Polk,2021,2,20.7,88.9,94.0,81.0,25.6,84.2,26.5,64.7,7.0,49.0,48.1,33.1,20220527-quarter-ending-march-31-2022.pdf,Apr-Jun,,reported
Putnam,2021,2,37.3,94.0,4.0,60.8,61.3,32.3,26.5,64.7,7.0,49.0,48.1,33.1,20220527-quarter-ending-march-31-2022.pdf,Apr-Jun,,reported
Santa Rosa,2021,2,45.1,80.6,15.0,46.8,96.4,29.2,26.5,64.7,7.0,49.0,48.1,33.1,20220527-quarter-ending-march-31-2022.pdf,Apr-Jun,,reported
Sarasota,2021,2,37.2,70.3,25.0,59.0,63.2,28.6,26.5,64.7,7.0,49.0,48.1,33.1,20220527-quarter-ending-march-31-2022.pdf,Apr-Jun,,reported
Seminole,2021,2,27.0,65.0,25.0,58.6,46.2,71.7,26.5,64.7,7.0,49.0,48.1,33.1,20220527-quarter-ending-march-31-2022.pdf,Apr-Jun,,reported
St. Johns,2021,2,18.4,37.8,8.0,26.6,69.0,43.2,26.5,64.7,7.0,49.0,48.1,33.1,20220527-quarter-ending-march-31-2022.pdf,Apr-Jun,,reported
St. Lucie,2021,2,45.1,61.6,20.0,53.6,84.1,24.9,26.5,64.7,7.0,49.0,48.1,33.1,20220527-quarter-ending-march-31-2022.pdf,Apr-Jun,,reported
Sumter,2021,2,16.6,24.4,10.0,19.7,84.3,20.7,26.5,64.7,7.0,49.0,48.1,33.1,20220527-quarter-ending-march-31-2022.pdf,Apr-Jun,,reported
Suwannee,2021,2,6.2,34.2,5.0,32.8,18.9,40.0,26.5,64.7,7.0,49.0,48.1,33.1,20220527-quarter-ending-march-31-2022.pdf,Apr-Jun,,reported
Taylor,2021,2,27.0,32.0,1.0,32.0,84.4,13.3,26.5,64.7,7.0,49.0,48.1,33.1,20220527-quarter-ending-march-31-2022.pdf,Apr-Jun,,reported
Union,2021,2,0.0,0.0,0.0,0.0,0.0,0.0,26.5,64.7,7.0,49.0,48.1,33.1,20220527-quarter-ending-march-31-2022.pdf,Apr-Jun,,reported_all_zero
Volusia,2021,2,32.8,86.9,15.0,68.7,47.7,53.8,26.5,64.7,7.0,49.0,48.1,33.1,20220527-quarter-ending-march-31-2022.pdf,Apr-Jun,,reported
Wakulla,2021,2,0.0,0.0,0.0,0.0,0.0,0.0,26.5,64.7,7.0,49.0,48.1,33.1,20220527-quarter-ending-march-31-2022.pdf,Apr-Jun,,reported_all_zero
Walton,2021,2,25.6,32.6,5.0,27.0,94.8,37.4,26.5,64.7,7.0,49.0,48.1,33.1,20220527-quarter-ending-march-31-2022.pdf,Apr-Jun,,reported
Washington,2021,2,43.0,64.0,1.0,43.0,100.0,12.7,26.5,64.7,7.0,49.0,48.1,33.1,20220527-quarter-ending-march-31-2022.pdf,Apr-Jun,,reported
Alachua,2021,3,26.7,42.8,32.0,31.6,84.5,20.5,29.8,67.3,5.0,56.7,42.6,38.7,20220527-quarter-ending-march-31-2022.pdf,Jul-Sep,,reported
Baker,2021,3,30.0,401.0,2.0,341.0,8.8,69.9,29.8,67.3,5.0,56.7,42.6,38.7,20220527-quarter-ending-march-31-2022.pdf,Jul-Sep,,reported
Bay,2021,3,26.4,56.7,17.0,51.2,51.4,42.0,29.8,67.3,5.0,56.7,42.6,38.7,20220527-quarter-ending-march-31-2022.pdf,Jul-Sep,,reported
Bradford,2021,3,29.8,60.6,5.0,60.6,49.2,42.4,29.8,67.3,5.0,56.7,42.6,38.7,20220527-quarter-ending-march-31-2022.pdf,Jul-Sep,,reported
Brevard,2021,3,30.9,422.3,31.0,407.1,7.6,99.0,29.8,67.3,5.0,56.7,42.6,38.7,20220527-quarter-ending-march-31-2022.pdf,Jul-Sep,,reported
Broward,2021,3,27.4,67.3,140.0,54.6,50.3,43.6,29.8,67.3,5.0,56.7,42.6,38.7,20220527-quarter-ending-march-31-2022.pdf,Jul-Sep,,reported
Calhoun,2021,3,0.0,0.0,0.0,0.0,0.0,0.0,29.8,67.3,5.0,56.7,42.6,38.7,20220527-quarter-ending-march-31-2022.pdf,Jul-Sep,,reported_all_zero
Charlotte,2021,3,30.0,47.8,13.0,42.2,71.0,57.3,29.8,67.3,5.0,56.7,42.6,38.7,20220527-quarter-ending-march-31-2022.pdf,Jul-Sep,,reported
Citrus,2021,3,29.9,77.0,10.0,68.1,43.9,27.1,29.8,67.3,5.0,56.7,42.6,38.7,20220527-quarter-ending-march-31-2022.pdf,Jul-Sep,,reported
Clay,2021,3,29.2,95.2,5.0,86.8,33.6,50.5,29.8,67.3,5.0,56.7,42.6,38.7,20220527-quarter-ending-march-31-2022.pdf,Jul-Sep,,reported
Collier,2021,3,38.5,92.2,24.0,72.0,53.4,71.7,29.8,67.3,5.0,56.7,42.6,38.7,20220527-quarter-ending-march-31-2022.pdf,Jul-Sep,,reported
Columbia,2021,3,0.0,0.0,0.0,0.0,0.0,43.1,29.8,67.3,5.0,56.7,42.6,38.7,20220527-quarter-ending-march-31-2022.pdf,Jul-Sep,,reported
DeSoto,2021,3,0.0,0.0,0.0,0.0,0.0,16.2,29.8,67.3,5.0,56.7,42.6,38.7,20220527-quarter-ending-march-31-2022.pdf,Jul-Sep,,reported
Dixie,2021,3,31.0,57.0,1.0,31.0,100.0,24.8,29.8,67.3,5.0,56.7,42.6,38.7,20220527-quarter-ending-march-31-2022.pdf,Jul-Sep,,reported
Duval,2021,3,30.8,74.2,41.0,62.8,49.0,11.9,29.8,67.3,5.0,56.7,42.6,38.7,20220527-quarter-ending-march-31-2022.pdf,Jul-Sep,,reported
Escambia,2021,3,31.2,48.1,44.0,40.3,77.5,21.6,29.8,67.3,5.0,56.7,42.6,38.7,20220527-quarter-ending-march-31-2022.pdf,Jul-Sep,,reported
Flagler,2021,3,21.3,35.5,6.0,29.7,71.9,37.8,29.8,67.3,5.0,56.7,42.6,38.7,20220527-quarter-ending-march-31-2022.pdf,Jul-Sep,,reported
Franklin,2021,3,48.0,87.0,1.0,80.0,60.0,26.7,29.8,67.3,5.0,56.7,42.6,38.7,20220527-quarter-ending-march-31-2022.pdf,Jul-Sep,,reported
Gadsden,2021,3,38.5,78.5,2.0,61.0,63.1,35.3,29.8,67.3,5.0,56.7,42.6,38.7,20220527-quarter-ending-march-31-2022.pdf,Jul-Sep,,reported
Gilchrist,2021,3,0.0,0.0,0.0,0.0,0.0,0.0,29.8,67.3,5.0,56.7,42.6,38.7,20220527-quarter-ending-march-31-2022.pdf,Jul-Sep,,reported_all_zero
Glades,2021,3,0.0,0.0,0.0,0.0,0.0,100.0,29.8,67.3,5.0,56.7,42.6,38.7,20220527-quarter-ending-march-31-2022.pdf,Jul-Sep,,reported
Gulf,2021,3,1.0,2.1,10.0,2.1,47.6,78.4,29.8,67.3,5.0,56.7,42.6,38.7,20220527-quarter-ending-march-31-2022.pdf,Jul-Sep,,reported
Hamilton,2021,3,7.0,87.0,2.0,83.0,8.4,23.7,29.8,67.3,5.0,56.7,42.6,38.7,20220527-quarter-ending-march-31-2022.pdf,Jul-Sep,,reported
Hardee,2021,3,7.5,94.0,2.0,82.5,9.1,27.5,29.8,67.3,5.0,56.7,42.6,38.7,20220527-quarter-ending-march-31-2022.pdf,Jul-Sep,,reported
Hendry,2021,3,0.0,0.0,0.0,0.0,0.0,0.0,29.8,67.3,5.0,56.7,42.6,38.7,20220527-quarter-ending-march-31-2022.pdf,Jul-Sep,,reported_all_zero
Hernando,2021,3,41.8,133.3,4.0,112.8,37.0,54.3,29.8,67.3,5.0,56.7,42.6,38.7,20220527-quarter-ending-march-31-2022.pdf,Jul-Sep,,reported
Highlands,2021,3,26.7,86.7,3.0,81.3,32.8,25.7,29.8,67.3,5.0,56.7,42.6,38.7,20220527-quarter-ending-march-31-2022.pdf,Jul-Sep,,reported
Hillsborough,2021,3,47.3,146.9,50.0,121.4,39.0,38.7,29.8,67.3,5.0,56.7,42.6,38.7,20220527-quarter-ending-march-31-2022.pdf,Jul-Sep,,reported
Holmes,2021,3,0.0,0.0,0.0,0.0,0.0,65.7,29.8,67.3,5.0,56.7,42.6,38.7,20220527-quarter-ending-march-31-2022.pdf,Jul-Sep,,reported
Indian River,2021,3,53.6,110.6,5.0,93.8,57.1,53.2,29.8,67.3,5.0,56.7,42.6,38.7,20220527-quarter-ending-march-31-2022.pdf,Jul-Sep,,reported
Jackson,2021,3,0.0,0.0,0.0,0.0,0.0,0.0,29.8,67.3,5.0,56.7,42.6,38.7,20220527-quarter-ending-march-31-2022.pdf,Jul-Sep,,reported_all_zero
Jefferson,2021,3,0.0,0.0,0.0,0.0,0.0,0.0,29.8,67.3,5.0,56.7,42.6,38.7,20220527-quarter-ending-march-31-2022.pdf,Jul-Sep,,reported_all_zero
Lafayette,2021,3,20.0,20.0,1.0,20.0,100.0,56.0,29.8,67.3,5.0,56.7,42.6,38.7,20220527-quarter-ending-march-31-2022.pdf,Jul-Sep,,reported
Lake,2021,3,26.9,53.6,20.0,39.1,68.8,37.1,29.8,67.3,5.0,56.7,42.6,38.7,20220527-quarter-ending-march-31-2022.pdf,Jul-Sep,,reported
Lee,2021,3,27.8,61.5,71.0,55.4,50.2,46.6,29.8,67.3,5.0,56.7,42.6,38.7,20220527-quarter-ending-march-31-2022.pdf,Jul-Sep,,reported
Leon,2021,3,29.8,52.3,41.0,42.9,69.4,38.8,29.8,67.3,5.0,56.7,42.6,38.7,20220527-quarter-ending-march-31-2022.pdf,Jul-Sep,,reported
Levy,2021,3,0.0,0.0,0.0,0.0,0.0,151.8,29.8,67.3,5.0,56.7,42.6,38.7,20220527-quarter-ending-march-31-2022.pdf,Jul-Sep,summoning_yield_gt_100_reported; ,reported
Liberty,2021,3,0.0,0.0,0.0,0.0,0.0,0.0,29.8,67.3,5.0,56.7,42.6,38.7,20220527-quarter-ending-march-31-2022.pdf,Jul-Sep,,reported_all_zero
Madison,2021,3,65.0,90.0,1.0,65.0,100.0,34.2,29.8,67.3,5.0,56.7,42.6,38.7,20220527-quarter-ending-march-31-2022.pdf,Jul-Sep,,reported
Manatee,2021,3,31.0,63.6,24.0,53.3,58.1,42.2,29.8,67.3,5.0,56.7,42.6,38.7,20220527-quarter-ending-march-31-2022.pdf,Jul-Sep,,reported
Marion,2021,3,31.9,92.4,27.0,84.3,37.8,30.4,29.8,67.3,5.0,56.7,42.6,38.7,20220527-quarter-ending-march-31-2022.pdf,Jul-Sep,,reported
Martin,2021,3,22.7,47.5,15.0,39.3,57.7,35.3,29.8,67.3,5.0,56.7,42.6,38.7,20220527-quarter-ending-march-31-2022.pdf,Jul-Sep,,reported
Miami-Dade,2021,3,37.4,118.6,77.0,104.6,35.7,51.3,29.8,67.3,5.0,56.7,42.6,38.7,20220527-quarter-ending-march-31-2022.pdf,Jul-Sep,,reported
Monroe,2021,3,29.7,75.7,3.0,75.7,39.2,38.3,29.8,67.3,5.0,56.7,42.6,38.7,20220527-quarter-ending-march-31-2022.pdf,Jul-Sep,,reported
Nassau,2021,3,51.0,163.7,3.0,144.3,35.3,36.7,29.8,67.3,5.0,56.7,42.6,38.7,20220527-quarter-ending-march-31-2022.pdf,Jul-Sep,,reported
Okaloosa,2021,3,35.0,89.0,3.0,81.7,42.9,53.5,29.8,67.3,5.0,56.7,42.6,38.7,20220527-quarter-ending-march-31-2022.pdf,Jul-Sep,,reported
Okeechobee,2021,3,40.5,89.0,6.0,79.7,50.8,17.2,29.8,67.3,5.0,56.7,42.6,38.7,20220527-quarter-ending-march-31-2022.pdf,Jul-Sep,,reported
Orange,2021,3,33.6,84.0,66.0,67.3,49.9,68.1,29.8,67.3,5.0,56.7,42.6,38.7,20220527-quarter-ending-march-31-2022.pdf,Jul-Sep,,reported
Osceola,2021,3,32.7,89.4,25.0,83.0,39.4,55.5,29.8,67.3,5.0,56.7,42.6,38.7,20220527-quarter-ending-march-31-2022.pdf,Jul-Sep,,reported
Palm Beach,2021,3,32.5,89.4,68.0,74.2,43.9,51.1,29.8,67.3,5.0,56.7,42.6,38.7,20220527-quarter-ending-march-31-2022.pdf,Jul-Sep,,reported
Pasco,2021,3,31.8,81.3,21.0,74.6,42.6,40.3,29.8,67.3,5.0,56.7,42.6,38.7,20220527-quarter-ending-march-31-2022.pdf,Jul-Sep,,reported
Pinellas,2021,3,31.5,103.4,41.0,99.5,31.6,42.2,29.8,67.3,5.0,56.7,42.6,38.7,20220527-quarter-ending-march-31-2022.pdf,Jul-Sep,,reported
Polk,2021,3,22.7,137.2,67.0,132.2,17.2,90.2,29.8,67.3,5.0,56.7,42.6,38.7,20220527-quarter-ending-march-31-2022.pdf,Jul-Sep,,reported
Putnam,2021,3,0.0,0.0,0.0,0.0,0.0,48.2,29.8,67.3,5.0,56.7,42.6,38.7,20220527-quarter-ending-march-31-2022.pdf,Jul-Sep,,reported
Santa Rosa,2021,3,51.5,118.4,17.0,78.9,65.2,38.4,29.8,67.3,5.0,56.7,42.6,38.7,20220527-quarter-ending-march-31-2022.pdf,Jul-Sep,,reported
Sarasota,2021,3,31.7,119.0,16.0,107.1,29.6,34.9,29.8,67.3,5.0,56.7,42.6,38.7,20220527-quarter-ending-march-31-2022.pdf,Jul-Sep,,reported
Seminole,2021,3,36.8,92.9,13.0,80.3,45.8,61.3,29.8,67.3,5.0,56.7,42.6,38.7,20220527-quarter-ending-march-31-2022.pdf,Jul-Sep,,reported
St. Johns,2021,3,19.8,52.4,5.0,38.4,51.6,39.4,29.8,67.3,5.0,56.7,42.6,38.7,20220527-quarter-ending-march-31-2022.pdf,Jul-Sep,,reported
St. Lucie,2021,3,39.7,78.9,27.0,69.7,57.0,100.0,29.8,67.3,5.0,56.7,42.6,38.7,20220527-quarter-ending-march-31-2022.pdf,Jul-Sep,,reported
Sumter,2021,3,17.2,54.0,5.0,51.2,33.6,19.0,29.8,67.3,5.0,56.7,42.6,38.7,20220527-quarter-ending-march-31-2022.pdf,Jul-Sep,,reported
Suwannee,2021,3,0.0,0.0,0.0,0.0,0.0,38.8,29.8,67.3,5.0,56.7,42.6,38.7,20220527-quarter-ending-march-31-2022.pdf,Jul-Sep,,reported
Taylor,2021,3,28.5,41.5,2.0,30.0,95.0,15.6,29.8,67.3,5.0,56.7,42.6,38.7,20220527-quarter-ending-march-31-2022.pdf,Jul-Sep,,reported
Union,2021,3,0.0,0.0,0.0,0.0,0.0,0.0,29.8,67.3,5.0,56.7,42.6,38.7,20220527-quarter-ending-march-31-2022.pdf,Jul-Sep,,reported_all_zero
Volusia,2021,3,35.3,77.5,20.0,56.7,62.2,48.9,29.8,67.3,5.0,56.7,42.6,38.7,20220527-quarter-ending-march-31-2022.pdf,Jul-Sep,,reported
Wakulla,2021,3,0.0,0.0,0.0,0.0,0.0,0.0,29.8,67.3,5.0,56.7,42.6,38.7,20220527-quarter-ending-march-31-2022.pdf,Jul-Sep,,reported_all_zero
Walton,2021,3,34.3,42.5,4.0,38.5,89.0,26.1,29.8,67.3,5.0,56.7,42.6,38.7,20220527-quarter-ending-march-31-2022.pdf,Jul-Sep,,reported
Washington,2021,3,44.0,111.0,1.0,104.0,42.3,20.6,29.8,67.3,5.0,56.7,42.6,38.7,20220527-quarter-ending-march-31-2022.pdf,Jul-Sep,,reported
Alachua,2021,4,27.5,47.8,35.0,35.0,78.5,22.5,30.2,69.3,7.0,52.7,44.1,39.3,20220527-quarter-ending-march-31-2022.pdf,Oct-Dec,,reported
Baker,2021,4,5.3,219.0,4.0,152.0,3.5,67.4,30.2,69.3,7.0,52.7,44.1,39.3,20220527-quarter-ending-march-31-2022.pdf,Oct-Dec,,reported
Bay,2021,4,24.9,40.3,28.0,32.1,77.6,43.0,30.2,69.3,7.0,52.7,44.1,39.3,20220527-quarter-ending-march-31-2022.pdf,Oct-Dec,,reported
Bradford,2021,4,64.0,64.0,1.0,64.0,100.0,32.0,30.2,69.3,7.0,52.7,44.1,39.3,20220527-quarter-ending-march-31-2022.pdf,Oct-Dec,,reported
Brevard,2021,4,45.7,394.2,31.0,361.4,12.6,94.3,30.2,69.3,7.0,52.7,44.1,39.3,20220527-quarter-ending-march-31-2022.pdf,Oct-Dec,,reported
Broward,2021,4,38.4,76.4,146.0,57.3,67.0,38.0,30.2,69.3,7.0,52.7,44.1,39.3,20220527-quarter-ending-march-31-2022.pdf,Oct-Dec,,reported
Calhoun,2021,4,0.0,0.0,0.0,0.0,0.0,0.0,30.2,69.3,7.0,52.7,44.1,39.3,20220527-quarter-ending-march-31-2022.pdf,Oct-Dec,,reported_all_zero
Charlotte,2021,4,28.1,43.7,20.0,42.8,65.5,54.6,30.2,69.3,7.0,52.7,44.1,39.3,20220527-quarter-ending-march-31-2022.pdf,Oct-Dec,,reported
Citrus,2021,4,25.1,69.3,9.0,56.9,44.1,31.5,30.2,69.3,7.0,52.7,44.1,39.3,20220527-quarter-ending-march-31-2022.pdf,Oct-Dec,,reported
Clay,2021,4,83.0,580.0,1.0,524.0,15.8,46.0,30.2,69.3,7.0,52.7,44.1,39.3,20220527-quarter-ending-march-31-2022.pdf,Oct-Dec,,reported
Collier,2021,4,26.0,82.2,18.0,69.2,37.6,104.6,30.2,69.3,7.0,52.7,44.1,39.3,20220527-quarter-ending-march-31-2022.pdf,Oct-Dec,summoning_yield_gt_100_reported; ,reported
Columbia,2021,4,28.2,41.0,6.0,36.0,78.2,34.7,30.2,69.3,7.0,52.7,44.1,39.3,20220527-quarter-ending-march-31-2022.pdf,Oct-Dec,,reported
DeSoto,2021,4,0.0,0.0,0.0,0.0,0.0,33.4,30.2,69.3,7.0,52.7,44.1,39.3,20220527-quarter-ending-march-31-2022.pdf,Oct-Dec,,reported
Dixie,2021,4,48.0,52.3,3.0,48.0,100.0,28.8,30.2,69.3,7.0,52.7,44.1,39.3,20220527-quarter-ending-march-31-2022.pdf,Oct-Dec,,reported
Duval,2021,4,51.4,118.5,39.0,93.4,55.1,18.2,30.2,69.3,7.0,52.7,44.1,39.3,20220527-quarter-ending-march-31-2022.pdf,Oct-Dec,,reported
Escambia,2021,4,30.2,61.6,36.0,49.6,60.9,23.2,30.2,69.3,7.0,52.7,44.1,39.3,20220527-quarter-ending-march-31-2022.pdf,Oct-Dec,,reported
Flagler,2021,4,30.7,53.0,9.0,40.4,75.8,36.7,30.2,69.3,7.0,52.7,44.1,39.3,20220527-quarter-ending-march-31-2022.pdf,Oct-Dec,,reported
Franklin,2021,4,0.0,0.0,0.0,0.0,0.0,60.7,30.2,69.3,7.0,52.7,44.1,39.3,20220527-quarter-ending-march-31-2022.pdf,Oct-Dec,,reported
Gadsden,2021,4,29.3,59.8,4.0,42.3,69.2,40.2,30.2,69.3,7.0,52.7,44.1,39.3,20220527-quarter-ending-march-31-2022.pdf,Oct-Dec,,reported
Gilchrist,2021,4,1.1,6.3,46.0,6.3,18.0,98.7,30.2,69.3,7.0,52.7,44.1,39.3,20220527-quarter-ending-march-31-2022.pdf,Oct-Dec,,reported
Glades,2021,4,41.0,145.0,1.0,105.0,39.0,33.3,30.2,69.3,7.0,52.7,44.1,39.3,20220527-quarter-ending-march-31-2022.pdf,Oct-Dec,,reported
Gulf,2021,4,48.0,56.0,2.0,48.0,100.0,48.3,30.2,69.3,7.0,52.7,44.1,39.3,20220527-quarter-ending-march-31-2022.pdf,Oct-Dec,,reported
Hamilton,2021,4,0.0,103.0,1.0,103.0,0.0,25.8,30.2,69.3,7.0,52.7,44.1,39.3,20220527-quarter-ending-march-31-2022.pdf,Oct-Dec,,reported
Hardee,2021,4,8.0,72.0,1.0,56.0,14.3,49.0,30.2,69.3,7.0,52.7,44.1,39.3,20220527-quarter-ending-march-31-2022.pdf,Oct-Dec,,reported
Hendry,2021,4,10.8,10.8,8.0,9.9,108.9,19.8,30.2,69.3,7.0,52.7,44.1,39.3,20220527-quarter-ending-march-31-2022.pdf,Oct-Dec,percent_to_voir_dire_gt_100_reported; ,reported
Hernando,2021,4,26.6,50.3,7.0,47.0,56.5,44.8,30.2,69.3,7.0,52.7,44.1,39.3,20220527-quarter-ending-march-31-2022.pdf,Oct-Dec,,reported
Highlands,2021,4,27.6,49.2,5.0,40.8,67.6,40.2,30.2,69.3,7.0,52.7,44.1,39.3,20220527-quarter-ending-march-31-2022.pdf,Oct-Dec,,reported
Hillsborough,2021,4,45.2,143.5,46.0,112.6,40.2,30.7,30.2,69.3,7.0,52.7,44.1,39.3,20220527-quarter-ending-march-31-2022.pdf,Oct-Dec,,reported
Holmes,2021,4,1.0,1.3,82.0,1.3,79.6,65.5,30.2,69.3,7.0,52.7,44.1,39.3,20220527-quarter-ending-march-31-2022.pdf,Oct-Dec,,reported
Indian River,2021,4,29.0,182.5,4.0,126.8,22.9,54.6,30.2,69.3,7.0,52.7,44.1,39.3,20220527-quarter-ending-march-31-2022.pdf,Oct-Dec,,reported
Jackson,2021,4,7.0,33.3,4.0,21.0,33.3,54.2,30.2,69.3,7.0,52.7,44.1,39.3,20220527-quarter-ending-march-31-2022.pdf,Oct-Dec,,reported
Jefferson,2021,4,0.0,0.0,0.0,0.0,0.0,0.0,30.2,69.3,7.0,52.7,44.1,39.3,20220527-quarter-ending-march-31-2022.pdf,Oct-Dec,,reported_all_zero
Lafayette,2021,4,0.0,0.0,0.0,0.0,0.0,0.0,30.2,69.3,7.0,52.7,44.1,39.3,20220527-quarter-ending-march-31-2022.pdf,Oct-Dec,,reported_all_zero
Lake,2021,4,30.4,64.3,13.0,49.0,62.0,37.8,30.2,69.3,7.0,52.7,44.1,39.3,20220527-quarter-ending-march-31-2022.pdf,Oct-Dec,,reported
Lee,2021,4,30.8,85.2,39.0,78.9,39.1,55.3,30.2,69.3,7.0,52.7,44.1,39.3,20220527-quarter-ending-march-31-2022.pdf,Oct-Dec,,reported
Leon,2021,4,29.4,56.0,41.0,46.2,63.6,42.2,30.2,69.3,7.0,52.7,44.1,39.3,20220527-quarter-ending-march-31-2022.pdf,Oct-Dec,,reported
Levy,2021,4,72.0,169.0,1.0,162.0,44.4,39.3,30.2,69.3,7.0,52.7,44.1,39.3,20220527-quarter-ending-march-31-2022.pdf,Oct-Dec,,reported
Liberty,2021,4,0.0,0.0,0.0,0.0,0.0,0.0,30.2,69.3,7.0,52.7,44.1,39.3,20220527-quarter-ending-march-31-2022.pdf,Oct-Dec,,reported_all_zero
Madison,2021,4,44.0,44.0,3.0,44.0,100.0,33.0,30.2,69.3,7.0,52.7,44.1,39.3,20220527-quarter-ending-march-31-2022.pdf,Oct-Dec,,reported
Manatee,2021,4,69.9,163.9,14.0,144.7,48.3,44.2,30.2,69.3,7.0,52.7,44.1,39.3,20220527-quarter-ending-march-31-2022.pdf,Oct-Dec,,reported
Marion,2021,4,32.2,116.4,22.0,106.6,30.2,31.7,30.2,69.3,7.0,52.7,44.1,39.3,20220527-quarter-ending-march-31-2022.pdf,Oct-Dec,,reported
Martin,2021,4,39.6,148.1,7.0,124.7,31.7,38.1,30.2,69.3,7.0,52.7,44.1,39.3,20220527-quarter-ending-march-31-2022.pdf,Oct-Dec,,reported
Miami-Dade,2021,4,37.1,90.9,146.0,75.5,49.2,55.7,30.2,69.3,7.0,52.7,44.1,39.3,20220527-quarter-ending-march-31-2022.pdf,Oct-Dec,,reported
Monroe,2021,4,33.1,101.7,7.0,80.0,41.4,28.0,30.2,69.3,7.0,52.7,44.1,39.3,20220527-quarter-ending-march-31-2022.pdf,Oct-Dec,,reported
Nassau,2021,4,29.0,700.0,1.0,637.0,4.6,36.7,30.2,69.3,7.0,52.7,44.1,39.3,20220527-quarter-ending-march-31-2022.pdf,Oct-Dec,,reported
Okaloosa,2021,4,56.4,94.8,5.0,76.0,74.2,52.3,30.2,69.3,7.0,52.7,44.1,39.3,20220527-quarter-ending-march-31-2022.pdf,Oct-Dec,,reported
Okeechobee,2021,4,33.3,64.1,7.0,51.6,64.5,23.5,30.2,69.3,7.0,52.7,44.1,39.3,20220527-quarter-ending-march-31-2022.pdf,Oct-Dec,,reported
Orange,2021,4,53.2,121.6,42.0,89.0,59.9,64.0,30.2,69.3,7.0,52.7,44.1,39.3,20220527-quarter-ending-march-31-2022.pdf,Oct-Dec,,reported
Osceola,2021,4,50.6,143.9,16.0,122.2,41.4,54.8,30.2,69.3,7.0,52.7,44.1,39.3,20220527-quarter-ending-march-31-2022.pdf,Oct-Dec,,reported
Palm Beach,2021,4,36.2,57.2,81.0,38.5,94.0,41.9,30.2,69.3,7.0,52.7,44.1,39.3,20220527-quarter-ending-march-31-2022.pdf,Oct-Dec,,reported
Pasco,2021,4,32.8,88.0,23.0,78.2,41.9,40.6,30.2,69.3,7.0,52.7,44.1,39.3,20220527-quarter-ending-march-31-2022.pdf,Oct-Dec,,reported
Pinellas,2021,4,32.0,81.7,65.0,76.5,41.8,44.1,30.2,69.3,7.0,52.7,44.1,39.3,20220527-quarter-ending-march-31-2022.pdf,Oct-Dec,,reported
Polk,2021,4,29.0,129.8,70.0,123.1,23.6,76.0,30.2,69.3,7.0,52.7,44.1,39.3,20220527-quarter-ending-march-31-2022.pdf,Oct-Dec,,reported
Putnam,2021,4,43.5,87.3,4.0,69.8,62.4,26.6,30.2,69.3,7.0,52.7,44.1,39.3,20220527-quarter-ending-march-31-2022.pdf,Oct-Dec,,reported
Santa Rosa,2021,4,26.9,89.6,21.0,59.4,45.2,45.3,30.2,69.3,7.0,52.7,44.1,39.3,20220527-quarter-ending-march-31-2022.pdf,Oct-Dec,,reported
Sarasota,2021,4,32.8,100.6,18.0,90.5,36.3,39.3,30.2,69.3,7.0,52.7,44.1,39.3,20220527-quarter-ending-march-31-2022.pdf,Oct-Dec,,reported
Seminole,2021,4,26.1,74.0,20.0,65.9,39.6,66.8,30.2,69.3,7.0,52.7,44.1,39.3,20220527-quarter-ending-march-31-2022.pdf,Oct-Dec,,reported
St. Johns,2021,4,35.0,107.0,4.0,88.8,39.4,44.8,30.2,69.3,7.0,52.7,44.1,39.3,20220527-quarter-ending-march-31-2022.pdf,Oct-Dec,,reported
St. Lucie,2021,4,50.2,101.0,23.0,82.4,60.9,100.0,30.2,69.3,7.0,52.7,44.1,39.3,20220527-quarter-ending-march-31-2022.pdf,Oct-Dec,,reported
Sumter,2021,4,19.4,26.9,8.0,20.9,92.8,18.6,30.2,69.3,7.0,52.7,44.1,39.3,20220527-quarter-ending-march-31-2022.pdf,Oct-Dec,,reported
Suwannee,2021,4,7.0,26.8,5.0,18.4,38.0,41.8,30.2,69.3,7.0,52.7,44.1,39.3,20220527-quarter-ending-march-31-2022.pdf,Oct-Dec,,reported
Taylor,2021,4,0.0,0.0,0.0,0.0,0.0,0.0,30.2,69.3,7.0,52.7,44.1,39.3,20220527-quarter-ending-march-31-2022.pdf,Oct-Dec,,reported_all_zero
Union,2021,4,32.0,41.0,1.0,34.0,94.1,34.0,30.2,69.3,7.0,52.7,44.1,39.3,20220527-quarter-ending-march-31-2022.pdf,Oct-Dec,,reported
Volusia,2021,4,35.5,69.3,24.0,47.5,74.9,50.0,30.2,69.3,7.0,52.7,44.1,39.3,20220527-quarter-ending-march-31-2022.pdf,Oct-Dec,,reported
Wakulla,2021,4,0.0,0.0,0.0,0.0,0.0,0.0,30.2,69.3,7.0,52.7,44.1,39.3,20220527-quarter-ending-march-31-2022.pdf,Oct-Dec,,reported_all_zero
Walton,2021,4,38.7,71.0,3.0,52.7,73.4,25.9,30.2,69.3,7.0,52.7,44.1,39.3,20220527-quarter-ending-march-31-2022.pdf,Oct-Dec,,reported
Washington,2021,4,0.0,0.0,0.0,0.0,0.0,0.0,30.2,69.3,7.0,52.7,44.1,39.3,20220527-quarter-ending-march-31-2022.pdf,Oct-Dec,,reported_all_zero
Alachua,2022,1,29.3,45.7,29.0,38.2,76.6,17.8,29.2,71.9,9.0,57.0,46.5,41.1,20220527-quarter-ending-march-31-2022.pdf,Jan-Mar,,reported
Baker,2022,1,0.0,0.0,0.0,0.0,0.0,75.5,29.2,71.9,9.0,57.0,46.5,41.1,20220527-quarter-ending-march-31-2022.pdf,Jan-Mar,,reported
Bay,2022,1,25.8,41.7,25.0,35.2,73.3,39.2,29.2,71.9,9.0,57.0,46.5,41.1,20220527-quarter-ending-march-31-2022.pdf,Jan-Mar,,reported
Bradford,2022,1,0.0,0.0,0.0,0.0,0.0,30.2,29.2,71.9,9.0,57.0,46.5,41.1,20220527-quarter-ending-march-31-2022.pdf,Jan-Mar,,reported
Brevard,2022,1,35.8,218.9,37.0,175.5,20.4,69.7,29.2,71.9,9.0,57.0,46.5,41.1,20220527-quarter-ending-march-31-2022.pdf,Jan-Mar,,reported
Broward,2022,1,36.1,82.1,157.0,62.7,57.7,38.9,29.2,71.9,9.0,57.0,46.5,41.1,20220527-quarter-ending-march-31-2022.pdf,Jan-Mar,,reported
Calhoun,2022,1,8.0,81.0,1.0,57.0,14.0,38.0,29.2,71.9,9.0,57.0,46.5,41.1,20220527-quarter-ending-march-31-2022.pdf,Jan-Mar,,reported
Charlotte,2022,1,38.8,59.2,18.0,54.6,71.1,60.7,29.2,71.9,9.0,57.0,46.5,41.1,20220527-quarter-ending-march-31-2022.pdf,Jan-Mar,,reported
Citrus,2022,1,24.4,50.7,17.0,39.9,61.0,31.9,29.2,71.9,9.0,57.0,46.5,41.1,20220527-quarter-ending-march-31-2022.pdf,Jan-Mar,,reported
Clay,2022,1,22.0,167.3,3.0,148.7,14.8,31.1,29.2,71.9,9.0,57.0,46.5,41.1,20220527-quarter-ending-march-31-2022.pdf,Jan-Mar,,reported
Collier,2022,1,34.2,110.5,24.0,93.2,36.7,58.6,29.2,71.9,9.0,57.0,46.5,41.1,20220527-quarter-ending-march-31-2022.pdf,Jan-Mar,,reported
Columbia,2022,1,47.2,96.0,10.0,65.7,71.8,34.8,29.2,71.9,9.0,57.0,46.5,41.1,20220527-quarter-ending-march-31-2022.pdf,Jan-Mar,,reported
DeSoto,2022,1,64.5,152.0,4.0,152.0,42.4,41.1,29.2,71.9,9.0,57.0,46.5,41.1,20220527-quarter-ending-march-31-2022.pdf,Jan-Mar,,reported
Dixie,2022,1,0.0,0.0,0.0,0.0,0.0,0.0,29.2,71.9,9.0,57.0,46.5,41.1,20220527-quarter-ending-march-31-2022.pdf,Jan-Mar,,reported_all_zero
Duval,2022,1,38.6,79.8,53.0,64.9,59.5,20.1,29.2,71.9,9.0,57.0,46.5,41.1,20220527-quarter-ending-march-31-2022.pdf,Jan-Mar,,reported
Escambia,2022,1,23.1,39.7,54.0,30.7,75.2,25.2,29.2,71.9,9.0,57.0,46.5,41.1,20220527-quarter-ending-march-31-2022.pdf,Jan-Mar,,reported
Flagler,2022,1,29.8,60.3,6.0,45.8,65.1,46.3,29.2,71.9,9.0,57.0,46.5,41.1,20220527-quarter-ending-march-31-2022.pdf,Jan-Mar,,reported
Franklin,2022,1,27.0,93.0,1.0,86.0,31.4,41.4,29.2,71.9,9.0,57.0,46.5,41.1,20220527-quarter-ending-march-31-2022.pdf,Jan-Mar,,reported
Gadsden,2022,1,23.5,50.7,6.0,42.7,55.1,33.1,29.2,71.9,9.0,57.0,46.5,41.1,20220527-quarter-ending-march-31-2022.pdf,Jan-Mar,,reported
Gilchrist,2022,1,1.0,1.7,24.0,1.7,60.0,91.7,29.2,71.9,9.0,57.0,46.5,41.1,20220527-quarter-ending-march-31-2022.pdf,Jan-Mar,,reported
Glades,2022,1,21.5,41.0,2.0,41.0,52.4,100.0,29.2,71.9,9.0,57.0,46.5,41.1,20220527-quarter-ending-march-31-2022.pdf,Jan-Mar,,reported
Gulf,2022,1,4.3,37.7,3.0,30.7,14.1,32.6,29.2,71.9,9.0,57.0,46.5,41.1,20220527-quarter-ending-march-31-2022.pdf,Jan-Mar,,reported
Hamilton,2022,1,0.0,0.0,0.0,0.0,0.0,0.0,29.2,71.9,9.0,57.0,46.5,41.1,20220527-quarter-ending-march-31-2022.pdf,Jan-Mar,,reported_all_zero
Hardee,2022,1,7.0,124.0,2.0,114.0,6.1,47.8,29.2,71.9,9.0,57.0,46.5,41.1,20220527-quarter-ending-march-31-2022.pdf,Jan-Mar,,reported
Hendry,2022,1,0.0,0.0,0.0,0.0,0.0,21.7,29.2,71.9,9.0,57.0,46.5,41.1,20220527-quarter-ending-march-31-2022.pdf,Jan-Mar,,reported
Hernando,2022,1,40.4,62.3,9.0,51.8,78.1,62.0,29.2,71.9,9.0,57.0,46.5,41.1,20220527-quarter-ending-march-31-2022.pdf,Jan-Mar,,reported
Highlands,2022,1,22.4,51.7,7.0,40.3,55.7,27.1,29.2,71.9,9.0,57.0,46.5,41.1,20220527-quarter-ending-march-31-2022.pdf,Jan-Mar,,reported
Hillsborough,2022,1,42.9,140.4,59.0,107.6,39.8,37.5,29.2,71.9,9.0,57.0,46.5,41.1,20220527-quarter-ending-march-31-2022.pdf,Jan-Mar,,reported
Holmes,2022,1,34.0,101.0,1.0,94.0,36.2,66.0,29.2,71.9,9.0,57.0,46.5,41.1,20220527-quarter-ending-march-31-2022.pdf,Jan-Mar,,reported
Indian River,2022,1,34.9,71.9,13.0,53.9,64.8,58.1,29.2,71.9,9.0,57.0,46.5,41.1,20220527-quarter-ending-march-31-2022.pdf,Jan-Mar,,reported
Jackson,2022,1,7.3,89.3,3.0,71.7,10.2,41.3,29.2,71.9,9.0,57.0,46.5,41.1,20220527-quarter-ending-march-31-2022.pdf,Jan-Mar,,reported
Jefferson,2022,1,0.0,0.0,0.0,0.0,0.0,34.7,29.2,71.9,9.0,57.0,46.5,41.1,20220527-quarter-ending-march-31-2022.pdf,Jan-Mar,,reported
Lafayette,2022,1,32.0,32.0,2.0,32.0,100.0,37.6,29.2,71.9,9.0,57.0,46.5,41.1,20220527-quarter-ending-march-31-2022.pdf,Jan-Mar,,reported
Lake,2022,1,40.8,99.1,16.0,68.2,59.9,35.7,29.2,71.9,9.0,57.0,46.5,41.1,20220527-quarter-ending-march-31-2022.pdf,Jan-Mar,,reported
Lee,2022,1,35.8,91.5,57.0,78.6,45.6,50.6,29.2,71.9,9.0,57.0,46.5,41.1,20220527-quarter-ending-march-31-2022.pdf,Jan-Mar,,reported
Leon,2022,1,13.6,28.1,103.0,23.7,57.5,41.2,29.2,71.9,9.0,57.0,46.5,41.1,20220527-quarter-ending-march-31-2022.pdf,Jan-Mar,,reported
Levy,2022,1,0.0,0.0,0.0,0.0,2.9,91.1,29.2,71.9,9.0,57.0,46.5,41.1,20220527-quarter-ending-march-31-2022.pdf,Jan-Mar,,reported
Liberty,2022,1,20.0,50.0,1.0,43.0,46.5,43.0,29.2,71.9,9.0,57.0,46.5,41.1,20220527-quarter-ending-march-31-2022.pdf,Jan-Mar,,reported
Madison,2022,1,32.0,32.0,1.0,32.0,100.0,32.0,29.2,71.9,9.0,57.0,46.5,41.1,20220527-quarter-ending-march-31-2022.pdf,Jan-Mar,,reported
Manatee,2022,1,62.6,135.6,16.0,111.8,56.0,47.2,29.2,71.9,9.0,57.0,46.5,41.1,20220527-quarter-ending-march-31-2022.pdf,Jan-Mar,,reported
Marion,2022,1,30.8,98.1,20.0,89.1,34.6,31.9,29.2,71.9,9.0,57.0,46.5,41.1,20220527-quarter-ending-march-31-2022.pdf,Jan-Mar,,reported
Martin,2022,1,26.8,85.9,9.0,74.2,36.1,47.4,29.2,71.9,9.0,57.0,46.5,41.1,20220527-quarter-ending-march-31-2022.pdf,Jan-Mar,,reported
Miami-Dade,2022,1,42.1,87.7,120.0,70.8,59.4,77.7,29.2,71.9,9.0,57.0,46.5,41.1,20220527-quarter-ending-march-31-2022.pdf,Jan-Mar,,reported
Monroe,2022,1,12.0,164.0,7.0,151.1,7.9,51.6,29.2,71.9,9.0,57.0,46.5,41.1,20220527-quarter-ending-march-31-2022.pdf,Jan-Mar,,reported
Nassau,2022,1,30.0,353.0,2.0,318.0,9.4,44.4,29.2,71.9,9.0,57.0,46.5,41.1,20220527-quarter-ending-march-31-2022.pdf,Jan-Mar,,reported
Okaloosa,2022,1,36.6,51.4,9.0,41.3,88.4,60.1,29.2,71.9,9.0,57.0,46.5,41.1,20220527-quarter-ending-march-31-2022.pdf,Jan-Mar,,reported
Okeechobee,2022,1,47.5,116.3,4.0,93.8,50.7,23.8,29.2,71.9,9.0,57.0,46.5,41.1,20220527-quarter-ending-march-31-2022.pdf,Jan-Mar,,reported
Orange,2022,1,36.3,91.5,79.0,74.2,48.9,64.5,29.2,71.9,9.0,57.0,46.5,41.1,20220527-quarter-ending-march-31-2022.pdf,Jan-Mar,,reported
Osceola,2022,1,32.6,102.8,27.0,93.5,34.9,52.3,29.2,71.9,9.0,57.0,46.5,41.1,20220527-quarter-ending-march-31-2022.pdf,Jan-Mar,,reported
Palm Beach,2022,1,40.7,57.3,102.0,42.6,95.5,39.7,29.2,71.9,9.0,57.0,46.5,41.1,20220527-quarter-ending-march-31-2022.pdf,Jan-Mar,,reported
Pasco,2022,1,83.1,143.0,22.0,128.4,64.7,41.9,29.2,71.9,9.0,57.0,46.5,41.1,20220527-quarter-ending-march-31-2022.pdf,Jan-Mar,,reported
Pinellas,2022,1,37.2,114.3,58.0,101.9,36.6,43.6,29.2,71.9,9.0,57.0,46.5,41.1,20220527-quarter-ending-march-31-2022.pdf,Jan-Mar,,reported
Polk,2022,1,23.3,121.6,110.0,118.1,19.7,91.2,29.2,71.9,9.0,57.0,46.5,41.1,20220527-quarter-ending-march-31-2022.pdf,Jan-Mar,,reported
Putnam,2022,1,34.5,82.5,4.0,70.3,49.1,32.1,29.2,71.9,9.0,57.0,46.5,41.1,20220527-quarter-ending-march-31-2022.pdf,Jan-Mar,,reported
Santa Rosa,2022,1,95.3,320.0,9.0,125.3,76.1,43.9,29.2,71.9,9.0,57.0,46.5,41.1,20220527-quarter-ending-march-31-2022.pdf,Jan-Mar,,reported
Sarasota,2022,1,37.7,107.3,24.0,95.2,39.6,34.6,29.2,71.9,9.0,57.0,46.5,41.1,20220527-quarter-ending-march-31-2022.pdf,Jan-Mar,,reported
Seminole,2022,1,27.0,69.8,22.0,61.3,44.1,67.5,29.2,71.9,9.0,57.0,46.5,41.1,20220527-quarter-ending-march-31-2022.pdf,Jan-Mar,,reported
St. Johns,2022,1,29.2,90.0,5.0,63.0,46.3,50.1,29.2,71.9,9.0,57.0,46.5,41.1,20220527-quarter-ending-march-31-2022.pdf,Jan-Mar,,reported
St. Lucie,2022,1,52.8,95.4,29.0,82.8,63.8,29.8,29.2,71.9,9.0,57.0,46.5,41.1,20220527-quarter-ending-march-31-2022.pdf,Jan-Mar,,reported
Sumter,2022,1,19.0,31.5,14.0,23.4,81.1,21.2,29.2,71.9,9.0,57.0,46.5,41.1,20220527-quarter-ending-march-31-2022.pdf,Jan-Mar,,reported
Suwannee,2022,1,7.0,46.5,2.0,43.0,16.3,50.0,29.2,71.9,9.0,57.0,46.5,41.1,20220527-quarter-ending-march-31-2022.pdf,Jan-Mar,,reported
Taylor,2022,1,24.3,53.7,3.0,41.7,58.4,23.9,29.2,71.9,9.0,57.0,46.5,41.1,20220527-quarter-ending-march-31-2022.pdf,Jan-Mar,,reported
Union,2022,1,0.0,0.0,0.0,0.0,0.0,0.0,29.2,71.9,9.0,57.0,46.5,41.1,20220527-quarter-ending-march-31-2022.pdf,Jan-Mar,,reported_all_zero
Volusia,2022,1,46.9,126.0,19.0,74.0,63.4,46.7,29.2,71.9,9.0,57.0,46.5,41.1,20220527-quarter-ending-march-31-2022.pdf,Jan-Mar,,reported
Wakulla,2022,1,0.0,0.0,0.0,0.0,0.0,0.0,29.2,71.9,9.0,57.0,46.5,41.1,20220527-quarter-ending-march-31-2022.pdf,Jan-Mar,,reported_all_zero
Walton,2022,1,24.8,48.2,5.0,33.2,74.7,28.8,29.2,71.9,9.0,57.0,46.5,41.1,20220527-quarter-ending-march-31-2022.pdf,Jan-Mar,,reported
Washington,2022,1,20.7,58.3,3.0,53.7,38.5,28.2,29.2,71.9,9.0,57.0,46.5,41.1,20220527-quarter-ending-march-31-2022.pdf,Jan-Mar,,reported
Alachua,2022,2,37.3,61.2,25.0,50.8,73.3,18.4,32.9,76.5,7.0,60.3,46.3,40.6,20221129-quarter-ending-september-30-2022.pdf,Apr-Jun,,reported
Baker,2022,2,27.0,710.0,1.0,656.0,4.1,70.2,32.9,76.5,7.0,60.3,46.3,40.6,20221129-quarter-ending-september-30-2022.pdf,Apr-Jun,,reported
Bay,2022,2,29.3,50.4,28.0,43.0,68.2,42.5,32.9,76.5,7.0,60.3,46.3,40.6,20221129-quarter-ending-september-30-2022.pdf,Apr-Jun,,reported
Bradford,2022,2,0.0,0.0,0.0,0.0,0.0,66.7,32.9,76.5,7.0,60.3,46.3,40.6,20221129-quarter-ending-september-30-2022.pdf,Apr-Jun,,reported
Brevard,2022,2,25.1,173.0,48.0,162.4,15.5,69.9,32.9,76.5,7.0,60.3,46.3,40.6,20221129-quarter-ending-september-30-2022.pdf,Apr-Jun,,reported
Broward,2022,2,69.9,116.8,144.0,76.6,91.3,35.9,32.9,76.5,7.0,60.3,46.3,40.6,20221129-quarter-ending-september-30-2022.pdf,Apr-Jun,,reported
Calhoun,2022,2,40.0,76.5,2.0,42.0,95.2,42.0,32.9,76.5,7.0,60.3,46.3,40.6,20221129-quarter-ending-september-30-2022.pdf,Apr-Jun,,reported
Charlotte,2022,2,34.8,53.4,22.0,50.1,69.4,62.7,32.9,76.5,7.0,60.3,46.3,40.6,20221129-quarter-ending-september-30-2022.pdf,Apr-Jun,,reported
Citrus,2022,2,31.7,102.7,7.0,87.0,36.5,36.8,32.9,76.5,7.0,60.3,46.3,40.6,20221129-quarter-ending-september-30-2022.pdf,Apr-Jun,,reported
Clay,2022,2,129.3,153.3,3.0,128.0,101.0,49.1,32.9,76.5,7.0,60.3,46.3,40.6,20221129-quarter-ending-september-30-2022.pdf,Apr-Jun,percent_to_voir_dire_gt_100_reported; ,reported
Collier,2022,2,33.2,85.3,26.0,70.9,46.9,48.2,32.9,76.5,7.0,60.3,46.3,40.6,20221129-quarter-ending-september-30-2022.pdf,Apr-Jun,,reported
Columbia,2022,2,42.0,69.5,4.0,60.3,69.7,39.6,32.9,76.5,7.0,60.3,46.3,40.6,20221129-quarter-ending-september-30-2022.pdf,Apr-Jun,,reported
DeSoto,2022,2,52.9,65.6,9.0,65.6,80.7,33.1,32.9,76.5,7.0,60.3,46.3,40.6,20221129-quarter-ending-september-30-2022.pdf,Apr-Jun,,reported
Dixie,2022,2,24.1,29.9,9.0,29.9,80.7,46.1,32.9,76.5,7.0,60.3,46.3,40.6,20221129-quarter-ending-september-30-2022.pdf,Apr-Jun,,reported
Duval,2022,2,42.8,90.5,63.0,63.6,67.3,24.6,32.9,76.5,7.0,60.3,46.3,40.6,20221129-quarter-ending-september-30-2022.pdf,Apr-Jun,,reported
Escambia,2022,2,23.1,42.1,56.0,32.1,72.0,26.7,32.9,76.5,7.0,60.3,46.3,40.6,20221129-quarter-ending-september-30-2022.pdf,Apr-Jun,,reported
Flagler,2022,2,47.0,116.8,4.0,101.5,46.3,33.8,32.9,76.5,7.0,60.3,46.3,40.6,20221129-quarter-ending-september-30-2022.pdf,Apr-Jun,,reported
Franklin,2022,2,0.0,0.0,0.0,0.0,0.0,0.0,32.9,76.5,7.0,60.3,46.3,40.6,20221129-quarter-ending-september-30-2022.pdf,Apr-Jun,,reported_all_zero
Gadsden,2022,2,30.1,79.9,7.0,61.7,48.8,24.4,32.9,76.5,7.0,60.3,46.3,40.6,20221129-quarter-ending-september-30-2022.pdf,Apr-Jun,,reported
Gilchrist,2022,2,1.0,5.2,31.0,5.2,19.3,77.5,32.9,76.5,7.0,60.3,46.3,40.6,20221129-quarter-ending-september-30-2022.pdf,Apr-Jun,,reported
Glades,2022,2,18.0,227.0,1.0,120.0,15.0,64.3,32.9,76.5,7.0,60.3,46.3,40.6,20221129-quarter-ending-september-30-2022.pdf,Apr-Jun,,reported
Gulf,2022,2,7.0,67.0,1.0,67.0,10.4,32.4,32.9,76.5,7.0,60.3,46.3,40.6,20221129-quarter-ending-september-30-2022.pdf,Apr-Jun,,reported
Hamilton,2022,2,0.0,0.0,0.0,0.0,0.0,0.0,32.9,76.5,7.0,60.3,46.3,40.6,20221129-quarter-ending-september-30-2022.pdf,Apr-Jun,,reported_all_zero
Hardee,2022,2,7.0,81.0,1.0,74.0,9.5,40.1,32.9,76.5,7.0,60.3,46.3,40.6,20221129-quarter-ending-september-30-2022.pdf,Apr-Jun,,reported
Hendry,2022,2,29.5,34.8,4.0,31.3,94.4,20.5,32.9,76.5,7.0,60.3,46.3,40.6,20221129-quarter-ending-september-30-2022.pdf,Apr-Jun,,reported
Hernando,2022,2,69.0,99.7,9.0,81.4,84.7,32.0,32.9,76.5,7.0,60.3,46.3,40.6,20221129-quarter-ending-september-30-2022.pdf,Apr-Jun,,reported
Highlands,2022,2,75.3,150.0,4.0,103.5,72.7,25.1,32.9,76.5,7.0,60.3,46.3,40.6,20221129-quarter-ending-september-30-2022.pdf,Apr-Jun,,reported
Hillsborough,2022,2,38.2,136.3,64.0,111.7,34.2,38.7,32.9,76.5,7.0,60.3,46.3,40.6,20221129-quarter-ending-september-30-2022.pdf,Apr-Jun,,reported
Holmes,2022,2,0.0,0.0,0.0,0.0,0.0,70.7,32.9,76.5,7.0,60.3,46.3,40.6,20221129-quarter-ending-september-30-2022.pdf,Apr-Jun,,reported
Indian River,2022,2,53.0,129.3,12.0,81.8,64.8,54.8,32.9,76.5,7.0,60.3,46.3,40.6,20221129-quarter-ending-september-30-2022.pdf,Apr-Jun,,reported
Jackson,2022,2,7.0,49.0,2.0,41.0,17.1,40.0,32.9,76.5,7.0,60.3,46.3,40.6,20221129-quarter-ending-september-30-2022.pdf,Apr-Jun,,reported
Jefferson,2022,2,7.0,36.0,1.0,36.0,19.4,28.8,32.9,76.5,7.0,60.3,46.3,40.6,20221129-quarter-ending-september-30-2022.pdf,Apr-Jun,,reported
Lafayette,2022,2,0.0,0.0,0.0,0.0,0.0,0.0,32.9,76.5,7.0,60.3,46.3,40.6,20221129-quarter-ending-september-30-2022.pdf,Apr-Jun,,reported_all_zero
Lake,2022,2,33.9,81.1,21.0,57.9,58.5,32.8,32.9,76.5,7.0,60.3,46.3,40.6,20221129-quarter-ending-september-30-2022.pdf,Apr-Jun,,reported
Lee,2022,2,35.7,80.2,54.0,69.7,51.2,51.6,32.9,76.5,7.0,60.3,46.3,40.6,20221129-quarter-ending-september-30-2022.pdf,Apr-Jun,,reported
Leon,2022,2,33.0,74.5,38.0,61.5,53.7,40.9,32.9,76.5,7.0,60.3,46.3,40.6,20221129-quarter-ending-september-30-2022.pdf,Apr-Jun,,reported
Levy,2022,2,0.0,0.0,0.0,0.0,0.0,68.0,32.9,76.5,7.0,60.3,46.3,40.6,20221129-quarter-ending-september-30-2022.pdf,Apr-Jun,,reported
Liberty,2022,2,1.0,14.0,9.0,13.2,7.6,68.9,32.9,76.5,7.0,60.3,46.3,40.6,20221129-quarter-ending-september-30-2022.pdf,Apr-Jun,,reported
Madison,2022,2,27.0,30.5,2.0,27.0,100.0,27.0,32.9,76.5,7.0,60.3,46.3,40.6,20221129-quarter-ending-september-30-2022.pdf,Apr-Jun,,reported
Manatee,2022,2,47.3,126.8,20.0,110.9,42.7,40.1,32.9,76.5,7.0,60.3,46.3,40.6,20221129-quarter-ending-september-30-2022.pdf,Apr-Jun,,reported
Marion,2022,2,32.9,96.8,23.0,85.1,38.6,32.6,32.9,76.5,7.0,60.3,46.3,40.6,20221129-quarter-ending-september-30-2022.pdf,Apr-Jun,,reported
Martin,2022,2,34.4,68.1,17.0,54.9,62.6,39.2,32.9,76.5,7.0,60.3,46.3,40.6,20221129-quarter-ending-september-30-2022.pdf,Apr-Jun,,reported
Miami-Dade,2022,2,41.2,111.2,225.0,94.9,43.4,62.2,32.9,76.5,7.0,60.3,46.3,40.6,20221129-quarter-ending-september-30-2022.pdf,Apr-Jun,,reported
Monroe,2022,2,36.3,754.5,4.0,746.0,4.9,69.3,32.9,76.5,7.0,60.3,46.3,40.6,20221129-quarter-ending-september-30-2022.pdf,Apr-Jun,,reported
Nassau,2022,2,47.5,291.0,2.0,267.0,17.8,48.0,32.9,76.5,7.0,60.3,46.3,40.6,20221129-quarter-ending-september-30-2022.pdf,Apr-Jun,,reported
Okaloosa,2022,2,33.0,52.7,3.0,40.0,82.5,58.1,32.9,76.5,7.0,60.3,46.3,40.6,20221129-quarter-ending-september-30-2022.pdf,Apr-Jun,,reported
Okeechobee,2022,2,43.8,91.6,5.0,79.4,55.2,27.6,32.9,76.5,7.0,60.3,46.3,40.6,20221129-quarter-ending-september-30-2022.pdf,Apr-Jun,,reported
Orange,2022,2,40.7,99.5,81.0,77.2,52.7,64.0,32.9,76.5,7.0,60.3,46.3,40.6,20221129-quarter-ending-september-30-2022.pdf,Apr-Jun,,reported
Osceola,2022,2,36.8,95.0,26.0,82.0,44.8,61.3,32.9,76.5,7.0,60.3,46.3,40.6,20221129-quarter-ending-september-30-2022.pdf,Apr-Jun,,reported
Palm Beach,2022,2,36.8,60.9,109.0,40.5,90.8,41.0,32.9,76.5,7.0,60.3,46.3,40.6,20221129-quarter-ending-september-30-2022.pdf,Apr-Jun,,reported
Pasco,2022,2,41.0,106.4,26.0,85.1,48.1,40.6,32.9,76.5,7.0,60.3,46.3,40.6,20221129-quarter-ending-september-30-2022.pdf,Apr-Jun,,reported
Pinellas,2022,2,20.6,58.8,99.0,56.4,36.5,44.8,32.9,76.5,7.0,60.3,46.3,40.6,20221129-quarter-ending-september-30-2022.pdf,Apr-Jun,,reported
Polk,2022,2,29.8,136.8,67.0,129.4,23.0,80.4,32.9,76.5,7.0,60.3,46.3,40.6,20221129-quarter-ending-september-30-2022.pdf,Apr-Jun,,reported
Putnam,2022,2,45.4,87.0,7.0,54.0,84.1,27.5,32.9,76.5,7.0,60.3,46.3,40.6,20221129-quarter-ending-september-30-2022.pdf,Apr-Jun,,reported
Santa Rosa,2022,2,48.7,262.5,6.0,198.3,24.5,48.7,32.9,76.5,7.0,60.3,46.3,40.6,20221129-quarter-ending-september-30-2022.pdf,Apr-Jun,,reported
Sarasota,2022,2,42.6,117.6,20.0,94.4,45.1,38.5,32.9,76.5,7.0,60.3,46.3,40.6,20221129-quarter-ending-september-30-2022.pdf,Apr-Jun,,reported
Seminole,2022,2,31.1,73.2,30.0,59.0,52.6,65.4,32.9,76.5,7.0,60.3,46.3,40.6,20221129-quarter-ending-september-30-2022.pdf,Apr-Jun,,reported
St. Johns,2022,2,25.8,78.3,4.0,58.8,43.8,42.2,32.9,76.5,7.0,60.3,46.3,40.6,20221129-quarter-ending-september-30-2022.pdf,Apr-Jun,,reported
St. Lucie,2022,2,52.1,108.9,27.0,93.1,55.9,27.7,32.9,76.5,7.0,60.3,46.3,40.6,20221129-quarter-ending-september-30-2022.pdf,Apr-Jun,,reported
Sumter,2022,2,17.5,27.4,14.0,15.7,111.4,20.0,32.9,76.5,7.0,60.3,46.3,40.6,20221129-quarter-ending-september-30-2022.pdf,Apr-Jun,percent_to_voir_dire_gt_100_reported; ,reported
Suwannee,2022,2,7.0,21.0,4.0,14.0,50.0,54.0,32.9,76.5,7.0,60.3,46.3,40.6,20221129-quarter-ending-september-30-2022.pdf,Apr-Jun,,reported
Taylor,2022,2,21.0,101.0,1.0,101.0,20.8,46.3,32.9,76.5,7.0,60.3,46.3,40.6,20221129-quarter-ending-september-30-2022.pdf,Apr-Jun,,reported
Union,2022,2,0.0,0.0,0.0,0.0,0.0,68.0,32.9,76.5,7.0,60.3,46.3,40.6,20221129-quarter-ending-september-30-2022.pdf,Apr-Jun,,reported
Volusia,2022,2,36.2,76.3,26.0,58.1,62.3,52.5,32.9,76.5,7.0,60.3,46.3,40.6,20221129-quarter-ending-september-30-2022.pdf,Apr-Jun,,reported
Wakulla,2022,2,0.0,0.0,0.0,0.0,0.0,0.0,32.9,76.5,7.0,60.3,46.3,40.6,20221129-quarter-ending-september-30-2022.pdf,Apr-Jun,,reported_all_zero
Walton,2022,2,19.7,64.0,3.0,57.0,34.5,28.3,32.9,76.5,7.0,60.3,46.3,40.6,20221129-quarter-ending-september-30-2022.pdf,Apr-Jun,,reported
Washington,2022,2,0.0,0.0,0.0,0.0,0.0,34.7,32.9,76.5,7.0,60.3,46.3,40.6,20221129-quarter-ending-september-30-2022.pdf,Apr-Jun,,reported
Alachua,2022,3,39.8,70.3,25.0,60.4,65.8,22.1,30.9,83.2,7.0,64.3,45.3,40.8,20221129-quarter-ending-september-30-2022.pdf,Jul-Sep,,reported
Baker,2022,3,0.0,0.0,0.0,0.0,0.0,75.6,30.9,83.2,7.0,64.3,45.3,40.8,20221129-quarter-ending-september-30-2022.pdf,Jul-Sep,,reported
Bay,2022,3,30.4,57.2,24.0,47.9,63.4,43.3,30.9,83.2,7.0,64.3,45.3,40.8,20221129-quarter-ending-september-30-2022.pdf,Jul-Sep,,reported
Bradford,2022,3,32.0,114.3,3.0,83.7,38.2,25.1,30.9,83.2,7.0,64.3,45.3,40.8,20221129-quarter-ending-september-30-2022.pdf,Jul-Sep,,reported
Brevard,2022,3,44.4,308.2,33.0,275.7,16.1,69.8,30.9,83.2,7.0,64.3,45.3,40.8,20221129-quarter-ending-september-30-2022.pdf,Jul-Sep,,reported
Broward,2022,3,43.5,99.7,127.0,71.3,61.1,40.2,30.9,83.2,7.0,64.3,45.3,40.8,20221129-quarter-ending-september-30-2022.pdf,Jul-Sep,,reported
Calhoun,2022,3,0.0,0.0,0.0,0.0,100.0,21.0,30.9,83.2,7.0,64.3,45.3,40.8,20221129-quarter-ending-september-30-2022.pdf,Jul-Sep,,reported
Charlotte,2022,3,28.2,46.6,18.0,42.9,65.7,59.6,30.9,83.2,7.0,64.3,45.3,40.8,20221129-quarter-ending-september-30-2022.pdf,Jul-Sep,,reported
Citrus,2022,3,27.4,99.0,7.0,89.1,30.8,33.5,30.9,83.2,7.0,64.3,45.3,40.8,20221129-quarter-ending-september-30-2022.pdf,Jul-Sep,,reported
Clay,2022,3,41.3,95.3,7.0,84.7,48.7,40.4,30.9,83.2,7.0,64.3,45.3,40.8,20221129-quarter-ending-september-30-2022.pdf,Jul-Sep,,reported
Collier,2022,3,26.6,64.0,25.0,56.4,47.1,46.9,30.9,83.2,7.0,64.3,45.3,40.8,20221129-quarter-ending-september-30-2022.pdf,Jul-Sep,,reported
Columbia,2022,3,35.9,59.7,7.0,44.0,81.5,37.2,30.9,83.2,7.0,64.3,45.3,40.8,20221129-quarter-ending-september-30-2022.pdf,Jul-Sep,,reported
DeSoto,2022,3,97.5,181.0,2.0,181.0,53.9,23.0,30.9,83.2,7.0,64.3,45.3,40.8,20221129-quarter-ending-september-30-2022.pdf,Jul-Sep,,reported
Dixie,2022,3,14.0,130.0,2.0,130.0,10.8,54.1,30.9,83.2,7.0,64.3,45.3,40.8,20221129-quarter-ending-september-30-2022.pdf,Jul-Sep,,reported
Duval,2022,3,44.9,85.6,61.0,63.9,70.2,19.9,30.9,83.2,7.0,64.3,45.3,40.8,20221129-quarter-ending-september-30-2022.pdf,Jul-Sep,,reported
Escambia,2022,3,26.2,46.2,47.0,35.2,74.3,22.7,30.9,83.2,7.0,64.3,45.3,40.8,20221129-quarter-ending-september-30-2022.pdf,Jul-Sep,,reported
Flagler,2022,3,40.4,65.6,5.0,44.2,91.4,46.7,30.9,83.2,7.0,64.3,45.3,40.8,20221129-quarter-ending-september-30-2022.pdf,Jul-Sep,,reported
Franklin,2022,3,0.0,0.0,0.0,0.0,0.0,34.9,30.9,83.2,7.0,64.3,45.3,40.8,20221129-quarter-ending-september-30-2022.pdf,Jul-Sep,,reported
Gadsden,2022,3,24.0,72.6,5.0,58.2,41.2,38.5,30.9,83.2,7.0,64.3,45.3,40.8,20221129-quarter-ending-september-30-2022.pdf,Jul-Sep,,reported
Gilchrist,2022,3,0.0,0.0,0.0,0.0,0.0,0.0,30.9,83.2,7.0,64.3,45.3,40.8,20221129-quarter-ending-september-30-2022.pdf,Jul-Sep,,reported_all_zero
Glades,2022,3,19.0,124.0,1.0,117.0,16.2,42.7,30.9,83.2,7.0,64.3,45.3,40.8,20221129-quarter-ending-september-30-2022.pdf,Jul-Sep,,reported
Gulf,2022,3,20.0,85.3,3.0,83.0,24.1,41.3,30.9,83.2,7.0,64.3,45.3,40.8,20221129-quarter-ending-september-30-2022.pdf,Jul-Sep,,reported
Hamilton,2022,3,0.0,0.0,0.0,0.0,0.0,0.0,30.9,83.2,7.0,64.3,45.3,40.8,20221129-quarter-ending-september-30-2022.pdf,Jul-Sep,,reported_all_zero
Hardee,2022,3,7.0,148.0,1.0,134.0,5.2,46.9,30.9,83.2,7.0,64.3,45.3,40.8,20221129-quarter-ending-september-30-2022.pdf,Jul-Sep,,reported
Hendry,2022,3,29.0,39.7,3.0,37.3,77.7,20.1,30.9,83.2,7.0,64.3,45.3,40.8,20221129-quarter-ending-september-30-2022.pdf,Jul-Sep,,reported
Hernando,2022,3,57.7,163.3,3.0,152.7,37.8,56.3,30.9,83.2,7.0,64.3,45.3,40.8,20221129-quarter-ending-september-30-2022.pdf,Jul-Sep,,reported
Highlands,2022,3,46.8,107.5,4.0,85.0,55.0,25.7,30.9,83.2,7.0,64.3,45.3,40.8,20221129-quarter-ending-september-30-2022.pdf,Jul-Sep,,reported
Hillsborough,2022,3,40.3,83.8,77.0,64.3,62.7,37.1,30.9,83.2,7.0,64.3,45.3,40.8,20221129-quarter-ending-september-30-2022.pdf,Jul-Sep,,reported
Holmes,2022,3,7.5,119.5,2.0,108.0,6.9,41.2,30.9,83.2,7.0,64.3,45.3,40.8,20221129-quarter-ending-september-30-2022.pdf,Jul-Sep,,reported
Indian River,2022,3,40.2,87.4,9.0,68.2,59.0,53.6,30.9,83.2,7.0,64.3,45.3,40.8,20221129-quarter-ending-september-30-2022.pdf,Jul-Sep,,reported
Jackson,2022,3,8.0,108.5,2.0,73.5,10.9,40.3,30.9,83.2,7.0,64.3,45.3,40.8,20221129-quarter-ending-september-30-2022.pdf,Jul-Sep,,reported
Jefferson,2022,3,8.0,81.0,1.0,65.0,12.3,32.5,30.9,83.2,7.0,64.3,45.3,40.8,20221129-quarter-ending-september-30-2022.pdf,Jul-Sep,,reported
Lafayette,2022,3,0.0,0.0,0.0,0.0,0.0,0.0,30.9,83.2,7.0,64.3,45.3,40.8,20221129-quarter-ending-september-30-2022.pdf,Jul-Sep,,reported_all_zero
Lake,2022,3,34.0,92.7,21.0,63.9,53.2,33.1,30.9,83.2,7.0,64.3,45.3,40.8,20221129-quarter-ending-september-30-2022.pdf,Jul-Sep,,reported
Lee,2022,3,35.3,92.0,42.0,82.2,42.9,49.3,30.9,83.2,7.0,64.3,45.3,40.8,20221129-quarter-ending-september-30-2022.pdf,Jul-Sep,,reported
Leon,2022,3,31.2,72.1,37.0,57.6,54.1,41.1,30.9,83.2,7.0,64.3,45.3,40.8,20221129-quarter-ending-september-30-2022.pdf,Jul-Sep,,reported
Levy,2022,3,0.0,0.0,0.0,0.0,0.0,102.8,30.9,83.2,7.0,64.3,45.3,40.8,20221129-quarter-ending-september-30-2022.pdf,Jul-Sep,summoning_yield_gt_100_reported; ,reported
Liberty,2022,3,0.0,0.0,0.0,0.0,0.0,0.0,30.9,83.2,7.0,64.3,45.3,40.8,20221129-quarter-ending-september-30-2022.pdf,Jul-Sep,,reported_all_zero
Madison,2022,3,22.0,46.5,2.0,46.5,47.3,33.8,30.9,83.2,7.0,64.3,45.3,40.8,20221129-quarter-ending-september-30-2022.pdf,Jul-Sep,,reported
Manatee,2022,3,38.1,87.5,17.0,75.7,50.3,42.8,30.9,83.2,7.0,64.3,45.3,40.8,20221129-quarter-ending-september-30-2022.pdf,Jul-Sep,,reported
Marion,2022,3,31.8,84.7,25.0,70.6,45.0,30.1,30.9,83.2,7.0,64.3,45.3,40.8,20221129-quarter-ending-september-30-2022.pdf,Jul-Sep,,reported
Martin,2022,3,37.0,67.6,7.0,56.7,65.2,35.6,30.9,83.2,7.0,64.3,45.3,40.8,20221129-quarter-ending-september-30-2022.pdf,Jul-Sep,,reported
Miami-Dade,2022,3,45.6,131.5,187.0,111.9,40.7,60.1,30.9,83.2,7.0,64.3,45.3,40.8,20221129-quarter-ending-september-30-2022.pdf,Jul-Sep,,reported
Monroe,2022,3,27.9,474.8,8.0,452.6,6.2,71.7,30.9,83.2,7.0,64.3,45.3,40.8,20221129-quarter-ending-september-30-2022.pdf,Jul-Sep,,reported
Nassau,2022,3,37.0,232.8,5.0,226.0,16.4,46.2,30.9,83.2,7.0,64.3,45.3,40.8,20221129-quarter-ending-september-30-2022.pdf,Jul-Sep,,reported
Okaloosa,2022,3,47.0,105.5,2.0,83.5,56.3,50.2,30.9,83.2,7.0,64.3,45.3,40.8,20221129-quarter-ending-september-30-2022.pdf,Jul-Sep,,reported
Okeechobee,2022,3,38.0,79.1,9.0,67.1,56.6,25.3,30.9,83.2,7.0,64.3,45.3,40.8,20221129-quarter-ending-september-30-2022.pdf,Jul-Sep,,reported
Orange,2022,3,42.2,105.4,69.0,81.7,51.6,64.5,30.9,83.2,7.0,64.3,45.3,40.8,20221129-quarter-ending-september-30-2022.pdf,Jul-Sep,,reported
Osceola,2022,3,35.9,84.4,23.0,76.0,47.2,58.6,30.9,83.2,7.0,64.3,45.3,40.8,20221129-quarter-ending-september-30-2022.pdf,Jul-Sep,,reported
Palm Beach,2022,3,39.6,57.4,104.0,41.3,96.0,43.5,30.9,83.2,7.0,64.3,45.3,40.8,20221129-quarter-ending-september-30-2022.pdf,Jul-Sep,,reported
Pasco,2022,3,34.2,98.2,23.0,85.3,40.1,40.8,30.9,83.2,7.0,64.3,45.3,40.8,20221129-quarter-ending-september-30-2022.pdf,Jul-Sep,,reported
Pinellas,2022,3,8.5,22.7,230.0,21.6,39.1,47.0,30.9,83.2,7.0,64.3,45.3,40.8,20221129-quarter-ending-september-30-2022.pdf,Jul-Sep,,reported
Polk,2022,3,31.4,170.7,96.0,166.0,18.9,91.2,30.9,83.2,7.0,64.3,45.3,40.8,20221129-quarter-ending-september-30-2022.pdf,Jul-Sep,,reported
Putnam,2022,3,27.4,40.1,8.0,32.3,84.9,28.7,30.9,83.2,7.0,64.3,45.3,40.8,20221129-quarter-ending-september-30-2022.pdf,Jul-Sep,,reported
Santa Rosa,2022,3,83.0,402.6,5.0,250.0,33.2,56.8,30.9,83.2,7.0,64.3,45.3,40.8,20221129-quarter-ending-september-30-2022.pdf,Jul-Sep,,reported
Sarasota,2022,3,42.8,112.1,17.0,94.4,45.3,38.3,30.9,83.2,7.0,64.3,45.3,40.8,20221129-quarter-ending-september-30-2022.pdf,Jul-Sep,,reported
Seminole,2022,3,30.9,88.1,18.0,78.8,39.3,79.2,30.9,83.2,7.0,64.3,45.3,40.8,20221129-quarter-ending-september-30-2022.pdf,Jul-Sep,,reported
St. Johns,2022,3,25.0,63.6,7.0,46.6,53.7,59.7,30.9,83.2,7.0,64.3,45.3,40.8,20221129-quarter-ending-september-30-2022.pdf,Jul-Sep,,reported
St. Lucie,2022,3,64.5,117.9,15.0,100.5,64.2,30.5,30.9,83.2,7.0,64.3,45.3,40.8,20221129-quarter-ending-september-30-2022.pdf,Jul-Sep,,reported
Sumter,2022,3,27.0,36.7,10.0,27.8,97.1,18.5,30.9,83.2,7.0,64.3,45.3,40.8,20221129-quarter-ending-september-30-2022.pdf,Jul-Sep,,reported
Suwannee,2022,3,7.4,45.5,8.0,35.8,20.6,53.9,30.9,83.2,7.0,64.3,45.3,40.8,20221129-quarter-ending-september-30-2022.pdf,Jul-Sep,,reported
Taylor,2022,3,21.0,47.0,2.0,47.0,44.7,41.7,30.9,83.2,7.0,64.3,45.3,40.8,20221129-quarter-ending-september-30-2022.pdf,Jul-Sep,,reported
Union,2022,3,39.5,56.5,2.0,49.5,79.8,49.3,30.9,83.2,7.0,64.3,45.3,40.8,20221129-quarter-ending-september-30-2022.pdf,Jul-Sep,,reported
Volusia,2022,3,35.8,83.2,25.0,66.1,54.1,49.7,30.9,83.2,7.0,64.3,45.3,40.8,20221129-quarter-ending-september-30-2022.pdf,Jul-Sep,,reported
Wakulla,2022,3,0.0,0.0,0.0,0.0,0.0,0.0,30.9,83.2,7.0,64.3,45.3,40.8,20221129-quarter-ending-september-30-2022.pdf,Jul-Sep,,reported_all_zero
Walton,2022,3,22.3,48.3,3.0,46.0,48.6,23.5,30.9,83.2,7.0,64.3,45.3,40.8,20221129-quarter-ending-september-30-2022.pdf,Jul-Sep,,reported
Washington,2022,3,0.0,0.0,0.0,0.0,0.0,31.3,30.9,83.2,7.0,64.3,45.3,40.8,20221129-quarter-ending-september-30-2022.pdf,Jul-Sep,,reported
Alachua,2023,3,32.1,52.8,26.0,43.3,74.1,17.6,32.4,73.5,6.0,60.5,47.3,35.0,20250326-jury-mgmt-qe-202406-ada.pdf,Jul-Sep,,reported
Baker,2023,3,0.0,0.0,0.0,0.0,0.0,43.9,32.4,73.5,6.0,60.5,47.3,35.0,20250326-jury-mgmt-qe-202406-ada.pdf,Jul-Sep,,reported
Bay,2023,3,30.2,64.2,26.0,54.2,55.7,51.0,32.4,73.5,6.0,60.5,47.3,35.0,20250326-jury-mgmt-qe-202406-ada.pdf,Jul-Sep,,reported
Bradford,2023,3,21.0,82.5,2.0,75.0,28.0,22.2,32.4,73.5,6.0,60.5,47.3,35.0,20250326-jury-mgmt-qe-202406-ada.pdf,Jul-Sep,,reported
Brevard,2023,3,45.3,189.1,27.0,165.4,27.4,70.2,32.4,73.5,6.0,60.5,47.3,35.0,20250326-jury-mgmt-qe-202406-ada.pdf,Jul-Sep,,reported
Broward,2023,3,49.4,95.3,145.0,66.7,74.1,45.6,32.4,73.5,6.0,60.5,47.3,35.0,20250326-jury-mgmt-qe-202406-ada.pdf,Jul-Sep,,reported
Calhoun,2023,3,0.0,0.0,0.0,0.0,0.0,40.0,32.4,73.5,6.0,60.5,47.3,35.0,20250326-jury-mgmt-qe-202406-ada.pdf,Jul-Sep,,reported
Charlotte,2023,3,46.4,65.4,13.0,60.5,76.7,27.4,32.4,73.5,6.0,60.5,47.3,35.0,20250326-jury-mgmt-qe-202406-ada.pdf,Jul-Sep,,reported
Citrus,2023,3,30.0,148.0,2.0,141.5,21.2,17.7,32.4,73.5,6.0,60.5,47.3,35.0,20250326-jury-mgmt-qe-202406-ada.pdf,Jul-Sep,,reported
Clay,2023,3,44.2,116.0,9.0,92.1,48.0,31.3,32.4,73.5,6.0,60.5,47.3,35.0,20250326-jury-mgmt-qe-202406-ada.pdf,Jul-Sep,,reported
Collier,2023,3,29.1,74.2,13.0,61.5,47.3,59.1,32.4,73.5,6.0,60.5,47.3,35.0,20250326-jury-mgmt-qe-202406-ada.pdf,Jul-Sep,,reported
Columbia,2023,3,42.0,64.0,2.0,53.5,78.5,37.1,32.5,78.5,7.0,61.7,47.1,40.3,20250326-jury-mgmt-qe-202406-ada.pdf,Jul-Sep,,reported
DeSoto,2023,3,44.0,46.3,3.0,44.0,100.0,16.8,32.4,73.5,6.0,60.5,47.3,35.0,20250326-jury-mgmt-qe-202406-ada.pdf,Jul-Sep,,reported
Dixie,2023,3,0.0,0.0,0.0,0.0,0.0,0.0,32.5,78.5,7.0,61.7,47.1,40.3,20250326-jury-mgmt-qe-202406-ada.pdf,Jul-Sep,,reported_all_zero
Duval,2023,3,44.5,91.3,62.0,68.7,64.7,20.3,32.4,73.5,6.0,60.5,47.3,35.0,20250326-jury-mgmt-qe-202406-ada.pdf,Jul-Sep,,reported
Escambia,2023,3,33.3,68.6,38.0,52.8,63.1,21.5,32.4,73.5,6.0,60.5,47.3,35.0,20250326-jury-mgmt-qe-202406-ada.pdf,Jul-Sep,,reported
Flagler,2023,3,29.2,66.0,9.0,48.3,60.5,39.2,32.4,73.5,6.0,60.5,47.3,35.0,20250326-jury-mgmt-qe-202406-ada.pdf,Jul-Sep,,reported
Franklin,2023,3,21.0,34.0,1.0,34.0,61.8,22.7,32.4,73.5,6.0,60.5,47.3,35.0,20250326-jury-mgmt-qe-202406-ada.pdf,Jul-Sep,,reported
Gadsden,2023,3,17.9,62.1,9.0,50.1,35.7,34.9,32.4,73.5,6.0,60.5,47.3,35.0,20250326-jury-mgmt-qe-202406-ada.pdf,Jul-Sep,,reported
Gilchrist,2023,3,0.0,0.0,0.0,0.0,0.0,24.3,32.4,73.5,6.0,60.5,47.3,35.0,20250326-jury-mgmt-qe-202406-ada.pdf,Jul-Sep,,reported
Glades,2023,3,20.0,183.0,1.0,183.0,10.9,49.7,32.4,73.5,6.0,60.5,47.3,35.0,20250326-jury-mgmt-qe-202406-ada.pdf,Jul-Sep,,reported
Gulf,2023,3,23.5,49.5,4.0,42.5,55.3,34.0,32.4,73.5,6.0,60.5,47.3,35.0,20250326-jury-mgmt-qe-202406-ada.pdf,Jul-Sep,,reported
Hamilton,2023,3,0.0,0.0,0.0,0.0,0.0,0.0,32.5,78.5,7.0,61.7,47.1,40.3,20250326-jury-mgmt-qe-202406-ada.pdf,Jul-Sep,,reported_all_zero
Hardee,2023,3,7.0,112.0,1.0,105.0,6.7,35.0,32.4,73.5,6.0,60.5,47.3,35.0,20250326-jury-mgmt-qe-202406-ada.pdf,Jul-Sep,,reported
Hendry,2023,3,28.6,32.8,5.0,32.8,87.2,14.8,32.4,73.5,6.0,60.5,47.3,35.0,20250326-jury-mgmt-qe-202406-ada.pdf,Jul-Sep,,reported
Hernando,2023,3,48.3,214.7,3.0,201.7,24.0,51.6,32.4,73.5,6.0,60.5,47.3,35.0,20250326-jury-mgmt-qe-202406-ada.pdf,Jul-Sep,,reported
Highlands,2023,3,32.5,46.0,6.0,39.8,81.6,22.0,32.4,73.5,6.0,60.5,47.3,35.0,20250326-jury-mgmt-qe-202406-ada.pdf,Jul-Sep,,reported
Hillsborough,2023,3,41.2,119.0,62.0,101.6,40.5,37.0,32.4,73.5,6.0,60.5,47.3,35.0,20250326-jury-mgmt-qe-202406-ada.pdf,Jul-Sep,,reported
Holmes,2023,3,21.0,43.5,6.0,35.5,59.2,31.6,32.4,73.5,6.0,60.5,47.3,35.0,20250326-jury-mgmt-qe-202406-ada.pdf,Jul-Sep,,reported
Indian River,2023,3,49.3,105.4,11.0,92.1,53.5,48.0,32.4,73.5,6.0,60.5,47.3,35.0,20250326-jury-mgmt-qe-202406-ada.pdf,Jul-Sep,,reported
Jackson,2023,3,21.0,54.0,2.0,47.0,44.7,22.9,32.4,73.5,6.0,60.5,47.3,35.0,20250326-jury-mgmt-qe-202406-ada.pdf,Jul-Sep,,reported
Jefferson,2023,3,0.0,0.0,0.0,0.0,0.0,0.0,32.4,73.5,6.0,60.5,47.3,35.0,20250326-jury-mgmt-qe-202406-ada.pdf,Jul-Sep,,reported_all_zero
Lafayette,2023,3,0.0,0.0,0.0,0.0,0.0,0.0,32.5,78.5,7.0,61.7,47.1,40.3,20250326-jury-mgmt-qe-202406-ada.pdf,Jul-Sep,,reported_all_zero
Lake,2023,3,37.6,114.0,14.0,87.9,42.8,39.4,32.4,73.5,6.0,60.5,47.3,35.0,20250326-jury-mgmt-qe-202406-ada.pdf,Jul-Sep,,reported
Lee,2023,3,35.5,93.9,33.0,84.9,41.8,47.0,32.4,73.5,6.0,60.5,47.3,35.0,20250326-jury-mgmt-qe-202406-ada.pdf,Jul-Sep,,reported
Leon,2023,3,36.4,72.1,33.0,56.6,64.2,39.7,32.4,73.5,6.0,60.5,47.3,35.0,20250326-jury-mgmt-qe-202406-ada.pdf,Jul-Sep,,reported
Levy,2023,3,0.0,0.0,0.0,0.0,0.0,0.0,32.4,73.5,6.0,60.5,47.3,35.0,20250326-jury-mgmt-qe-202406-ada.pdf,Jul-Sep,,reported_all_zero
Liberty,2023,3,48.0,71.0,3.0,61.7,77.8,72.9,32.4,73.5,6.0,60.5,47.3,35.0,20250326-jury-mgmt-qe-202406-ada.pdf,Jul-Sep,,reported
Madison,2023,3,45.0,64.5,2.0,60.5,74.4,31.8,32.5,78.5,7.0,61.7,47.1,40.3,20250326-jury-mgmt-qe-202406-ada.pdf,Jul-Sep,,reported
Manatee,2023,3,41.2,81.8,27.0,61.8,66.7,41.9,32.4,73.5,6.0,60.5,47.3,35.0,20250326-jury-mgmt-qe-202406-ada.pdf,Jul-Sep,,reported
Marion,2023,3,38.8,131.1,22.0,116.0,33.5,34.1,32.4,73.5,6.0,60.5,47.3,35.0,20250326-jury-mgmt-qe-202406-ada.pdf,Jul-Sep,,reported
Martin,2023,3,38.0,69.7,10.0,54.4,69.9,40.5,32.4,73.5,6.0,60.5,47.3,35.0,20250326-jury-mgmt-qe-202406-ada.pdf,Jul-Sep,,reported
Miami-Dade,2023,3,64.9,178.6,147.0,154.6,42.0,60.3,32.4,73.5,6.0,60.5,47.3,35.0,20250326-jury-mgmt-qe-202406-ada.pdf,Jul-Sep,,reported
Monroe,2023,3,25.6,392.6,14.0,370.9,6.9,71.9,32.5,78.5,7.0,61.7,47.1,40.3,20250326-jury-mgmt-qe-202406-ada.pdf,Jul-Sep,,reported
Nassau,2023,3,28.0,549.0,1.0,549.0,5.1,48.2,32.4,73.5,6.0,60.5,47.3,35.0,20250326-jury-mgmt-qe-202406-ada.pdf,Jul-Sep,,reported
Okaloosa,2023,3,32.4,50.6,8.0,38.3,84.6,57.4,32.4,73.5,6.0,60.5,47.3,35.0,20250326-jury-mgmt-qe-202406-ada.pdf,Jul-Sep,,reported
Okeechobee,2023,3,35.0,123.7,3.0,114.3,30.6,27.3,32.4,73.5,6.0,60.5,47.3,35.0,20250326-jury-mgmt-qe-202406-ada.pdf,Jul-Sep,,reported
Orange,2023,3,33.4,77.8,97.0,63.2,52.8,63.0,32.4,73.5,6.0,60.5,47.3,35.0,20250326-jury-mgmt-qe-202406-ada.pdf,Jul-Sep,,reported
Osceola,2023,3,43.8,109.3,24.0,95.0,46.1,58.3,32.4,73.5,6.0,60.5,47.3,35.0,20250326-jury-mgmt-qe-202406-ada.pdf,Jul-Sep,,reported
Palm Beach,2023,3,45.8,69.2,79.0,48.8,93.8,36.6,32.4,73.5,6.0,60.5,47.3,35.0,20250326-jury-mgmt-qe-202406-ada.pdf,Jul-Sep,,reported
Pasco,2023,3,49.4,115.2,20.0,101.5,48.6,41.1,32.4,73.5,6.0,60.5,47.3,35.0,20250326-jury-mgmt-qe-202406-ada.pdf,Jul-Sep,,reported
Pinellas,2023,3,38.1,111.2,62.0,104.5,36.5,46.2,32.4,73.5,6.0,60.5,47.3,35.0,20250326-jury-mgmt-qe-202406-ada.pdf,Jul-Sep,,reported
Polk,2023,3,26.4,203.0,64.0,198.3,13.3,86.3,32.4,73.5,6.0,60.5,47.3,35.0,20250326-jury-mgmt-qe-202406-ada.pdf,Jul-Sep,,reported
Putnam,2023,3,59.0,83.0,1.0,59.0,100.0,32.9,32.4,73.5,6.0,60.5,47.3,35.0,20250326-jury-mgmt-qe-202406-ada.pdf,Jul-Sep,,reported
Santa Rosa,2023,3,49.4,89.2,12.0,77.9,63.4,44.1,32.4,73.5,6.0,60.5,47.3,35.0,20250326-jury-mgmt-qe-202406-ada.pdf,Jul-Sep,,reported
Sarasota,2023,3,32.8,117.0,28.0,106.1,30.9,33.7,32.4,73.5,6.0,60.5,47.3,35.0,20250326-jury-mgmt-qe-202406-ada.pdf,Jul-Sep,,reported
Seminole,2023,3,28.9,68.9,21.0,55.0,52.5,62.7,32.4,73.5,6.0,60.5,47.3,35.0,20250326-jury-mgmt-qe-202406-ada.pdf,Jul-Sep,,reported
St. Johns,2023,3,30.2,81.2,6.0,66.0,45.7,30.5,32.4,73.5,6.0,60.5,47.3,35.0,20250326-jury-mgmt-qe-202406-ada.pdf,Jul-Sep,,reported
St. Lucie,2023,3,48.2,90.8,25.0,75.2,64.1,38.3,32.4,73.5,6.0,60.5,47.3,35.0,20250326-jury-mgmt-qe-202406-ada.pdf,Jul-Sep,,reported
Sumter,2023,3,19.0,45.8,11.0,37.2,51.1,20.7,32.4,73.5,6.0,60.5,47.3,35.0,20250326-jury-mgmt-qe-202406-ada.pdf,Jul-Sep,,reported
Suwannee,2023,3,7.0,117.0,2.0,100.0,7.0,48.1,32.5,78.5,7.0,61.7,47.1,40.3,20250326-jury-mgmt-qe-202406-ada.pdf,Jul-Sep,,reported
Taylor,2023,3,26.6,52.2,5.0,46.6,57.1,32.7,32.5,78.5,7.0,61.7,47.1,40.3,20250326-jury-mgmt-qe-202406-ada.pdf,Jul-Sep,,reported
Union,2023,3,55.0,103.0,1.0,96.0,57.3,45.7,32.4,73.5,6.0,60.5,47.3,35.0,20250326-jury-mgmt-qe-202406-ada.pdf,Jul-Sep,,reported
Volusia,2023,3,34.8,73.5,29.0,59.6,58.4,42.9,32.4,73.5,6.0,60.5,47.3,35.0,20250326-jury-mgmt-qe-202406-ada.pdf,Jul-Sep,,reported
Wakulla,2023,3,31.0,56.0,1.0,56.0,55.4,65.8,32.4,73.5,6.0,60.5,47.3,35.0,20250326-jury-mgmt-qe-202406-ada.pdf,Jul-Sep,,reported
Walton,2023,3,15.5,96.0,2.0,92.5,16.8,29.4,32.4,73.5,6.0,60.5,47.3,35.0,20250326-jury-mgmt-qe-202406-ada.pdf,Jul-Sep,,reported
Washington,2023,3,0.0,0.0,0.0,0.0,0.0,0.0,32.4,73.5,6.0,60.5,47.3,35.0,20250326-jury-mgmt-qe-202406-ada.pdf,Jul-Sep,,reported_all_zero
Alachua,2023,4,37.2,58.9,27.0,50.2,74.2,22.6,30.3,65.0,7.0,54.3,51.5,37.2,20250326-jury-mgmt-qe-202406-ada.pdf,Oct-Dec,,reported
Baker,2023,4,0.0,0.0,0.0,0.0,0.0,38.3,30.3,65.0,7.0,54.3,51.5,37.2,20250326-jury-mgmt-qe-202406-ada.pdf,Oct-Dec,,reported
Bay,2023,4,25.1,50.5,20.0,45.8,54.7,44.9,30.3,65.0,7.0,54.3,51.5,37.2,20250326-jury-mgmt-qe-202406-ada.pdf,Oct-Dec,,reported
Bradford,2023,4,21.0,183.0,1.0,183.0,11.5,33.3,30.3,65.0,7.0,54.3,51.5,37.2,20250326-jury-mgmt-qe-202406-ada.pdf,Oct-Dec,,reported
Brevard,2023,4,31.5,151.1,31.0,139.9,22.5,70.8,30.3,65.0,7.0,54.3,51.5,37.2,20250326-jury-mgmt-qe-202406-ada.pdf,Oct-Dec,,reported
Broward,2023,4,58.1,102.2,133.0,71.6,81.1,44.1,30.3,65.0,7.0,54.3,51.5,37.2,20250326-jury-mgmt-qe-202406-ada.pdf,Oct-Dec,,reported
Calhoun,2023,4,0.0,0.0,0.0,0.0,0.0,46.7,30.3,65.0,7.0,54.3,51.5,37.2,20250326-jury-mgmt-qe-202406-ada.pdf,Oct-Dec,,reported
Charlotte,2023,4,45.9,93.1,14.0,90.8,50.6,25.4,30.3,65.0,7.0,54.3,51.5,37.2,20250326-jury-mgmt-qe-202406-ada.pdf,Oct-Dec,,reported
Citrus,2023,4,28.5,67.3,10.0,49.5,57.6,26.8,30.3,65.0,7.0,54.3,51.5,37.2,20250326-jury-mgmt-qe-202406-ada.pdf,Oct-Dec,,reported
Clay,2023,4,10.8,131.0,5.0,122.0,8.9,39.2,30.3,65.0,7.0,54.3,51.5,37.2,20250326-jury-mgmt-qe-202406-ada.pdf,Oct-Dec,,reported
Collier,2023,4,26.9,59.2,17.0,51.6,52.2,59.9,30.3,65.0,7.0,54.3,51.5,37.2,20250326-jury-mgmt-qe-202406-ada.pdf,Oct-Dec,,reported
Columbia,2023,4,31.5,41.8,6.0,36.5,86.3,32.7,31.5,70.7,9.0,58.6,54.1,38.6,20250326-jury-mgmt-qe-202406-ada.pdf,Oct-Dec,,reported
DeSoto,2023,4,47.7,58.0,3.0,34.0,140.2,11.7,30.3,65.0,7.0,54.3,51.5,37.2,20250326-jury-mgmt-qe-202406-ada.pdf,Oct-Dec,percent_to_voir_dire_gt_100_reported; ,reported
Dixie,2023,4,3.5,5.8,6.0,5.8,60.0,23.3,31.5,70.7,9.0,58.6,54.1,38.6,20250326-jury-mgmt-qe-202406-ada.pdf,Oct-Dec,,reported
Duval,2023,4,47.1,83.4,53.0,63.1,74.6,17.2,30.3,65.0,7.0,54.3,51.5,37.2,20250326-jury-mgmt-qe-202406-ada.pdf,Oct-Dec,,reported
Escambia,2023,4,24.1,42.3,60.0,29.7,81.0,23.8,30.3,65.0,7.0,54.3,51.5,37.2,20250326-jury-mgmt-qe-202406-ada.pdf,Oct-Dec,,reported
Flagler,2023,4,24.6,51.0,12.0,40.8,60.2,53.8,30.3,65.0,7.0,54.3,51.5,37.2,20250326-jury-mgmt-qe-202406-ada.pdf,Oct-Dec,,reported
Franklin,2023,4,14.0,29.7,3.0,22.7,61.8,27.2,30.3,65.0,7.0,54.3,51.5,37.2,20250326-jury-mgmt-qe-202406-ada.pdf,Oct-Dec,,reported
Gadsden,2023,4,30.3,71.3,3.0,59.7,50.8,27.5,30.3,65.0,7.0,54.3,51.5,37.2,20250326-jury-mgmt-qe-202406-ada.pdf,Oct-Dec,,reported
Gilchrist,2023,4,24.0,28.0,1.0,28.0,85.7,22.4,30.3,65.0,7.0,54.3,51.5,37.2,20250326-jury-mgmt-qe-202406-ada.pdf,Oct-Dec,,reported
Glades,2023,4,0.0,0.0,0.0,0.0,0.0,82.0,30.3,65.0,7.0,54.3,51.5,37.2,20250326-jury-mgmt-qe-202406-ada.pdf,Oct-Dec,,reported
Gulf,2023,4,0.0,42.0,2.0,42.0,0.0,19.8,30.3,65.0,7.0,54.3,51.5,37.2,20250326-jury-mgmt-qe-202406-ada.pdf,Oct-Dec,,reported
Hamilton,2023,4,54.0,61.0,1.0,54.0,100.0,36.0,31.5,70.7,9.0,58.6,54.1,38.6,20250326-jury-mgmt-qe-202406-ada.pdf,Oct-Dec,,reported
Hardee,2023,4,6.5,42.5,2.0,36.0,18.1,59.2,30.3,65.0,7.0,54.3,51.5,37.2,20250326-jury-mgmt-qe-202406-ada.pdf,Oct-Dec,,reported
Hendry,2023,4,24.4,27.8,13.0,27.0,90.3,16.7,30.3,65.0,7.0,54.3,51.5,37.2,20250326-jury-mgmt-qe-202406-ada.pdf,Oct-Dec,,reported
Hernando,2023,4,37.0,65.0,3.0,54.3,68.1,57.2,30.3,65.0,7.0,54.3,51.5,37.2,20250326-jury-mgmt-qe-202406-ada.pdf,Oct-Dec,,reported
Highlands,2023,4,27.6,55.4,7.0,44.0,62.7,24.7,30.3,65.0,7.0,54.3,51.5,37.2,20250326-jury-mgmt-qe-202406-ada.pdf,Oct-Dec,,reported
Hillsborough,2023,4,39.6,99.1,69.0,81.7,48.5,40.3,30.3,65.0,7.0,54.3,51.5,37.2,20250326-jury-mgmt-qe-202406-ada.pdf,Oct-Dec,,reported
Holmes,2023,4,0.0,0.0,0.0,0.0,0.0,0.0,30.3,65.0,7.0,54.3,51.5,37.2,20250326-jury-mgmt-qe-202406-ada.pdf,Oct-Dec,,reported_all_zero
Indian River,2023,4,47.6,77.5,8.0,60.9,78.2,67.7,30.3,65.0,7.0,54.3,51.5,37.2,20250326-jury-mgmt-qe-202406-ada.pdf,Oct-Dec,,reported
Jackson,2023,4,21.0,51.5,2.0,40.0,52.5,19.5,30.3,65.0,7.0,54.3,51.5,37.2,20250326-jury-mgmt-qe-202406-ada.pdf,Oct-Dec,,reported
Jefferson,2023,4,0.0,0.0,0.0,0.0,55.5,36.7,30.3,65.0,7.0,54.3,51.5,37.2,20250326-jury-mgmt-qe-202406-ada.pdf,Oct-Dec,,reported
Lafayette,2023,4,0.0,0.0,0.0,0.0,0.0,0.0,31.5,70.7,9.0,58.6,54.1,38.6,20250326-jury-mgmt-qe-202406-ada.pdf,Oct-Dec,,reported_all_zero
Lake,2023,4,30.3,69.6,14.0,57.4,52.8,43.1,30.3,65.0,7.0,54.3,51.5,37.2,20250326-jury-mgmt-qe-202406-ada.pdf,Oct-Dec,,reported
Lee,2023,4,33.9,93.0,41.0,85.0,39.8,40.9,30.3,65.0,7.0,54.3,51.5,37.2,20250326-jury-mgmt-qe-202406-ada.pdf,Oct-Dec,,reported
Leon,2023,4,41.2,78.0,40.0,60.1,68.6,38.7,30.3,65.0,7.0,54.3,51.5,37.2,20250326-jury-mgmt-qe-202406-ada.pdf,Oct-Dec,,reported
Levy,2023,4,1.7,11.2,18.0,9.7,17.8,39.4,30.3,65.0,7.0,54.3,51.5,37.2,20250326-jury-mgmt-qe-202406-ada.pdf,Oct-Dec,,reported
Liberty,2023,4,25.2,41.0,6.0,34.0,74.0,30.7,30.3,65.0,7.0,54.3,51.5,37.2,20250326-jury-mgmt-qe-202406-ada.pdf,Oct-Dec,,reported
Madison,2023,4,33.0,33.0,3.0,33.0,100.0,34.1,31.5,70.7,9.0,58.6,54.1,38.6,20250326-jury-mgmt-qe-202406-ada.pdf,Oct-Dec,,reported
Manatee,2023,4,38.9,91.8,21.0,81.8,47.5,39.9,30.3,65.0,7.0,54.3,51.5,37.2,20250326-jury-mgmt-qe-202406-ada.pdf,Oct-Dec,,reported
Marion,2023,4,30.4,110.0,23.0,99.6,30.6,32.3,30.3,65.0,7.0,54.3,51.5,37.2,20250326-jury-mgmt-qe-202406-ada.pdf,Oct-Dec,,reported
Martin,2023,4,36.3,75.5,8.0,63.6,57.0,33.9,30.3,65.0,7.0,54.3,51.5,37.2,20250326-jury-mgmt-qe-202406-ada.pdf,Oct-Dec,,reported
Miami-Dade,2023,4,55.5,177.3,129.0,159.2,34.9,57.5,30.3,65.0,7.0,54.3,51.5,37.2,20250326-jury-mgmt-qe-202406-ada.pdf,Oct-Dec,,reported
Monroe,2023,4,23.8,653.4,5.0,646.2,3.7,71.7,31.5,70.7,9.0,58.6,54.1,38.6,20250326-jury-mgmt-qe-202406-ada.pdf,Oct-Dec,,reported
Nassau,2023,4,23.3,93.0,3.0,59.7,39.1,0.0,30.3,65.0,7.0,54.3,51.5,37.2,20250326-jury-mgmt-qe-202406-ada.pdf,Oct-Dec,,reported
Okaloosa,2023,4,40.3,51.3,4.0,47.8,84.3,57.5,30.3,65.0,7.0,54.3,51.5,37.2,20250326-jury-mgmt-qe-202406-ada.pdf,Oct-Dec,,reported
Okeechobee,2023,4,25.0,57.3,4.0,48.5,51.5,27.9,30.3,65.0,7.0,54.3,51.5,37.2,20250326-jury-mgmt-qe-202406-ada.pdf,Oct-Dec,,reported
Orange,2023,4,40.7,83.3,95.0,64.2,63.4,61.6,30.3,65.0,7.0,54.3,51.5,37.2,20250326-jury-mgmt-qe-202406-ada.pdf,Oct-Dec,,reported
Osceola,2023,4,41.2,90.8,31.0,78.9,52.2,61.5,30.3,65.0,7.0,54.3,51.5,37.2,20250326-jury-mgmt-qe-202406-ada.pdf,Oct-Dec,,reported
Palm Beach,2023,4,38.1,57.4,91.0,41.6,91.7,37.2,30.3,65.0,7.0,54.3,51.5,37.2,20250326-jury-mgmt-qe-202406-ada.pdf,Oct-Dec,,reported
Pasco,2023,4,41.0,134.8,25.0,120.7,33.9,42.2,30.3,65.0,7.0,54.3,51.5,37.2,20250326-jury-mgmt-qe-202406-ada.pdf,Oct-Dec,,reported
Pinellas,2023,4,37.6,110.4,47.0,104.1,36.1,47.5,30.3,65.0,7.0,54.3,51.5,37.2,20250326-jury-mgmt-qe-202406-ada.pdf,Oct-Dec,,reported
Polk,2023,4,24.7,158.4,80.0,155.6,15.9,85.2,30.3,65.0,7.0,54.3,51.5,37.2,20250326-jury-mgmt-qe-202406-ada.pdf,Oct-Dec,,reported
Putnam,2023,4,33.3,60.3,4.0,51.0,65.2,25.5,30.3,65.0,7.0,54.3,51.5,37.2,20250326-jury-mgmt-qe-202406-ada.pdf,Oct-Dec,,reported
Santa Rosa,2023,4,47.4,103.9,10.0,94.9,49.9,32.8,30.3,65.0,7.0,54.3,51.5,37.2,20250326-jury-mgmt-qe-202406-ada.pdf,Oct-Dec,,reported
Sarasota,2023,4,38.4,113.0,27.0,90.7,42.3,41.4,30.3,65.0,7.0,54.3,51.5,37.2,20250326-jury-mgmt-qe-202406-ada.pdf,Oct-Dec,,reported
Seminole,2023,4,32.7,57.2,25.0,46.9,69.8,45.4,30.3,65.0,7.0,54.3,51.5,37.2,20250326-jury-mgmt-qe-202406-ada.pdf,Oct-Dec,,reported
St. Johns,2023,4,35.9,93.1,8.0,79.1,45.3,38.7,30.3,65.0,7.0,54.3,51.5,37.2,20250326-jury-mgmt-qe-202406-ada.pdf,Oct-Dec,,reported
St. Lucie,2023,4,49.5,100.5,23.0,85.7,57.7,20.7,30.3,65.0,7.0,54.3,51.5,37.2,20250326-jury-mgmt-qe-202406-ada.pdf,Oct-Dec,,reported
Sumter,2023,4,26.3,48.6,7.0,34.7,75.7,16.2,30.3,65.0,7.0,54.3,51.5,37.2,20250326-jury-mgmt-qe-202406-ada.pdf,Oct-Dec,,reported
Suwannee,2023,4,3.0,2.6,30.0,2.6,116.9,38.5,31.5,70.7,9.0,58.6,54.1,38.6,20250326-jury-mgmt-qe-202406-ada.pdf,Oct-Dec,percent_to_voir_dire_gt_100_reported; ,reported
Taylor,2023,4,21.0,43.0,3.0,38.0,55.3,25.3,31.5,70.7,9.0,58.6,54.1,38.6,20250326-jury-mgmt-qe-202406-ada.pdf,Oct-Dec,,reported
Union,2023,4,48.0,61.0,2.0,57.5,83.5,29.0,30.3,65.0,7.0,54.3,51.5,37.2,20250326-jury-mgmt-qe-202406-ada.pdf,Oct-Dec,,reported
Volusia,2023,4,36.9,80.5,27.0,63.9,57.8,42.7,30.3,65.0,7.0,54.3,51.5,37.2,20250326-jury-mgmt-qe-202406-ada.pdf,Oct-Dec,,reported
Wakulla,2023,4,0.0,149.0,1.0,149.0,0.0,94.3,30.3,65.0,7.0,54.3,51.5,37.2,20250326-jury-mgmt-qe-202406-ada.pdf,Oct-Dec,,reported
Walton,2023,4,17.0,58.5,2.0,41.0,41.5,53.3,30.3,65.0,7.0,54.3,51.5,37.2,20250326-jury-mgmt-qe-202406-ada.pdf,Oct-Dec,,reported
Washington,2023,4,21.0,70.0,1.0,63.0,33.3,12.4,30.3,65.0,7.0,54.3,51.5,37.2,20250326-jury-mgmt-qe-202406-ada.pdf,Oct-Dec,,reported
Alachua,2024,1,25.9,44.6,36.0,36.3,71.3,18.2,34.7,77.6,8.0,63.1,51.4,38.4,20250326-jury-mgmt-qe-202406-ada.pdf,Jan-Mar,,reported
Baker,2024,1,57.3,143.0,4.0,113.0,50.7,51.4,34.7,77.6,8.0,63.1,51.4,38.4,20250326-jury-mgmt-qe-202406-ada.pdf,Jan-Mar,,reported
Bay,2024,1,25.0,44.1,32.0,37.8,66.2,43.1,34.7,77.6,8.0,63.1,51.4,38.4,20250326-jury-mgmt-qe-202406-ada.pdf,Jan-Mar,,reported
Bradford,2024,1,0.0,0.0,0.0,0.0,0.0,0.0,34.7,77.6,8.0,63.1,51.4,38.4,20250326-jury-mgmt-qe-202406-ada.pdf,Jan-Mar,,reported_all_zero
Brevard,2024,1,38.7,235.0,25.0,214.2,18.1,70.3,34.7,77.6,8.0,63.1,51.4,38.4,20250326-jury-mgmt-qe-202406-ada.pdf,Jan-Mar,,reported
Broward,2024,1,45.9,88.0,163.0,66.0,69.5,47.0,34.7,77.6,8.0,63.1,51.4,38.4,20250326-jury-mgmt-qe-202406-ada.pdf,Jan-Mar,,reported
Calhoun,2024,1,0.0,0.0,0.0,0.0,0.0,18.7,34.7,77.6,8.0,63.1,51.4,38.4,20250326-jury-mgmt-qe-202406-ada.pdf,Jan-Mar,,reported
Charlotte,2024,1,31.9,62.3,20.0,59.6,53.5,18.8,34.7,77.6,8.0,63.1,51.4,38.4,20250326-jury-mgmt-qe-202406-ada.pdf,Jan-Mar,,reported
Citrus,2024,1,18.9,64.5,10.0,54.0,35.0,30.0,34.7,77.6,8.0,63.1,51.4,38.4,20250326-jury-mgmt-qe-202406-ada.pdf,Jan-Mar,,reported
Clay,2024,1,14.0,78.6,5.0,68.6,20.4,36.3,34.7,77.6,8.0,63.1,51.4,38.4,20250326-jury-mgmt-qe-202406-ada.pdf,Jan-Mar,,reported
Collier,2024,1,31.2,67.9,20.0,53.1,58.7,60.7,34.7,77.6,8.0,63.1,51.4,38.4,20250326-jury-mgmt-qe-202406-ada.pdf,Jan-Mar,,reported
Columbia,2024,1,44.5,51.0,4.0,47.5,93.7,23.8,32.4,73.5,6.0,60.5,47.3,35.0,20250326-jury-mgmt-qe-202406-ada.pdf,Jan-Mar,,reported
DeSoto,2024,1,34.8,107.3,4.0,97.5,35.6,21.3,34.7,77.6,8.0,63.1,51.4,38.4,20250326-jury-mgmt-qe-202406-ada.pdf,Jan-Mar,,reported
Dixie,2024,1,23.0,32.0,4.0,32.0,71.9,21.8,32.4,73.5,6.0,60.5,47.3,35.0,20250326-jury-mgmt-qe-202406-ada.pdf,Jan-Mar,,reported
Duval,2024,1,52.0,95.1,73.0,70.5,73.8,22.1,34.7,77.6,8.0,63.1,51.4,38.4,20250326-jury-mgmt-qe-202406-ada.pdf,Jan-Mar,,reported
Escambia,2024,1,24.7,49.5,47.0,40.5,61.1,20.6,34.7,77.6,8.0,63.1,51.4,38.4,20250326-jury-mgmt-qe-202406-ada.pdf,Jan-Mar,,reported
Flagler,2024,1,29.3,78.0,7.0,68.6,42.7,53.1,34.7,77.6,8.0,63.1,51.4,38.4,20250326-jury-mgmt-qe-202406-ada.pdf,Jan-Mar,,reported
Franklin,2024,1,41.0,259.0,1.0,105.0,39.0,52.7,34.7,77.6,8.0,63.1,51.4,38.4,20250326-jury-mgmt-qe-202406-ada.pdf,Jan-Mar,,reported
Gadsden,2024,1,46.5,106.0,4.0,73.5,63.3,26.5,34.7,77.6,8.0,63.1,51.4,38.4,20250326-jury-mgmt-qe-202406-ada.pdf,Jan-Mar,,reported
Gilchrist,2024,1,0.0,0.0,0.0,0.0,0.0,0.0,34.7,77.6,8.0,63.1,51.4,38.4,20250326-jury-mgmt-qe-202406-ada.pdf,Jan-Mar,,reported_all_zero
Glades,2024,1,20.0,83.0,1.0,83.0,24.1,70.0,34.7,77.6,8.0,63.1,51.4,38.4,20250326-jury-mgmt-qe-202406-ada.pdf,Jan-Mar,,reported
Gulf,2024,1,0.0,36.4,5.0,33.6,0.0,25.6,34.7,77.6,8.0,63.1,51.4,38.4,20250326-jury-mgmt-qe-202406-ada.pdf,Jan-Mar,,reported
Hamilton,2024,1,0.0,0.0,0.0,0.0,0.0,0.0,32.4,73.5,6.0,60.5,47.3,35.0,20250326-jury-mgmt-qe-202406-ada.pdf,Jan-Mar,,reported_all_zero
Hardee,2024,1,8.0,78.0,1.0,70.0,11.4,72.4,34.7,77.6,8.0,63.1,51.4,38.4,20250326-jury-mgmt-qe-202406-ada.pdf,Jan-Mar,,reported
Hendry,2024,1,24.9,30.6,8.0,30.6,81.2,57.7,34.7,77.6,8.0,63.1,51.4,38.4,20250326-jury-mgmt-qe-202406-ada.pdf,Jan-Mar,,reported
Hernando,2024,1,43.9,77.6,8.0,65.4,67.1,57.4,34.7,77.6,8.0,63.1,51.4,38.4,20250326-jury-mgmt-qe-202406-ada.pdf,Jan-Mar,,reported
Highlands,2024,1,32.0,87.3,4.0,69.0,46.4,25.2,34.7,77.6,8.0,63.1,51.4,38.4,20250326-jury-mgmt-qe-202406-ada.pdf,Jan-Mar,,reported
Hillsborough,2024,1,45.5,107.8,79.0,88.7,51.4,40.7,34.7,77.6,8.0,63.1,51.4,38.4,20250326-jury-mgmt-qe-202406-ada.pdf,Jan-Mar,,reported
Holmes,2024,1,21.0,55.3,3.0,48.0,43.8,38.4,34.7,77.6,8.0,63.1,51.4,38.4,20250326-jury-mgmt-qe-202406-ada.pdf,Jan-Mar,,reported
Indian River,2024,1,37.5,87.4,8.0,69.5,54.0,66.3,34.7,77.6,8.0,63.1,51.4,38.4,20250326-jury-mgmt-qe-202406-ada.pdf,Jan-Mar,,reported
Jackson,2024,1,16.5,39.2,6.0,33.3,49.5,28.2,34.7,77.6,8.0,63.1,51.4,38.4,20250326-jury-mgmt-qe-202406-ada.pdf,Jan-Mar,,reported
Jefferson,2024,1,0.0,0.0,0.0,0.0,0.0,34.0,34.7,77.6,8.0,63.1,51.4,38.4,20250326-jury-mgmt-qe-202406-ada.pdf,Jan-Mar,,reported
Lafayette,2024,1,0.0,0.0,0.0,0.0,0.0,0.0,32.4,73.5,6.0,60.5,47.3,35.0,20250326-jury-mgmt-qe-202406-ada.pdf,Jan-Mar,,reported_all_zero
Lake,2024,1,33.1,74.8,10.0,61.0,54.3,46.7,34.7,77.6,8.0,63.1,51.4,38.4,20250326-jury-mgmt-qe-202406-ada.pdf,Jan-Mar,,reported
Lee,2024,1,39.8,82.6,52.0,73.3,54.4,43.0,34.7,77.6,8.0,63.1,51.4,38.4,20250326-jury-mgmt-qe-202406-ada.pdf,Jan-Mar,,reported
Leon,2024,1,39.6,69.8,44.0,54.3,72.9,38.8,34.7,77.6,8.0,63.1,51.4,38.4,20250326-jury-mgmt-qe-202406-ada.pdf,Jan-Mar,,reported
Levy,2024,1,0.0,0.0,0.0,0.0,91.8,22.7,34.7,77.6,8.0,63.1,51.4,38.4,20250326-jury-mgmt-qe-202406-ada.pdf,Jan-Mar,,reported
Liberty,2024,1,4.7,30.3,3.0,25.7,18.2,56.8,34.7,77.6,8.0,63.1,51.4,38.4,20250326-jury-mgmt-qe-202406-ada.pdf,Jan-Mar,,reported
Madison,2024,1,0.0,0.0,0.0,0.0,0.0,0.0,32.4,73.5,6.0,60.5,47.3,35.0,20250326-jury-mgmt-qe-202406-ada.pdf,Jan-Mar,,reported_all_zero
Manatee,2024,1,49.6,102.3,26.0,85.2,58.2,43.1,34.7,77.6,8.0,63.1,51.4,38.4,20250326-jury-mgmt-qe-202406-ada.pdf,Jan-Mar,,reported
Marion,2024,1,36.3,139.6,18.0,124.5,29.1,35.7,34.7,77.6,8.0,63.1,51.4,38.4,20250326-jury-mgmt-qe-202406-ada.pdf,Jan-Mar,,reported
Martin,2024,1,49.4,95.3,12.0,75.1,65.8,36.1,34.7,77.6,8.0,63.1,51.4,38.4,20250326-jury-mgmt-qe-202406-ada.pdf,Jan-Mar,,reported
Miami-Dade,2024,1,65.7,205.0,132.0,181.0,36.3,55.3,34.7,77.6,8.0,63.1,51.4,38.4,20250326-jury-mgmt-qe-202406-ada.pdf,Jan-Mar,,reported
Monroe,2024,1,44.4,1073.4,5.0,1057.8,4.2,73.6,32.4,73.5,6.0,60.5,47.3,35.0,20250326-jury-mgmt-qe-202406-ada.pdf,Jan-Mar,,reported
Nassau,2024,1,36.0,43.0,1.0,36.0,100.0,15.8,34.7,77.6,8.0,63.1,51.4,38.4,20250326-jury-mgmt-qe-202406-ada.pdf,Jan-Mar,,reported
Okaloosa,2024,1,44.0,59.9,8.0,48.1,91.4,57.9,34.7,77.6,8.0,63.1,51.4,38.4,20250326-jury-mgmt-qe-202406-ada.pdf,Jan-Mar,,reported
Okeechobee,2024,1,45.5,78.9,20.0,63.1,72.2,19.2,34.7,77.6,8.0,63.1,51.4,38.4,20250326-jury-mgmt-qe-202406-ada.pdf,Jan-Mar,,reported
Orange,2024,1,36.7,77.7,112.0,63.0,58.2,67.1,34.7,77.6,8.0,63.1,51.4,38.4,20250326-jury-mgmt-qe-202406-ada.pdf,Jan-Mar,,reported
Osceola,2024,1,43.6,87.1,39.0,75.3,58.0,59.5,34.7,77.6,8.0,63.1,51.4,38.4,20250326-jury-mgmt-qe-202406-ada.pdf,Jan-Mar,,reported
Palm Beach,2024,1,38.6,57.9,101.0,40.4,95.6,37.0,34.7,77.6,8.0,63.1,51.4,38.4,20250326-jury-mgmt-qe-202406-ada.pdf,Jan-Mar,,reported
Pasco,2024,1,37.2,95.0,33.0,86.5,43.0,40.1,34.7,77.6,8.0,63.1,51.4,38.4,20250326-jury-mgmt-qe-202406-ada.pdf,Jan-Mar,,reported
Pinellas,2024,1,43.5,124.9,54.0,114.4,38.0,44.8,34.7,77.6,8.0,63.1,51.4,38.4,20250326-jury-mgmt-qe-202406-ada.pdf,Jan-Mar,,reported
Polk,2024,1,28.7,156.8,98.0,147.5,19.4,85.7,34.7,77.6,8.0,63.1,51.4,38.4,20250326-jury-mgmt-qe-202406-ada.pdf,Jan-Mar,,reported
Putnam,2024,1,48.3,67.8,4.0,47.3,102.1,25.6,34.7,77.6,8.0,63.1,51.4,38.4,20250326-jury-mgmt-qe-202406-ada.pdf,Jan-Mar,percent_to_voir_dire_gt_100_reported; ,reported
Santa Rosa,2024,1,46.5,90.6,12.0,78.9,58.9,45.7,34.7,77.6,8.0,63.1,51.4,38.4,20250326-jury-mgmt-qe-202406-ada.pdf,Jan-Mar,,reported
Sarasota,2024,1,44.5,94.4,36.0,79.4,56.1,37.7,34.7,77.6,8.0,63.1,51.4,38.4,20250326-jury-mgmt-qe-202406-ada.pdf,Jan-Mar,,reported
Seminole,2024,1,24.0,60.2,26.0,46.6,51.4,51.7,34.7,77.6,8.0,63.1,51.4,38.4,20250326-jury-mgmt-qe-202406-ada.pdf,Jan-Mar,,reported
St. Johns,2024,1,24.8,69.8,6.0,55.2,45.0,31.8,34.7,77.6,8.0,63.1,51.4,38.4,20250326-jury-mgmt-qe-202406-ada.pdf,Jan-Mar,,reported
St. Lucie,2024,1,43.2,88.5,22.0,74.1,58.3,39.3,34.7,77.6,8.0,63.1,51.4,38.4,20250326-jury-mgmt-qe-202406-ada.pdf,Jan-Mar,,reported
Sumter,2024,1,24.2,35.5,11.0,28.8,83.9,15.9,34.7,77.6,8.0,63.1,51.4,38.4,20250326-jury-mgmt-qe-202406-ada.pdf,Jan-Mar,,reported
Suwannee,2024,1,0.0,0.0,0.0,0.0,0.0,0.0,32.4,73.5,6.0,60.5,47.3,35.0,20250326-jury-mgmt-qe-202406-ada.pdf,Jan-Mar,,reported_all_zero
Taylor,2024,1,21.0,138.0,1.0,122.0,17.2,28.7,32.4,73.5,6.0,60.5,47.3,35.0,20250326-jury-mgmt-qe-202406-ada.pdf,Jan-Mar,,reported
Union,2024,1,34.7,46.0,3.0,41.3,83.9,37.6,34.7,77.6,8.0,63.1,51.4,38.4,20250326-jury-mgmt-qe-202406-ada.pdf,Jan-Mar,,reported
Volusia,2024,1,40.8,91.2,36.0,64.5,63.3,40.8,34.7,77.6,8.0,63.1,51.4,38.4,20250326-jury-mgmt-qe-202406-ada.pdf,Jan-Mar,,reported
Wakulla,2024,1,15.7,88.7,3.0,74.7,21.0,21.3,34.7,77.6,8.0,63.1,51.4,38.4,20250326-jury-mgmt-qe-202406-ada.pdf,Jan-Mar,,reported
Walton,2024,1,15.5,50.3,4.0,45.0,34.4,29.8,34.7,77.6,8.0,63.1,51.4,38.4,20250326-jury-mgmt-qe-202406-ada.pdf,Jan-Mar,,reported
Washington,2024,1,21.0,107.0,1.0,101.0,20.8,37.0,34.7,77.6,8.0,63.1,51.4,38.4,20250326-jury-mgmt-qe-202406-ada.pdf,Jan-Mar,,reported
Alachua,2024,2,36.3,55.8,32.0,42.9,84.7,18.8,31.0,66.7,8.0,53.7,52.8,39.0,20250326-jury-mgmt-qe-202406-ada.pdf,Apr-Jun,,reported
Baker,2024,2,21.0,596.0,1.0,561.0,3.7,51.0,31.0,66.7,8.0,53.7,52.8,39.0,20250326-jury-mgmt-qe-202406-ada.pdf,Apr-Jun,,reported
Bay,2024,2,26.9,57.8,21.0,48.2,55.7,39.5,31.0,66.7,8.0,53.7,52.8,39.0,20250326-jury-mgmt-qe-202406-ada.pdf,Apr-Jun,,reported
Bradford,2024,2,20.0,40.0,3.0,40.0,50.0,40.3,31.0,66.7,8.0,53.7,52.8,39.0,20250326-jury-mgmt-qe-202406-ada.pdf,Apr-Jun,,reported
Brevard,2024,2,26.6,259.6,25.0,228.9,11.6,69.9,31.0,66.7,8.0,53.7,52.8,39.0,20250326-jury-mgmt-qe-202406-ada.pdf,Apr-Jun,,reported
Broward,2024,2,54.4,107.8,152.0,81.5,66.8,45.6,31.0,66.7,8.0,53.7,52.8,39.0,20250326-jury-mgmt-qe-202406-ada.pdf,Apr-Jun,,reported
Calhoun,2024,2,0.0,0.0,0.0,0.0,0.0,0.0,31.0,66.7,8.0,53.7,52.8,39.0,20250326-jury-mgmt-qe-202406-ada.pdf,Apr-Jun,,reported_all_zero
Charlotte,2024,2,37.2,68.4,13.0,63.8,58.3,12.1,31.0,66.7,8.0,53.7,52.8,39.0,20250326-jury-mgmt-qe-202406-ada.pdf,Apr-Jun,,reported
Citrus,2024,2,25.6,109.1,7.0,93.4,27.4,48.0,31.0,66.7,8.0,53.7,52.8,39.0,20250326-jury-mgmt-qe-202406-ada.pdf,Apr-Jun,,reported
Clay,2024,2,36.0,129.2,5.0,126.4,28.5,43.2,31.0,66.7,8.0,53.7,52.8,39.0,20250326-jury-mgmt-qe-202406-ada.pdf,Apr-Jun,,reported
Collier,2024,2,32.3,68.5,15.0,53.7,60.2,59.1,31.0,66.7,8.0,53.7,52.8,39.0,20250326-jury-mgmt-qe-202406-ada.pdf,Apr-Jun,,reported
Columbia,2024,2,38.0,149.0,1.0,149.0,25.5,55.3,30.3,65.0,7.0,54.3,51.5,37.2,20250326-jury-mgmt-qe-202406-ada.pdf,Apr-Jun,,reported
DeSoto,2024,2,31.9,61.4,7.0,58.4,54.5,19.9,31.0,66.7,8.0,53.7,52.8,39.0,20250326-jury-mgmt-qe-202406-ada.pdf,Apr-Jun,,reported
Dixie,2024,2,14.0,48.3,6.0,48.3,29.0,30.6,30.3,65.0,7.0,54.3,51.5,37.2,20250326-jury-mgmt-qe-202406-ada.pdf,Apr-Jun,,reported
Duval,2024,2,37.7,71.0,70.0,58.7,64.2,18.6,31.0,66.7,8.0,53.7,52.8,39.0,20250326-jury-mgmt-qe-202406-ada.pdf,Apr-Jun,,reported
Escambia,2024,2,24.4,39.7,61.0,31.2,78.3,21.1,31.0,66.7,8.0,53.7,52.8,39.0,20250326-jury-mgmt-qe-202406-ada.pdf,Apr-Jun,,reported
Flagler,2024,2,30.0,87.3,4.0,62.8,47.8,52.7,31.0,66.7,8.0,53.7,52.8,39.0,20250326-jury-mgmt-qe-202406-ada.pdf,Apr-Jun,,reported
Franklin,2024,2,21.0,57.0,1.0,50.0,42.0,33.3,31.0,66.7,8.0,53.7,52.8,39.0,20250326-jury-mgmt-qe-202406-ada.pdf,Apr-Jun,,reported
Gadsden,2024,2,28.6,65.9,9.0,53.0,53.9,28.1,31.0,66.7,8.0,53.7,52.8,39.0,20250326-jury-mgmt-qe-202406-ada.pdf,Apr-Jun,,reported
Gilchrist,2024,2,6.0,32.0,4.0,32.0,18.8,17.1,31.0,66.7,8.0,53.7,52.8,39.0,20250326-jury-mgmt-qe-202406-ada.pdf,Apr-Jun,,reported
Glades,2024,2,0.0,0.0,0.0,0.0,0.0,54.9,31.0,66.7,8.0,53.7,52.8,39.0,20250326-jury-mgmt-qe-202406-ada.pdf,Apr-Jun,,reported
Gulf,2024,2,0.0,0.0,0.0,0.0,1.7,37.3,31.0,66.7,8.0,53.7,52.8,39.0,20250326-jury-mgmt-qe-202406-ada.pdf,Apr-Jun,,reported
Hamilton,2024,2,40.0,81.0,2.0,68.0,58.8,20.9,30.3,65.0,7.0,54.3,51.5,37.2,20250326-jury-mgmt-qe-202406-ada.pdf,Apr-Jun,,reported
Hardee,2024,2,0.0,0.0,0.0,0.0,0.0,75.3,31.0,66.7,8.0,53.7,52.8,39.0,20250326-jury-mgmt-qe-202406-ada.pdf,Apr-Jun,,reported
Hendry,2024,2,21.6,35.2,13.0,35.2,61.5,8.7,31.0,66.7,8.0,53.7,52.8,39.0,20250326-jury-mgmt-qe-202406-ada.pdf,Apr-Jun,,reported
Hernando,2024,2,37.3,89.9,10.0,77.5,48.1,52.4,31.0,66.7,8.0,53.7,52.8,39.0,20250326-jury-mgmt-qe-202406-ada.pdf,Apr-Jun,,reported
Highlands,2024,2,69.6,194.0,8.0,99.4,70.1,31.3,31.0,66.7,8.0,53.7,52.8,39.0,20250326-jury-mgmt-qe-202406-ada.pdf,Apr-Jun,,reported
Hillsborough,2024,2,48.7,117.7,72.0,99.9,48.7,39.7,31.0,66.7,8.0,53.7,52.8,39.0,20250326-jury-mgmt-qe-202406-ada.pdf,Apr-Jun,,reported
Holmes,2024,2,21.0,59.0,3.0,48.7,43.2,32.4,31.0,66.7,8.0,53.7,52.8,39.0,20250326-jury-mgmt-qe-202406-ada.pdf,Apr-Jun,,reported
Indian River,2024,2,42.7,84.5,13.0,53.5,79.9,63.1,31.0,66.7,8.0,53.7,52.8,39.0,20250326-jury-mgmt-qe-202406-ada.pdf,Apr-Jun,,reported
Jackson,2024,2,12.6,45.0,5.0,39.4,32.0,27.8,31.0,66.7,8.0,53.7,52.8,39.0,20250326-jury-mgmt-qe-202406-ada.pdf,Apr-Jun,,reported
Jefferson,2024,2,0.0,0.0,0.0,0.0,0.0,34.3,31.0,66.7,8.0,53.7,52.8,39.0,20250326-jury-mgmt-qe-202406-ada.pdf,Apr-Jun,,reported
Lafayette,2024,2,0.0,0.0,0.0,0.0,0.0,0.0,30.3,65.0,7.0,54.3,51.5,37.2,20250326-jury-mgmt-qe-202406-ada.pdf,Apr-Jun,,reported_all_zero
Lake,2024,2,32.2,56.2,24.0,44.0,73.3,38.7,31.0,66.7,8.0,53.7,52.8,39.0,20250326-jury-mgmt-qe-202406-ada.pdf,Apr-Jun,,reported
Lee,2024,2,38.6,110.5,34.0,96.1,40.1,44.7,31.0,66.7,8.0,53.7,52.8,39.0,20250326-jury-mgmt-qe-202406-ada.pdf,Apr-Jun,,reported
Leon,2024,2,36.3,86.9,29.0,71.2,51.0,39.9,31.0,66.7,8.0,53.7,52.8,39.0,20250326-jury-mgmt-qe-202406-ada.pdf,Apr-Jun,,reported
Levy,2024,2,7.6,7.6,7.0,7.6,100.0,41.1,31.0,66.7,8.0,53.7,52.8,39.0,20250326-jury-mgmt-qe-202406-ada.pdf,Apr-Jun,,reported
Liberty,2024,2,7.0,14.0,4.0,7.0,100.0,35.6,31.0,66.7,8.0,53.7,52.8,39.0,20250326-jury-mgmt-qe-202406-ada.pdf,Apr-Jun,,reported
Madison,2024,2,41.0,41.0,1.0,41.0,100.0,9.3,30.3,65.0,7.0,54.3,51.5,37.2,20250326-jury-mgmt-qe-202406-ada.pdf,Apr-Jun,,reported
Manatee,2024,2,36.4,118.3,14.0,98.4,37.0,50.0,31.0,66.7,8.0,53.7,52.8,39.0,20250326-jury-mgmt-qe-202406-ada.pdf,Apr-Jun,,reported
Marion,2024,2,29.8,92.5,27.0,80.8,36.9,30.7,31.0,66.7,8.0,53.7,52.8,39.0,20250326-jury-mgmt-qe-202406-ada.pdf,Apr-Jun,,reported
Martin,2024,2,58.5,128.7,11.0,106.5,55.0,39.0,31.0,66.7,8.0,53.7,52.8,39.0,20250326-jury-mgmt-qe-202406-ada.pdf,Apr-Jun,,reported
Miami-Dade,2024,2,56.0,175.5,154.0,154.1,36.3,57.4,31.0,66.7,8.0,53.7,52.8,39.0,20250326-jury-mgmt-qe-202406-ada.pdf,Apr-Jun,,reported
Monroe,2024,2,28.5,1907.0,2.0,1896.5,1.5,72.2,30.3,65.0,7.0,54.3,51.5,37.2,20250326-jury-mgmt-qe-202406-ada.pdf,Apr-Jun,,reported
Nassau,2024,2,47.3,202.7,3.0,128.3,36.9,45.0,31.0,66.7,8.0,53.7,52.8,39.0,20250326-jury-mgmt-qe-202406-ada.pdf,Apr-Jun,,reported
Okaloosa,2024,2,70.3,86.8,6.0,80.0,87.9,55.3,31.0,66.7,8.0,53.7,52.8,39.0,20250326-jury-mgmt-qe-202406-ada.pdf,Apr-Jun,,reported
Okeechobee,2024,2,45.3,161.8,4.0,129.3,35.0,29.9,31.0,66.7,8.0,53.7,52.8,39.0,20250326-jury-mgmt-qe-202406-ada.pdf,Apr-Jun,,reported
Orange,2024,2,33.1,67.6,126.0,56.0,59.2,67.9,31.0,66.7,8.0,53.7,52.8,39.0,20250326-jury-mgmt-qe-202406-ada.pdf,Apr-Jun,,reported
Osceola,2024,2,48.1,97.6,39.0,84.5,56.9,66.1,31.0,66.7,8.0,53.7,52.8,39.0,20250326-jury-mgmt-qe-202406-ada.pdf,Apr-Jun,,reported
Palm Beach,2024,2,40.8,63.2,89.0,43.8,93.1,33.9,31.0,66.7,8.0,53.7,52.8,39.0,20250326-jury-mgmt-qe-202406-ada.pdf,Apr-Jun,,reported
Pasco,2024,2,38.8,114.6,20.0,107.0,36.2,36.0,31.0,66.7,8.0,53.7,52.8,39.0,20250326-jury-mgmt-qe-202406-ada.pdf,Apr-Jun,,reported
Pinellas,2024,2,42.3,88.7,86.0,80.0,52.8,47.6,31.0,66.7,8.0,53.7,52.8,39.0,20250326-jury-mgmt-qe-202406-ada.pdf,Apr-Jun,,reported
Polk,2024,2,26.5,168.9,111.0,162.6,16.3,86.8,31.0,66.7,8.0,53.7,52.8,39.0,20250326-jury-mgmt-qe-202406-ada.pdf,Apr-Jun,,reported
Putnam,2024,2,45.7,97.0,3.0,77.0,59.3,20.1,31.0,66.7,8.0,53.7,52.8,39.0,20250326-jury-mgmt-qe-202406-ada.pdf,Apr-Jun,,reported
Santa Rosa,2024,2,60.5,161.4,8.0,148.9,40.6,53.8,31.0,66.7,8.0,53.7,52.8,39.0,20250326-jury-mgmt-qe-202406-ada.pdf,Apr-Jun,,reported
Sarasota,2024,2,43.3,102.8,27.0,83.6,51.8,33.3,31.0,66.7,8.0,53.7,52.8,39.0,20250326-jury-mgmt-qe-202406-ada.pdf,Apr-Jun,,reported
Seminole,2024,2,31.8,66.7,33.0,47.9,66.4,57.5,31.0,66.7,8.0,53.7,52.8,39.0,20250326-jury-mgmt-qe-202406-ada.pdf,Apr-Jun,,reported
St. Johns,2024,2,33.2,69.4,10.0,53.5,62.1,39.9,31.0,66.7,8.0,53.7,52.8,39.0,20250326-jury-mgmt-qe-202406-ada.pdf,Apr-Jun,,reported
St. Lucie,2024,2,42.4,71.9,41.0,57.6,73.7,58.1,31.0,66.7,8.0,53.7,52.8,39.0,20250326-jury-mgmt-qe-202406-ada.pdf,Apr-Jun,,reported
Sumter,2024,2,26.8,42.3,12.0,30.5,87.7,31.0,31.0,66.7,8.0,53.7,52.8,39.0,20250326-jury-mgmt-qe-202406-ada.pdf,Apr-Jun,,reported
Suwannee,2024,2,0.0,0.0,0.0,0.0,0.0,0.0,30.3,65.0,7.0,54.3,51.5,37.2,20250326-jury-mgmt-qe-202406-ada.pdf,Apr-Jun,,reported_all_zero
Taylor,2024,2,21.0,61.0,1.0,47.0,44.7,27.2,30.3,65.0,7.0,54.3,51.5,37.2,20250326-jury-mgmt-qe-202406-ada.pdf,Apr-Jun,,reported
Union,2024,2,27.3,35.3,4.0,31.8,85.8,37.4,31.0,66.7,8.0,53.7,52.8,39.0,20250326-jury-mgmt-qe-202406-ada.pdf,Apr-Jun,,reported
Volusia,2024,2,31.0,66.4,32.0,52.8,58.6,45.1,31.0,66.7,8.0,53.7,52.8,39.0,20250326-jury-mgmt-qe-202406-ada.pdf,Apr-Jun,,reported
Wakulla,2024,2,0.0,0.0,0.0,0.0,0.0,0.0,31.0,66.7,8.0,53.7,52.8,39.0,20250326-jury-mgmt-qe-202406-ada.pdf,Apr-Jun,,reported_all_zero
Walton,2024,2,16.0,54.5,2.0,40.5,39.5,20.3,31.0,66.7,8.0,53.7,52.8,39.0,20250326-jury-mgmt-qe-202406-ada.pdf,Apr-Jun,,reported
Washington,2024,2,21.0,54.0,1.0,54.0,38.9,7.9,31.0,66.7,8.0,53.7,52.8,39.0,20250326-jury-mgmt-qe-202406-ada.pdf,Apr-Jun,,reported
Alachua,2024,3,33.8,55.2,23.0,43.3,78.1,13.6,31.5,67.5,7.0,54.6,49.3,39.0,20250327-qe-202409-ada-.pdf,Jul-Sep,,reported
Baker,2024,3,12.0,280.0,2.0,256.0,4.7,41.3,31.5,67.5,7.0,54.6,49.3,39.0,20250327-qe-202409-ada-.pdf,Jul-Sep,,reported
Bay,2024,3,28.4,51.9,27.0,44.3,64.1,40.5,31.5,67.5,7.0,54.6,49.3,39.0,20250327-qe-202409-ada-.pdf,Jul-Sep,,reported
Bradford,2024,3,20.0,47.0,1.0,41.0,48.8,31.0,31.5,67.5,7.0,54.6,49.3,39.0,20250327-qe-202409-ada-.pdf,Jul-Sep,,reported
Brevard,2024,3,29.3,159.5,29.0,152.7,19.2,71.4,31.5,67.5,7.0,54.6,49.3,39.0,20250327-qe-202409-ada-.pdf,Jul-Sep,,reported
Broward,2024,3,42.8,92.2,150.0,70.7,60.5,49.1,31.5,67.5,7.0,54.6,49.3,39.0,20250327-qe-202409-ada-.pdf,Jul-Sep,,reported
Calhoun,2024,3,0.0,85.0,1.0,85.0,0.0,16.7,31.5,67.5,7.0,54.6,49.3,39.0,20250327-qe-202409-ada-.pdf,Jul-Sep,,reported
Charlotte,2024,3,41.7,69.1,17.0,64.0,65.2,16.0,31.5,67.5,7.0,54.6,49.3,39.0,20250327-qe-202409-ada-.pdf,Jul-Sep,,reported
Citrus,2024,3,33.5,135.0,4.0,115.0,29.1,26.6,31.5,67.5,7.0,54.6,49.3,39.0,20250327-qe-202409-ada-.pdf,Jul-Sep,,reported
Clay,2024,3,24.4,135.7,7.0,99.7,24.5,39.7,31.5,67.5,7.0,54.6,49.3,39.0,20250327-qe-202409-ada-.pdf,Jul-Sep,,reported
Collier,2024,3,33.3,87.7,7.0,78.0,42.7,58.3,31.5,67.5,7.0,54.6,49.3,39.0,20250327-qe-202409-ada-.pdf,Jul-Sep,,reported
Columbia,2024,3,29.7,47.0,3.0,44.3,66.9,49.0,31.5,67.5,7.0,54.6,49.3,39.0,20250327-qe-202409-ada-.pdf,Jul-Sep,,reported
DeSoto,2024,3,54.3,56.0,4.0,54.3,100.0,16.4,31.5,67.5,7.0,54.6,49.3,39.0,20250327-qe-202409-ada-.pdf,Jul-Sep,,reported
Dixie,2024,3,21.2,46.4,5.0,46.4,45.7,12.9,31.5,67.5,7.0,54.6,49.3,39.0,20250327-qe-202409-ada-.pdf,Jul-Sep,,reported
Duval,2024,3,42.5,65.4,76.0,49.3,86.2,16.3,31.5,67.5,7.0,54.6,49.3,39.0,20250327-qe-202409-ada-.pdf,Jul-Sep,,reported
Escambia,2024,3,21.9,38.1,62.0,31.0,70.9,26.5,31.5,67.5,7.0,54.6,49.3,39.0,20250327-qe-202409-ada-.pdf,Jul-Sep,,reported
Flagler,2024,3,40.0,84.0,4.0,62.8,63.7,51.8,31.5,67.5,7.0,54.6,49.3,39.0,20250327-qe-202409-ada-.pdf,Jul-Sep,,reported
Franklin,2024,3,23.0,54.0,2.0,47.0,48.9,31.3,31.5,67.5,7.0,54.6,49.3,39.0,20250327-qe-202409-ada-.pdf,Jul-Sep,,reported
Gadsden,2024,3,24.2,104.4,5.0,95.4,25.4,27.7,31.5,67.5,7.0,54.6,49.3,39.0,20250327-qe-202409-ada-.pdf,Jul-Sep,,reported
Gilchrist,2024,3,48.0,64.0,1.0,64.0,75.0,27.2,31.5,67.5,7.0,54.6,49.3,39.0,20250327-qe-202409-ada-.pdf,Jul-Sep,,reported
Glades,2024,3,26.5,100.0,2.0,84.0,31.5,67.1,31.5,67.5,7.0,54.6,49.3,39.0,20250327-qe-202409-ada-.pdf,Jul-Sep,,reported
Gulf,2024,3,0.0,0.0,0.0,0.0,0.0,65.0,31.5,67.5,7.0,54.6,49.3,39.0,20250327-qe-202409-ada-.pdf,Jul-Sep,,reported
Hamilton,2024,3,53.0,60.0,2.0,53.0,100.0,35.3,31.5,67.5,7.0,54.6,49.3,39.0,20250327-qe-202409-ada-.pdf,Jul-Sep,,reported
Hardee,2024,3,0.0,0.0,0.0,0.0,0.0,75.1,31.5,67.5,7.0,54.6,49.3,39.0,20250327-qe-202409-ada-.pdf,Jul-Sep,,reported
Hendry,2024,3,28.3,34.9,14.0,34.9,81.0,7.9,31.5,67.5,7.0,54.6,49.3,39.0,20250327-qe-202409-ada-.pdf,Jul-Sep,,reported
Hernando,2024,3,36.8,90.8,5.0,75.8,48.5,57.0,31.5,67.5,7.0,54.6,49.3,39.0,20250327-qe-202409-ada-.pdf,Jul-Sep,,reported
Highlands,2024,3,109.7,190.5,6.0,133.7,82.0,25.7,31.5,67.5,7.0,54.6,49.3,39.0,20250327-qe-202409-ada-.pdf,Jul-Sep,,reported
Hillsborough,2024,3,38.5,94.8,86.0,81.0,47.5,41.6,31.5,67.5,7.0,54.6,49.3,39.0,20250327-qe-202409-ada-.pdf,Jul-Sep,,reported
Holmes,2024,3,0.0,0.0,0.0,0.0,0.0,0.0,31.5,67.5,7.0,54.6,49.3,39.0,20250327-qe-202409-ada-.pdf,Jul-Sep,,reported_all_zero
Indian River,2024,3,44.4,72.0,5.0,56.8,78.2,65.8,31.5,67.5,7.0,54.6,49.3,39.0,20250327-qe-202409-ada-.pdf,Jul-Sep,,reported
Jackson,2024,3,5.3,43.3,4.0,38.0,13.8,19.4,31.5,67.5,7.0,54.6,49.3,39.0,20250327-qe-202409-ada-.pdf,Jul-Sep,,reported
Jefferson,2024,3,0.0,0.0,0.0,0.0,0.0,19.6,31.5,67.5,7.0,54.6,49.3,39.0,20250327-qe-202409-ada-.pdf,Jul-Sep,,reported
Lafayette,2024,3,0.0,0.0,0.0,0.0,0.0,0.0,31.5,67.5,7.0,54.6,49.3,39.0,20250327-qe-202409-ada-.pdf,Jul-Sep,,reported_all_zero
Lake,2024,3,32.9,80.9,15.0,68.9,47.8,43.0,31.5,67.5,7.0,54.6,49.3,39.0,20250327-qe-202409-ada-.pdf,Jul-Sep,,reported
Lee,2024,3,38.5,89.0,39.0,80.3,47.9,46.3,31.5,67.5,7.0,54.6,49.3,39.0,20250327-qe-202409-ada-.pdf,Jul-Sep,,reported
Leon,2024,3,35.4,74.3,35.0,62.1,57.0,39.8,31.5,67.5,7.0,54.6,49.3,39.0,20250327-qe-202409-ada-.pdf,Jul-Sep,,reported
Levy,2024,3,2.8,3.3,108.0,3.3,82.3,28.8,31.5,67.5,7.0,54.6,49.3,39.0,20250327-qe-202409-ada-.pdf,Jul-Sep,,reported
Liberty,2024,3,7.0,8.8,4.0,7.0,100.0,29.7,31.5,67.5,7.0,54.6,49.3,39.0,20250327-qe-202409-ada-.pdf,Jul-Sep,,reported
Madison,2024,3,0.0,0.0,0.0,0.0,80.8,4.9,31.5,67.5,7.0,54.6,49.3,39.0,20250327-qe-202409-ada-.pdf,Jul-Sep,,reported
Manatee,2024,3,48.4,107.1,14.0,89.6,54.1,40.7,31.5,67.5,7.0,54.6,49.3,39.0,20250327-qe-202409-ada-.pdf,Jul-Sep,,reported
Marion,2024,3,33.3,79.4,39.0,63.2,52.7,31.9,31.5,67.5,7.0,54.6,49.3,39.0,20250327-qe-202409-ada-.pdf,Jul-Sep,,reported
Martin,2024,3,33.5,78.1,8.0,68.0,49.3,39.3,31.5,67.5,7.0,54.6,49.3,39.0,20250327-qe-202409-ada-.pdf,Jul-Sep,,reported
Miami-Dade,2024,3,54.4,135.4,161.0,116.2,46.8,58.8,31.5,67.5,7.0,54.6,49.3,39.0,20250327-qe-202409-ada-.pdf,Jul-Sep,,reported
Monroe,2024,3,0.0,0.0,0.0,0.0,0.0,72.6,31.5,67.5,7.0,54.6,49.3,39.0,20250327-qe-202409-ada-.pdf,Jul-Sep,,reported
Nassau,2024,3,30.7,47.0,3.0,40.0,76.7,51.3,31.5,67.5,7.0,54.6,49.3,39.0,20250327-qe-202409-ada-.pdf,Jul-Sep,,reported
Okaloosa,2024,3,39.3,53.8,9.0,39.3,100.0,56.9,31.5,67.5,7.0,54.6,49.3,39.0,20250327-qe-202409-ada-.pdf,Jul-Sep,,reported
Okeechobee,2024,3,34.3,67.7,7.0,55.7,61.5,23.5,31.5,67.5,7.0,54.6,49.3,39.0,20250327-qe-202409-ada-.pdf,Jul-Sep,,reported
Orange,2024,3,36.7,72.5,115.0,60.6,60.6,67.9,31.5,67.5,7.0,54.6,49.3,39.0,20250327-qe-202409-ada-.pdf,Jul-Sep,,reported
Osceola,2024,3,49.0,105.1,35.0,90.4,54.2,58.6,31.5,67.5,7.0,54.6,49.3,39.0,20250327-qe-202409-ada-.pdf,Jul-Sep,,reported
Palm Beach,2024,3,38.4,61.5,99.0,42.8,89.8,44.5,31.5,67.5,7.0,54.6,49.3,39.0,20250327-qe-202409-ada-.pdf,Jul-Sep,,reported
Pasco,2024,3,32.5,123.4,19.0,116.9,27.8,39.0,31.5,67.5,7.0,54.6,49.3,39.0,20250327-qe-202409-ada-.pdf,Jul-Sep,,reported
Pinellas,2024,3,22.7,55.5,115.0,51.9,43.9,47.6,31.5,67.5,7.0,54.6,49.3,39.0,20250327-qe-202409-ada-.pdf,Jul-Sep,,reported
Polk,2024,3,23.9,199.4,89.0,193.6,12.4,85.5,31.5,67.5,7.0,54.6,49.3,39.0,20250327-qe-202409-ada-.pdf,Jul-Sep,,reported
Putnam,2024,3,40.8,57.6,8.0,49.1,83.0,32.8,31.5,67.5,7.0,54.6,49.3,39.0,20250327-qe-202409-ada-.pdf,Jul-Sep,,reported
Santa Rosa,2024,3,53.6,140.2,12.0,127.8,41.9,59.3,31.5,67.5,7.0,54.6,49.3,39.0,20250327-qe-202409-ada-.pdf,Jul-Sep,,reported
Sarasota,2024,3,41.0,123.5,22.0,108.7,37.8,35.3,31.5,67.5,7.0,54.6,49.3,39.0,20250327-qe-202409-ada-.pdf,Jul-Sep,,reported
Seminole,2024,3,29.1,64.2,29.0,48.4,60.1,47.9,31.5,67.5,7.0,54.6,49.3,39.0,20250327-qe-202409-ada-.pdf,Jul-Sep,,reported
St. Johns,2024,3,32.5,104.0,4.0,92.0,35.3,33.8,31.5,67.5,7.0,54.6,49.3,39.0,20250327-qe-202409-ada-.pdf,Jul-Sep,,reported
St. Lucie,2024,3,38.0,67.5,38.0,53.3,71.4,56.9,31.5,67.5,7.0,54.6,49.3,39.0,20250327-qe-202409-ada-.pdf,Jul-Sep,,reported
Sumter,2024,3,27.3,67.7,9.0,54.6,50.1,18.2,31.5,67.5,7.0,54.6,49.3,39.0,20250327-qe-202409-ada-.pdf,Jul-Sep,,reported
Suwannee,2024,3,7.0,68.0,1.0,54.0,13.0,61.2,31.5,67.5,7.0,54.6,49.3,39.0,20250327-qe-202409-ada-.pdf,Jul-Sep,,reported
Taylor,2024,3,0.0,0.0,0.0,0.0,0.0,0.0,31.5,67.5,7.0,54.6,49.3,39.0,20250327-qe-202409-ada-.pdf,Jul-Sep,,reported_all_zero
Union,2024,3,25.7,42.3,3.0,40.0,64.2,24.5,31.5,67.5,7.0,54.6,49.3,39.0,20250327-qe-202409-ada-.pdf,Jul-Sep,,reported
Volusia,2024,3,35.7,67.1,32.0,48.3,73.9,44.2,31.5,67.5,7.0,54.6,49.3,39.0,20250327-qe-202409-ada-.pdf,Jul-Sep,,reported
Wakulla,2024,3,0.0,0.0,0.0,0.0,0.0,5.1,31.5,67.5,7.0,54.6,49.3,39.0,20250327-qe-202409-ada-.pdf,Jul-Sep,,reported
Walton,2024,3,12.0,56.5,2.0,56.0,21.4,18.6,31.5,67.5,7.0,54.6,49.3,39.0,20250327-qe-202409-ada-.pdf,Jul-Sep,,reported
Washington,2024,3,31.5,67.5,2.0,60.5,52.1,23.1,31.5,67.5,7.0,54.6,49.3,39.0,20250327-qe-202409-ada-.pdf,Jul-Sep,,reported
Alachua,2024,4,38.4,65.3,19.0,55.1,69.7,18.0,32.0,73.9,4.0,62.0,48.6,35.8,20250909-qe-202503-ada-.pdf,Oct-Dec,,reported
Baker,2024,4,23.0,284.5,2.0,265.0,8.7,61.6,32.0,73.9,4.0,62.0,48.6,35.8,20250909-qe-202503-ada-.pdf,Oct-Dec,,reported
Bay,2024,4,30.5,73.8,19.0,56.8,53.7,62.1,32.0,73.9,4.0,62.0,48.6,35.8,20250909-qe-202503-ada-.pdf,Oct-Dec,,reported
Bradford,2024,4,21.0,60.0,3.0,60.0,35.0,41.1,32.0,73.9,4.0,62.0,48.6,35.8,20250909-qe-202503-ada-.pdf,Oct-Dec,,reported
Brevard,2024,4,57.1,250.2,16.0,244.1,23.4,72.2,32.0,73.9,4.0,62.0,48.6,35.8,20250909-qe-202503-ada-.pdf,Oct-Dec,,reported
Broward,2024,4,43.7,90.3,123.0,68.3,64.0,50.2,32.0,73.9,4.0,62.0,48.6,35.8,20250909-qe-202503-ada-.pdf,Oct-Dec,,reported
Calhoun,2024,4,0.0,0.0,0.0,0.0,0.0,0.0,32.0,73.9,4.0,62.0,48.6,35.8,20250909-qe-202503-ada-.pdf,Oct-Dec,,reported_all_zero
Charlotte,2024,4,36.6,69.2,13.0,65.1,56.3,12.8,32.0,73.9,4.0,62.0,48.6,35.8,20250909-qe-202503-ada-.pdf,Oct-Dec,,reported
Citrus,2024,4,26.3,89.8,6.0,77.5,34.0,29.8,32.0,73.9,4.0,62.0,48.6,35.8,20250909-qe-202503-ada-.pdf,Oct-Dec,,reported
Clay,2024,4,41.0,189.5,4.0,158.3,25.9,35.8,32.0,73.9,4.0,62.0,48.6,35.8,20250909-qe-202503-ada-.pdf,Oct-Dec,,reported
Collier,2024,4,31.6,78.5,11.0,68.3,46.3,62.1,32.0,73.9,4.0,62.0,48.6,35.8,20250909-qe-202503-ada-.pdf,Oct-Dec,,reported
Columbia,2024,4,41.5,66.5,4.0,57.5,72.2,32.9,32.0,73.9,4.0,62.0,48.6,35.8,20250909-qe-202503-ada-.pdf,Oct-Dec,,reported
DeSoto,2024,4,45.3,61.3,3.0,45.3,100.0,11.0,32.0,73.9,4.0,62.0,48.6,35.8,20250909-qe-202503-ada-.pdf,Oct-Dec,,reported
Dixie,2024,4,27.7,62.0,3.0,62.0,44.6,12.6,32.0,73.9,4.0,62.0,48.6,35.8,20250909-qe-202503-ada-.pdf,Oct-Dec,,reported
Duval,2024,4,44.0,73.9,45.0,58.4,75.4,15.5,32.0,73.9,4.0,62.0,48.6,35.8,20250909-qe-202503-ada-.pdf,Oct-Dec,,reported
Escambia,2024,4,26.1,60.7,46.0,51.8,50.3,21.2,32.0,73.9,4.0,62.0,48.6,35.8,20250909-qe-202503-ada-.pdf,Oct-Dec,,reported
Flagler,2024,4,35.0,93.7,3.0,69.3,50.5,61.6,32.0,73.9,4.0,62.0,48.6,35.8,20250909-qe-202503-ada-.pdf,Oct-Dec,,reported
Franklin,2024,4,21.0,35.0,1.0,35.0,60.0,23.3,32.0,73.9,4.0,62.0,48.6,35.8,20250909-qe-202503-ada-.pdf,Oct-Dec,,reported
Gadsden,2024,4,23.5,101.3,4.0,88.5,26.6,24.4,32.0,73.9,4.0,62.0,48.6,35.8,20250909-qe-202503-ada-.pdf,Oct-Dec,,reported
Gilchrist,2024,4,48.0,64.0,1.0,64.0,75.0,63.6,32.0,73.9,4.0,62.0,48.6,35.8,20250909-qe-202503-ada-.pdf,Oct-Dec,,reported
Glades,2024,4,30.3,48.3,3.0,45.3,66.9,60.4,32.0,73.9,4.0,62.0,48.6,35.8,20250909-qe-202503-ada-.pdf,Oct-Dec,,reported
Gulf,2024,4,94.0,110.0,1.0,102.0,92.2,15.7,32.0,73.9,4.0,62.0,48.6,35.8,20250909-qe-202503-ada-.pdf,Oct-Dec,,reported
Hamilton,2024,4,59.0,63.0,2.0,59.0,100.0,29.5,32.0,73.9,4.0,62.0,48.6,35.8,20250909-qe-202503-ada-.pdf,Oct-Dec,,reported
Hardee,2024,4,7.5,95.0,2.0,80.0,9.4,52.8,32.0,73.9,4.0,62.0,48.6,35.8,20250909-qe-202503-ada-.pdf,Oct-Dec,,reported
Hendry,2024,4,28.3,54.0,3.0,54.0,52.5,6.6,32.0,73.9,4.0,62.0,48.6,35.8,20250909-qe-202503-ada-.pdf,Oct-Dec,,reported
Hernando,2024,4,25.3,82.8,4.0,69.5,36.3,60.6,32.0,73.9,4.0,62.0,48.6,35.8,20250909-qe-202503-ada-.pdf,Oct-Dec,,reported
Highlands,2024,4,26.7,167.3,3.0,86.7,30.8,24.7,32.0,73.9,4.0,62.0,48.6,35.8,20250909-qe-202503-ada-.pdf,Oct-Dec,,reported
Hillsborough,2024,4,45.3,117.2,45.0,96.7,46.8,44.6,32.0,73.9,4.0,62.0,48.6,35.8,20250909-qe-202503-ada-.pdf,Oct-Dec,,reported
Holmes,2024,4,21.0,56.0,1.0,48.0,43.8,32.0,32.0,73.9,4.0,62.0,48.6,35.8,20250909-qe-202503-ada-.pdf,Oct-Dec,,reported
Indian River,2024,4,33.2,82.2,6.0,68.3,48.5,65.5,32.0,73.9,4.0,62.0,48.6,35.8,20250909-qe-202503-ada-.pdf,Oct-Dec,,reported
Jackson,2024,4,0.0,56.0,2.0,56.0,0.0,20.2,32.0,73.9,4.0,62.0,48.6,35.8,20250909-qe-202503-ada-.pdf,Oct-Dec,,reported
Jefferson,2024,4,0.0,0.0,0.0,0.0,0.0,0.0,32.0,73.9,4.0,62.0,48.6,35.8,20250909-qe-202503-ada-.pdf,Oct-Dec,,reported_all_zero
Lafayette,2024,4,0.0,0.0,0.0,0.0,0.0,0.0,32.0,73.9,4.0,62.0,48.6,35.8,20250909-qe-202503-ada-.pdf,Oct-Dec,,reported_all_zero
Lake,2024,4,28.2,59.4,17.0,51.0,55.2,56.0,32.0,73.9,4.0,62.0,48.6,35.8,20250909-qe-202503-ada-.pdf,Oct-Dec,,reported
Lee,2024,4,34.7,79.2,42.0,70.2,49.4,43.4,32.0,73.9,4.0,62.0,48.6,35.8,20250909-qe-202503-ada-.pdf,Oct-Dec,,reported
Leon,2024,4,35.7,81.1,26.0,67.6,52.7,41.3,32.0,73.9,4.0,62.0,48.6,35.8,20250909-qe-202503-ada-.pdf,Oct-Dec,,reported
Levy,2024,4,0.0,37.0,1.0,37.0,0.0,5.6,32.0,73.9,4.0,62.0,48.6,35.8,20250909-qe-202503-ada-.pdf,Oct-Dec,,reported
Liberty,2024,4,7.0,17.5,2.0,7.0,100.0,35.9,32.0,73.9,4.0,62.0,48.6,35.8,20250909-qe-202503-ada-.pdf,Oct-Dec,,reported
Madison,2024,4,30.7,38.7,3.0,30.7,100.0,14.6,32.0,73.9,4.0,62.0,48.6,35.8,20250909-qe-202503-ada-.pdf,Oct-Dec,,reported
Manatee,2024,4,56.1,177.4,7.0,152.4,36.8,43.9,32.0,73.9,4.0,62.0,48.6,35.8,20250909-qe-202503-ada-.pdf,Oct-Dec,,reported
Marion,2024,4,32.0,69.6,37.0,59.2,54.1,31.3,32.0,73.9,4.0,62.0,48.6,35.8,20250909-qe-202503-ada-.pdf,Oct-Dec,,reported
Martin,2024,4,38.8,105.8,11.0,82.1,47.3,32.2,32.0,73.9,4.0,62.0,48.6,35.8,20250909-qe-202503-ada-.pdf,Oct-Dec,,reported
Miami-Dade,2024,4,66.4,165.7,121.0,136.5,48.6,56.7,32.0,73.9,4.0,62.0,48.6,35.8,20250909-qe-202503-ada-.pdf,Oct-Dec,,reported
Monroe,2024,4,15.0,1326.5,2.0,1323.0,1.1,71.9,32.0,73.9,4.0,62.0,48.6,35.8,20250909-qe-202503-ada-.pdf,Oct-Dec,,reported
Nassau,2024,4,67.0,103.5,2.0,67.0,100.0,44.0,32.0,73.9,4.0,62.0,48.6,35.8,20250909-qe-202503-ada-.pdf,Oct-Dec,,reported
Okaloosa,2024,4,51.3,68.3,3.0,51.3,100.0,57.6,32.0,73.9,4.0,62.0,48.6,35.8,20250909-qe-202503-ada-.pdf,Oct-Dec,,reported
Okeechobee,2024,4,36.0,125.0,5.0,112.2,32.1,28.7,32.0,73.9,4.0,62.0,48.6,35.8,20250909-qe-202503-ada-.pdf,Oct-Dec,,reported
Orange,2024,4,40.6,89.2,90.0,71.3,57.0,61.6,32.0,73.9,4.0,62.0,48.6,35.8,20250909-qe-202503-ada-.pdf,Oct-Dec,,reported
Osceola,2024,4,47.0,109.4,31.0,95.6,49.2,51.6,32.0,73.9,4.0,62.0,48.6,35.8,20250909-qe-202503-ada-.pdf,Oct-Dec,,reported
Palm Beach,2024,4,38.7,55.3,86.0,40.1,96.4,34.5,32.0,73.9,4.0,62.0,48.6,35.8,20250909-qe-202503-ada-.pdf,Oct-Dec,,reported
Pasco,2024,4,33.0,59.6,23.0,51.8,63.8,35.8,32.0,73.9,4.0,62.0,48.6,35.8,20250909-qe-202503-ada-.pdf,Oct-Dec,,reported
Pinellas,2024,4,36.3,131.5,30.0,123.8,29.3,47.5,32.0,73.9,4.0,62.0,48.6,35.8,20250909-qe-202503-ada-.pdf,Oct-Dec,,reported
Polk,2024,4,29.4,245.0,52.0,237.9,12.4,85.3,32.0,73.9,4.0,62.0,48.6,35.8,20250909-qe-202503-ada-.pdf,Oct-Dec,,reported
Putnam,2024,4,45.6,76.0,5.0,59.0,77.3,30.0,32.0,73.9,4.0,62.0,48.6,35.8,20250909-qe-202503-ada-.pdf,Oct-Dec,,reported
Santa Rosa,2024,4,45.3,118.8,9.0,106.6,42.5,46.4,32.0,73.9,4.0,62.0,48.6,35.8,20250909-qe-202503-ada-.pdf,Oct-Dec,,reported
Sarasota,2024,4,42.6,127.0,20.0,102.2,41.7,38.6,32.0,73.9,4.0,62.0,48.6,35.8,20250909-qe-202503-ada-.pdf,Oct-Dec,,reported
Seminole,2024,4,31.2,76.2,13.0,61.8,50.5,33.9,32.0,73.9,4.0,62.0,48.6,35.8,20250909-qe-202503-ada-.pdf,Oct-Dec,,reported
St. Johns,2024,4,25.5,49.3,8.0,36.1,70.6,24.6,32.0,73.9,4.0,62.0,48.6,35.8,20250909-qe-202503-ada-.pdf,Oct-Dec,,reported
St. Lucie,2024,4,42.5,65.8,30.0,52.9,80.4,61.1,32.0,73.9,4.0,62.0,48.6,35.8,20250909-qe-202503-ada-.pdf,Oct-Dec,,reported
Sumter,2024,4,22.3,86.0,4.0,78.8,28.3,37.4,32.0,73.9,4.0,62.0,48.6,35.8,20250909-qe-202503-ada-.pdf,Oct-Dec,,reported
Suwannee,2024,4,7.0,127.0,1.0,106.0,6.6,38.9,32.0,73.9,4.0,62.0,48.6,35.8,20250909-qe-202503-ada-.pdf,Oct-Dec,,reported
Taylor,2024,4,21.0,19.5,4.0,17.8,118.3,29.2,32.0,73.9,4.0,62.0,48.6,35.8,20250909-qe-202503-ada-.pdf,Oct-Dec,percent_to_voir_dire_gt_100_reported; ,reported
Union,2024,4,0.0,0.0,0.0,0.0,0.0,0.0,32.0,73.9,4.0,62.0,48.6,35.8,20250909-qe-202503-ada-.pdf,Oct-Dec,,reported_all_zero
Volusia,2024,4,32.2,64.1,21.0,52.5,61.3,46.5,32.0,73.9,4.0,62.0,48.6,35.8,20250909-qe-202503-ada-.pdf,Oct-Dec,,reported
Wakulla,2024,4,45.0,205.0,1.0,135.0,33.3,18.3,32.0,73.9,4.0,62.0,48.6,35.8,20250909-qe-202503-ada-.pdf,Oct-Dec,,reported
Walton,2024,4,9.5,29.0,2.0,22.0,43.2,24.0,32.0,73.9,4.0,62.0,48.6,35.8,20250909-qe-202503-ada-.pdf,Oct-Dec,,reported
Washington,2024,4,0.0,0.0,0.0,0.0,0.0,0.0,32.0,73.9,4.0,62.0,48.6,35.8,20250909-qe-202503-ada-.pdf,Oct-Dec,,reported_all_zero
Alachua,2025,1,33.7,56.2,29.0,45.7,73.7,19.0,33.7,73.4,6.0,58.4,50.3,39.0,20250909-qe-202503-ada-.pdf,Jan-Mar,,reported
Baker,2025,1,26.0,796.0,1.0,768.0,3.4,68.3,33.7,73.4,6.0,58.4,50.3,39.0,20250909-qe-202503-ada-.pdf,Jan-Mar,,reported
Bay,2025,1,26.8,81.4,20.0,73.4,36.5,49.8,33.7,73.4,6.0,58.4,50.3,39.0,20250909-qe-202503-ada-.pdf,Jan-Mar,,reported
Bradford,2025,1,21.0,46.0,4.0,46.0,45.7,23.0,33.7,73.4,6.0,58.4,50.3,39.0,20250909-qe-202503-ada-.pdf,Jan-Mar,,reported
Brevard,2025,1,38.0,196.0,26.0,178.0,21.4,67.3,33.7,73.4,6.0,58.4,50.3,39.0,20250909-qe-202503-ada-.pdf,Jan-Mar,,reported
Broward,2025,1,52.3,104.4,158.0,75.7,69.1,46.0,33.7,73.4,6.0,58.4,50.3,39.0,20250909-qe-202503-ada-.pdf,Jan-Mar,,reported
Calhoun,2025,1,0.0,122.0,2.0,122.0,0.0,139.3,33.7,73.4,6.0,58.4,50.3,39.0,20250909-qe-202503-ada-.pdf,Jan-Mar,summoning_yield_gt_100_reported; ,reported
Charlotte,2025,1,43.7,65.9,15.0,63.5,68.8,16.0,33.7,73.4,6.0,58.4,50.3,39.0,20250909-qe-202503-ada-.pdf,Jan-Mar,,reported
Citrus,2025,1,5.9,22.9,32.0,20.7,28.7,32.9,33.7,73.4,6.0,58.4,50.3,39.0,20250909-qe-202503-ada-.pdf,Jan-Mar,,reported
Clay,2025,1,39.7,138.2,6.0,122.0,32.5,45.7,33.7,73.4,6.0,58.4,50.3,39.0,20250909-qe-202503-ada-.pdf,Jan-Mar,,reported
Collier,2025,1,30.0,64.6,22.0,53.3,56.2,62.0,33.7,73.4,6.0,58.4,50.3,39.0,20250909-qe-202503-ada-.pdf,Jan-Mar,,reported
Columbia,2025,1,41.3,73.4,7.0,64.6,63.9,35.2,33.7,73.4,6.0,58.4,50.3,39.0,20250909-qe-202503-ada-.pdf,Jan-Mar,,reported
DeSoto,2025,1,58.0,104.7,3.0,99.0,58.6,16.9,33.7,73.4,6.0,58.4,50.3,39.0,20250909-qe-202503-ada-.pdf,Jan-Mar,,reported
Dixie,2025,1,21.0,38.7,3.0,38.7,54.3,24.7,33.7,73.4,6.0,58.4,50.3,39.0,20250909-qe-202503-ada-.pdf,Jan-Mar,,reported
Duval,2025,1,40.7,73.8,72.0,54.3,75.0,17.7,33.7,73.4,6.0,58.4,50.3,39.0,20250909-qe-202503-ada-.pdf,Jan-Mar,,reported
Escambia,2025,1,27.8,51.2,42.0,42.1,66.1,26.7,33.7,73.4,6.0,58.4,50.3,39.0,20250909-qe-202503-ada-.pdf,Jan-Mar,,reported
Flagler,2025,1,40.2,80.8,6.0,61.5,65.3,55.6,33.7,73.4,6.0,58.4,50.3,39.0,20250909-qe-202503-ada-.pdf,Jan-Mar,,reported
Franklin,2025,1,51.3,51.3,3.0,51.3,100.0,34.8,33.7,73.4,6.0,58.4,50.3,39.0,20250909-qe-202503-ada-.pdf,Jan-Mar,,reported
Gadsden,2025,1,26.8,75.0,6.0,61.8,43.4,30.3,33.7,73.4,6.0,58.4,50.3,39.0,20250909-qe-202503-ada-.pdf,Jan-Mar,,reported
Gilchrist,2025,1,0.0,0.0,0.0,0.0,0.0,0.0,33.7,73.4,6.0,58.4,50.3,39.0,20250909-qe-202503-ada-.pdf,Jan-Mar,,reported_all_zero
Glades,2025,1,36.0,124.0,1.0,124.0,29.0,73.6,33.7,73.4,6.0,58.4,50.3,39.0,20250909-qe-202503-ada-.pdf,Jan-Mar,,reported
Gulf,2025,1,0.0,0.0,0.0,0.0,0.0,22.3,33.7,73.4,6.0,58.4,50.3,39.0,20250909-qe-202503-ada-.pdf,Jan-Mar,,reported
Hamilton,2025,1,0.0,0.0,0.0,0.0,0.0,0.0,33.7,73.4,6.0,58.4,50.3,39.0,20250909-qe-202503-ada-.pdf,Jan-Mar,,reported_all_zero
Hardee,2025,1,0.0,0.0,0.0,0.0,0.0,65.7,33.7,73.4,6.0,58.4,50.3,39.0,20250909-qe-202503-ada-.pdf,Jan-Mar,,reported
Hendry,2025,1,32.7,42.0,3.0,42.0,77.8,18.1,33.7,73.4,6.0,58.4,50.3,39.0,20250909-qe-202503-ada-.pdf,Jan-Mar,,reported
Hernando,2025,1,36.6,126.8,5.0,121.2,30.2,55.6,33.7,73.4,6.0,58.4,50.3,39.0,20250909-qe-202503-ada-.pdf,Jan-Mar,,reported
Highlands,2025,1,29.0,79.8,5.0,66.0,43.9,25.7,33.7,73.4,6.0,58.4,50.3,39.0,20250909-qe-202503-ada-.pdf,Jan-Mar,,reported
Hillsborough,2025,1,42.6,93.6,87.0,79.3,53.7,44.8,33.7,73.4,6.0,58.4,50.3,39.0,20250909-qe-202503-ada-.pdf,Jan-Mar,,reported
Holmes,2025,1,0.0,0.0,0.0,0.0,0.0,0.0,33.7,73.4,6.0,58.4,50.3,39.0,20250909-qe-202503-ada-.pdf,Jan-Mar,,reported_all_zero
Indian River,2025,1,38.3,84.3,10.0,65.9,58.1,61.9,33.7,73.4,6.0,58.4,50.3,39.0,20250909-qe-202503-ada-.pdf,Jan-Mar,,reported
Jackson,2025,1,18.0,56.7,3.0,54.3,33.1,30.3,33.7,73.4,6.0,58.4,50.3,39.0,20250909-qe-202503-ada-.pdf,Jan-Mar,,reported
Jefferson,2025,1,0.0,0.0,0.0,0.0,0.0,40.0,33.7,73.4,6.0,58.4,50.3,39.0,20250909-qe-202503-ada-.pdf,Jan-Mar,,reported
Lafayette,2025,1,0.0,0.0,0.0,0.0,0.0,0.0,33.7,73.4,6.0,58.4,50.3,39.0,20250909-qe-202503-ada-.pdf,Jan-Mar,,reported_all_zero
Lake,2025,1,30.2,74.0,23.0,60.1,50.3,36.2,33.7,73.4,6.0,58.4,50.3,39.0,20250909-qe-202503-ada-.pdf,Jan-Mar,,reported
Lee,2025,1,37.7,96.5,54.0,83.7,45.0,40.0,33.7,73.4,6.0,58.4,50.3,39.0,20250909-qe-202503-ada-.pdf,Jan-Mar,,reported
Leon,2025,1,35.9,71.5,40.0,57.8,62.2,38.6,33.7,73.4,6.0,58.4,50.3,39.0,20250909-qe-202503-ada-.pdf,Jan-Mar,,reported
Levy,2025,1,46.7,89.0,3.0,89.0,52.4,42.3,33.7,73.4,6.0,58.4,50.3,39.0,20250909-qe-202503-ada-.pdf,Jan-Mar,,reported
Liberty,2025,1,7.0,7.0,1.0,7.0,100.0,40.8,33.7,73.4,6.0,58.4,50.3,39.0,20250909-qe-202503-ada-.pdf,Jan-Mar,,reported
Madison,2025,1,48.0,48.0,1.0,48.0,100.0,6.5,33.7,73.4,6.0,58.4,50.3,39.0,20250909-qe-202503-ada-.pdf,Jan-Mar,,reported
Manatee,2025,1,59.5,109.6,24.0,92.4,64.4,40.9,33.7,73.4,6.0,58.4,50.3,39.0,20250909-qe-202503-ada-.pdf,Jan-Mar,,reported
Marion,2025,1,33.8,82.9,37.0,71.7,47.1,34.8,33.7,73.4,6.0,58.4,50.3,39.0,20250909-qe-202503-ada-.pdf,Jan-Mar,,reported
Martin,2025,1,37.2,72.8,15.0,58.4,63.7,35.3,33.7,73.4,6.0,58.4,50.3,39.0,20250909-qe-202503-ada-.pdf,Jan-Mar,,reported
Miami-Dade,2025,1,53.3,124.2,207.0,107.1,49.8,52.8,33.7,73.4,6.0,58.4,50.3,39.0,20250909-qe-202503-ada-.pdf,Jan-Mar,,reported
Monroe,2025,1,35.0,1155.7,3.0,1133.7,3.1,74.7,33.7,73.4,6.0,58.4,50.3,39.0,20250909-qe-202503-ada-.pdf,Jan-Mar,,reported
Nassau,2025,1,22.5,27.8,4.0,22.5,100.0,45.7,33.7,73.4,6.0,58.4,50.3,39.0,20250909-qe-202503-ada-.pdf,Jan-Mar,,reported
Okaloosa,2025,1,36.0,51.3,3.0,44.0,81.8,58.9,33.7,73.4,6.0,58.4,50.3,39.0,20250909-qe-202503-ada-.pdf,Jan-Mar,,reported
Okeechobee,2025,1,41.0,91.8,5.0,74.8,54.8,24.1,33.7,73.4,6.0,58.4,50.3,39.0,20250909-qe-202503-ada-.pdf,Jan-Mar,,reported
Orange,2025,1,42.4,84.8,124.0,67.6,62.7,61.6,33.7,73.4,6.0,58.4,50.3,39.0,20250909-qe-202503-ada-.pdf,Jan-Mar,,reported
Osceola,2025,1,34.7,76.4,56.0,69.3,50.1,61.2,33.7,73.4,6.0,58.4,50.3,39.0,20250909-qe-202503-ada-.pdf,Jan-Mar,,reported
Palm Beach,2025,1,36.8,51.7,118.0,39.6,93.1,36.2,33.7,73.4,6.0,58.4,50.3,39.0,20250909-qe-202503-ada-.pdf,Jan-Mar,,reported
Pasco,2025,1,36.8,90.7,38.0,81.7,45.0,39.0,33.7,73.4,6.0,58.4,50.3,39.0,20250909-qe-202503-ada-.pdf,Jan-Mar,,reported
Pinellas,2025,1,44.3,97.4,72.0,88.1,50.3,50.0,33.7,73.4,6.0,58.4,50.3,39.0,20250909-qe-202503-ada-.pdf,Jan-Mar,,reported
Polk,2025,1,31.1,261.7,79.0,253.9,12.3,83.5,33.7,73.4,6.0,58.4,50.3,39.0,20250909-qe-202503-ada-.pdf,Jan-Mar,,reported
Putnam,2025,1,39.2,79.7,6.0,74.5,52.6,32.5,33.7,73.4,6.0,58.4,50.3,39.0,20250909-qe-202503-ada-.pdf,Jan-Mar,,reported
Santa Rosa,2025,1,26.7,55.8,20.0,49.3,54.2,54.1,33.7,73.4,6.0,58.4,50.3,39.0,20250909-qe-202503-ada-.pdf,Jan-Mar,,reported
Sarasota,2025,1,30.4,105.9,38.0,92.7,32.8,40.6,33.7,73.4,6.0,58.4,50.3,39.0,20250909-qe-202503-ada-.pdf,Jan-Mar,,reported
Seminole,2025,1,32.9,100.1,11.0,55.1,59.7,11.6,33.7,73.4,6.0,58.4,50.3,39.0,20250909-qe-202503-ada-.pdf,Jan-Mar,,reported
St. Johns,2025,1,26.8,65.2,12.0,53.5,50.0,39.9,33.7,73.4,6.0,58.4,50.3,39.0,20250909-qe-202503-ada-.pdf,Jan-Mar,,reported
St. Lucie,2025,1,39.1,62.2,48.0,48.3,81.0,58.3,33.7,73.4,6.0,58.4,50.3,39.0,20250909-qe-202503-ada-.pdf,Jan-Mar,,reported
Sumter,2025,1,19.0,54.2,9.0,45.7,41.6,17.1,33.7,73.4,6.0,58.4,50.3,39.0,20250909-qe-202503-ada-.pdf,Jan-Mar,,reported
Suwannee,2025,1,7.5,81.5,2.0,66.5,11.3,59.5,33.7,73.4,6.0,58.4,50.3,39.0,20250909-qe-202503-ada-.pdf,Jan-Mar,,reported
Taylor,2025,1,21.0,25.0,2.0,17.0,123.5,33.0,33.7,73.4,6.0,58.4,50.3,39.0,20250909-qe-202503-ada-.pdf,Jan-Mar,percent_to_voir_dire_gt_100_reported; ,reported
Union,2025,1,21.0,34.0,1.0,26.0,80.8,33.6,33.7,73.4,6.0,58.4,50.3,39.0,20250909-qe-202503-ada-.pdf,Jan-Mar,,reported
Volusia,2025,1,36.1,70.1,26.0,56.3,64.1,45.9,33.7,73.4,6.0,58.4,50.3,39.0,20250909-qe-202503-ada-.pdf,Jan-Mar,,reported
Wakulla,2025,1,180.0,275.0,1.0,275.0,65.5,43.2,33.7,73.4,6.0,58.4,50.3,39.0,20250909-qe-202503-ada-.pdf,Jan-Mar,,reported
Walton,2025,1,0.0,0.0,0.0,0.0,13.1,33.4,33.7,73.4,6.0,58.4,50.3,39.0,20250909-qe-202503-ada-.pdf,Jan-Mar,,reported
Washington,2025,1,0.0,0.0,0.0,0.0,32.8,16.0,33.7,73.4,6.0,58.4,50.3,39.0,20250909-qe-202503-ada-.pdf,Jan-Mar,,reported
Alachua,2025,2,33.7,49.1,37.0,39.5,85.3,20.8,31.3,61.0,7.0,52.4,54.1,36.6,20250909-jury-mgmt-qe-202506-ada.pdf,Apr-Jun,,reported
Baker,2025,2,21.0,383.0,2.0,376.0,5.6,64.6,31.3,61.0,7.0,52.4,54.1,36.6,20250909-jury-mgmt-qe-202506-ada.pdf,Apr-Jun,,reported
Bay,2025,2,30.0,59.5,26.0,51.5,58.3,52.1,31.3,61.0,7.0,52.4,54.1,36.6,20250909-jury-mgmt-qe-202506-ada.pdf,Apr-Jun,,reported
Bradford,2025,2,25.2,53.8,5.0,52.4,48.1,39.4,31.3,61.0,7.0,52.4,54.1,36.6,20250909-jury-mgmt-qe-202506-ada.pdf,Apr-Jun,,reported
Brevard,2025,2,38.1,140.8,39.0,123.5,30.8,67.6,31.3,61.0,7.0,52.4,54.1,36.6,20250909-jury-mgmt-qe-202506-ada.pdf,Apr-Jun,,reported
Broward,2025,2,44.4,89.9,149.0,68.7,64.6,45.4,31.3,61.0,7.0,52.4,54.1,36.6,20250909-jury-mgmt-qe-202506-ada.pdf,Apr-Jun,,reported
Calhoun,2025,2,0.0,0.0,0.0,0.0,0.0,0.0,31.3,61.0,7.0,52.4,54.1,36.6,20250909-jury-mgmt-qe-202506-ada.pdf,Apr-Jun,,reported_all_zero
Charlotte,2025,2,45.9,93.1,14.0,90.8,50.6,25.4,30.3,65.0,7.0,54.3,51.5,37.2,20250909-jury-mgmt-qe-202506-ada.pdf,Apr-Jun,,reported
Citrus,2025,2,10.1,24.1,24.0,19.4,52.3,38.5,31.3,61.0,7.0,52.4,54.1,36.6,20250909-jury-mgmt-qe-202506-ada.pdf,Apr-Jun,,reported
Clay,2025,2,32.6,88.3,9.0,75.1,43.3,31.7,31.3,61.0,7.0,52.4,54.1,36.6,20250909-jury-mgmt-qe-202506-ada.pdf,Apr-Jun,,reported
Collier,2025,2,26.9,59.2,17.0,51.6,52.2,59.9,30.3,65.0,7.0,54.3,51.5,37.2,20250909-jury-mgmt-qe-202506-ada.pdf,Apr-Jun,,reported
Columbia,2025,2,32.0,41.9,10.0,35.3,90.7,43.4,31.3,61.0,7.0,52.4,54.1,36.6,20250909-jury-mgmt-qe-202506-ada.pdf,Apr-Jun,,reported
DeSoto,2025,2,29.0,131.0,1.0,131.0,22.1,18.7,31.3,61.0,7.0,52.4,54.1,36.6,20250909-jury-mgmt-qe-202506-ada.pdf,Apr-Jun,,reported
Dixie,2025,2,26.3,43.5,4.0,43.5,60.3,18.3,31.3,61.0,7.0,52.4,54.1,36.6,20250909-jury-mgmt-qe-202506-ada.pdf,Apr-Jun,,reported
Duval,2025,2,41.8,72.8,53.0,56.9,73.5,14.8,31.3,61.0,7.0,52.4,54.1,36.6,20250909-jury-mgmt-qe-202506-ada.pdf,Apr-Jun,,reported
Escambia,2025,2,27.9,50.6,40.0,40.2,69.4,23.6,31.3,61.0,7.0,52.4,54.1,36.6,20250909-jury-mgmt-qe-202506-ada.pdf,Apr-Jun,,reported
Flagler,2025,2,21.7,36.7,6.0,31.8,68.1,56.2,31.3,61.0,7.0,52.4,54.1,36.6,20250909-jury-mgmt-qe-202506-ada.pdf,Apr-Jun,,reported
Franklin,2025,2,49.0,49.0,1.0,49.0,100.0,32.7,31.3,61.0,7.0,52.4,54.1,36.6,20250909-jury-mgmt-qe-202506-ada.pdf,Apr-Jun,,reported
Gadsden,2025,2,19.0,48.6,5.0,43.0,44.2,30.7,31.3,61.0,7.0,52.4,54.1,36.6,20250909-jury-mgmt-qe-202506-ada.pdf,Apr-Jun,,reported
Gilchrist,2025,2,0.0,0.0,0.0,0.0,0.0,0.0,31.3,61.0,7.0,52.4,54.1,36.6,20250909-jury-mgmt-qe-202506-ada.pdf,Apr-Jun,,reported_all_zero
Glades,2025,2,0.0,0.0,0.0,0.0,0.0,82.0,30.3,65.0,7.0,54.3,51.5,37.2,20250909-jury-mgmt-qe-202506-ada.pdf,Apr-Jun,,reported
Gulf,2025,2,2.7,48.7,3.0,46.3,5.8,25.0,31.3,61.0,7.0,52.4,54.1,36.6,20250909-jury-mgmt-qe-202506-ada.pdf,Apr-Jun,,reported
Hamilton,2025,2,0.0,0.0,0.0,0.0,0.0,0.0,31.3,61.0,7.0,52.4,54.1,36.6,20250909-jury-mgmt-qe-202506-ada.pdf,Apr-Jun,,reported_all_zero
Hardee,2025,2,7.0,84.0,2.0,77.0,9.1,56.1,31.3,61.0,7.0,52.4,54.1,36.6,20250909-jury-mgmt-qe-202506-ada.pdf,Apr-Jun,,reported
Hendry,2025,2,24.4,27.8,13.0,27.0,90.3,16.7,30.3,65.0,7.0,54.3,51.5,37.2,20250909-jury-mgmt-qe-202506-ada.pdf,Apr-Jun,,reported
Hernando,2025,2,30.4,88.9,10.0,81.5,37.3,50.5,31.3,61.0,7.0,52.4,54.1,36.6,20250909-jury-mgmt-qe-202506-ada.pdf,Apr-Jun,,reported
Highlands,2025,2,29.8,70.2,6.0,48.3,61.7,23.6,31.3,61.0,7.0,52.4,54.1,36.6,20250909-jury-mgmt-qe-202506-ada.pdf,Apr-Jun,,reported
Hillsborough,2025,2,42.4,91.6,104.0,71.4,59.3,40.9,31.3,61.0,7.0,52.4,54.1,36.6,20250909-jury-mgmt-qe-202506-ada.pdf,Apr-Jun,,reported
Holmes,2025,2,21.0,50.7,3.0,43.3,48.5,32.5,31.3,61.0,7.0,52.4,54.1,36.6,20250909-jury-mgmt-qe-202506-ada.pdf,Apr-Jun,,reported
Indian River,2025,2,34.6,62.3,14.0,38.6,89.6,62.0,31.3,61.0,7.0,52.4,54.1,36.6,20250909-jury-mgmt-qe-202506-ada.pdf,Apr-Jun,,reported
Jackson,2025,2,10.5,38.8,4.0,33.5,31.3,20.3,31.3,61.0,7.0,52.4,54.1,36.6,20250909-jury-mgmt-qe-202506-ada.pdf,Apr-Jun,,reported
Jefferson,2025,2,0.0,0.0,0.0,0.0,0.0,0.0,31.3,61.0,7.0,52.4,54.1,36.6,20250909-jury-mgmt-qe-202506-ada.pdf,Apr-Jun,,reported_all_zero
Lafayette,2025,2,0.0,0.0,0.0,0.0,0.0,0.0,31.3,61.0,7.0,52.4,54.1,36.6,20250909-jury-mgmt-qe-202506-ada.pdf,Apr-Jun,,reported_all_zero
Lake,2025,2,28.8,56.6,24.0,46.0,62.7,42.4,31.3,61.0,7.0,52.4,54.1,36.6,20250909-jury-mgmt-qe-202506-ada.pdf,Apr-Jun,,reported
Lee,2025,2,33.9,93.0,41.0,85.0,39.8,40.9,30.3,65.0,7.0,54.3,51.5,37.2,20250909-jury-mgmt-qe-202506-ada.pdf,Apr-Jun,,reported
Leon,2025,2,37.2,79.7,36.0,65.0,57.2,42.7,31.3,61.0,7.0,52.4,54.1,36.6,20250909-jury-mgmt-qe-202506-ada.pdf,Apr-Jun,,reported
Levy,2025,2,49.2,57.2,5.0,57.2,86.0,16.2,31.3,61.0,7.0,52.4,54.1,36.6,20250909-jury-mgmt-qe-202506-ada.pdf,Apr-Jun,,reported
Liberty,2025,2,0.0,0.0,0.0,0.0,0.0,0.0,31.3,61.0,7.0,52.4,54.1,36.6,20250909-jury-mgmt-qe-202506-ada.pdf,Apr-Jun,,reported_all_zero
Madison,2025,2,0.0,0.0,0.0,0.0,0.0,9.1,31.3,61.0,7.0,52.4,54.1,36.6,20250909-jury-mgmt-qe-202506-ada.pdf,Apr-Jun,,reported
Manatee,2025,2,32.8,69.0,28.0,56.0,58.6,44.0,31.3,61.0,7.0,52.4,54.1,36.6,20250909-jury-mgmt-qe-202506-ada.pdf,Apr-Jun,,reported
Marion,2025,2,31.9,76.3,40.0,64.1,49.7,33.1,31.3,61.0,7.0,52.4,54.1,36.6,20250909-jury-mgmt-qe-202506-ada.pdf,Apr-Jun,,reported
Martin,2025,2,46.8,97.0,6.0,81.8,57.2,35.5,31.3,61.0,7.0,52.4,54.1,36.6,20250909-jury-mgmt-qe-202506-ada.pdf,Apr-Jun,,reported
Miami-Dade,2025,2,45.7,116.2,200.0,101.3,45.1,50.6,31.3,61.0,7.0,52.4,54.1,36.6,20250909-jury-mgmt-qe-202506-ada.pdf,Apr-Jun,,reported
Monroe,2025,2,0.0,0.0,0.0,0.0,0.0,73.1,31.3,61.0,7.0,52.4,54.1,36.6,20250909-jury-mgmt-qe-202506-ada.pdf,Apr-Jun,,reported
Nassau,2025,2,32.7,40.3,3.0,32.7,100.0,43.9,31.3,61.0,7.0,52.4,54.1,36.6,20250909-jury-mgmt-qe-202506-ada.pdf,Apr-Jun,,reported
Okaloosa,2025,2,42.9,56.1,7.0,46.3,92.6,57.4,31.3,61.0,7.0,52.4,54.1,36.6,20250909-jury-mgmt-qe-202506-ada.pdf,Apr-Jun,,reported
Okeechobee,2025,2,43.4,87.2,5.0,80.2,54.1,21.7,31.3,61.0,7.0,52.4,54.1,36.6,20250909-jury-mgmt-qe-202506-ada.pdf,Apr-Jun,,reported
Orange,2025,2,39.4,74.6,138.0,58.6,67.3,65.1,31.3,61.0,7.0,52.4,54.1,36.6,20250909-jury-mgmt-qe-202506-ada.pdf,Apr-Jun,,reported
Osceola,2025,2,52.9,112.4,39.0,92.0,57.5,58.6,31.3,61.0,7.0,52.4,54.1,36.6,20250909-jury-mgmt-qe-202506-ada.pdf,Apr-Jun,,reported
Palm Beach,2025,2,39.9,59.8,106.0,40.7,98.0,40.4,31.3,61.0,7.0,52.4,54.1,36.6,20250909-jury-mgmt-qe-202506-ada.pdf,Apr-Jun,,reported
Pasco,2025,2,41.7,106.2,25.0,97.7,42.7,36.6,31.3,61.0,7.0,52.4,54.1,36.6,20250909-jury-mgmt-qe-202506-ada.pdf,Apr-Jun,,reported
Pinellas,2025,2,45.0,106.2,46.0,99.3,45.3,53.3,31.3,61.0,7.0,52.4,54.1,36.6,20250909-jury-mgmt-qe-202506-ada.pdf,Apr-Jun,,reported
Polk,2025,2,31.3,229.5,88.0,225.8,13.9,85.1,31.3,61.0,7.0,52.4,54.1,36.6,20250909-jury-mgmt-qe-202506-ada.pdf,Apr-Jun,,reported
Putnam,2025,2,43.5,87.5,4.0,79.8,54.5,21.3,31.3,61.0,7.0,52.4,54.1,36.6,20250909-jury-mgmt-qe-202506-ada.pdf,Apr-Jun,,reported
Santa Rosa,2025,2,28.9,89.4,18.0,79.4,36.4,59.5,31.3,61.0,7.0,52.4,54.1,36.6,20250909-jury-mgmt-qe-202506-ada.pdf,Apr-Jun,,reported
Sarasota,2025,2,35.4,98.2,32.0,86.2,41.1,39.4,31.3,61.0,7.0,52.4,54.1,36.6,20250909-jury-mgmt-qe-202506-ada.pdf,Apr-Jun,,reported
Seminole,2025,2,29.2,57.0,43.0,41.7,70.1,36.0,31.3,61.0,7.0,52.4,54.1,36.6,20250909-jury-mgmt-qe-202506-ada.pdf,Apr-Jun,,reported
St. Johns,2025,2,34.1,62.1,7.0,59.1,57.7,26.7,31.3,61.0,7.0,52.4,54.1,36.6,20250909-jury-mgmt-qe-202506-ada.pdf,Apr-Jun,,reported
St. Lucie,2025,2,43.3,72.4,34.0,59.6,72.6,60.3,31.3,61.0,7.0,52.4,54.1,36.6,20250909-jury-mgmt-qe-202506-ada.pdf,Apr-Jun,,reported
Sumter,2025,2,30.6,64.1,8.0,50.4,60.8,22.9,31.3,61.0,7.0,52.4,54.1,36.6,20250909-jury-mgmt-qe-202506-ada.pdf,Apr-Jun,,reported
Suwannee,2025,2,7.2,43.4,5.0,37.6,19.1,39.2,31.3,61.0,7.0,52.4,54.1,36.6,20250909-jury-mgmt-qe-202506-ada.pdf,Apr-Jun,,reported
Taylor,2025,2,0.0,0.0,0.0,0.0,0.0,0.0,31.3,61.0,7.0,52.4,54.1,36.6,20250909-jury-mgmt-qe-202506-ada.pdf,Apr-Jun,,reported_all_zero
Union,2025,2,0.0,0.0,0.0,0.0,0.0,0.0,31.3,61.0,7.0,52.4,54.1,36.6,20250909-jury-mgmt-qe-202506-ada.pdf,Apr-Jun,,reported_all_zero
Volusia,2025,2,35.3,87.3,26.0,65.2,54.3,43.6,31.3,61.0,7.0,52.4,54.1,36.6,20250909-jury-mgmt-qe-202506-ada.pdf,Apr-Jun,,reported
Wakulla,2025,2,65.8,74.3,4.0,67.5,97.4,86.5,31.3,61.0,7.0,52.4,54.1,36.6,20250909-jury-mgmt-qe-202506-ada.pdf,Apr-Jun,,reported
Walton,2025,2,13.6,24.0,8.0,20.5,66.5,26.6,31.3,61.0,7.0,52.4,54.1,36.6,20250909-jury-mgmt-qe-202506-ada.pdf,Apr-Jun,,reported
Washington,2025,2,21.0,61.0,1.0,54.0,38.9,15.7,31.3,61.0,7.0,52.4,54.1,36.6,20250909-jury-mgmt-qe-202506-ada.pdf,Apr-Jun,,reported
Alachua,2025,3,38.9,60.2,31.0,48.7,79.9,20.0,31.8,65.3,7.0,55.8,50.7,36.6,20260319-qe-202512-ada-.pdf,Jul-Sep,,reported
Baker,2025,3,21.0,215.0,1.0,215.0,9.8,16.5,31.8,65.3,7.0,55.8,50.7,36.6,20260319-qe-202512-ada-.pdf,Jul-Sep,,reported
Bay,2025,3,27.0,44.2,37.0,36.2,74.5,52.8,31.8,65.3,7.0,55.8,50.7,36.6,20260319-qe-202512-ada-.pdf,Jul-Sep,,reported
Bradford,2025,3,21.0,76.0,4.0,76.0,27.6,20.4,31.8,65.3,7.0,55.8,50.7,36.6,20260319-qe-202512-ada-.pdf,Jul-Sep,,reported
Brevard,2025,3,49.3,280.9,27.0,183.3,26.9,71.0,31.8,65.3,7.0,55.8,50.7,36.6,20260319-qe-202512-ada-.pdf,Jul-Sep,,reported
Broward,2025,3,50.3,116.3,124.0,88.0,57.1,42.6,31.8,65.3,7.0,55.8,50.7,36.6,20260319-qe-202512-ada-.pdf,Jul-Sep,,reported
Calhoun,2025,3,49.0,130.0,1.0,130.0,37.7,11.8,31.8,65.3,7.0,55.8,50.7,36.6,20260319-qe-202512-ada-.pdf,Jul-Sep,,reported
Charlotte,2025,3,37.6,67.1,18.0,62.5,60.2,22.8,31.8,65.3,7.0,55.8,50.7,36.6,20260319-qe-202512-ada-.pdf,Jul-Sep,,reported
Citrus,2025,3,14.4,36.5,14.0,31.4,46.0,31.2,31.8,65.3,7.0,55.8,50.7,36.6,20260319-qe-202512-ada-.pdf,Jul-Sep,,reported
Clay,2025,3,33.3,107.0,7.0,97.0,34.3,37.7,31.8,65.3,7.0,55.8,50.7,36.6,20260319-qe-202512-ada-.pdf,Jul-Sep,,reported
Collier,2025,3,29.9,77.0,21.0,66.1,45.2,57.1,31.8,65.3,7.0,55.8,50.7,36.6,20260319-qe-202512-ada-.pdf,Jul-Sep,,reported
Columbia,2025,3,30.4,49.6,8.0,41.0,74.1,41.2,31.8,65.3,7.0,55.8,50.7,36.6,20260319-qe-202512-ada-.pdf,Jul-Sep,,reported
DeSoto,2025,3,43.7,31.3,6.0,28.7,152.3,15.1,31.8,65.3,7.0,55.8,50.7,36.6,20260319-qe-202512-ada-.pdf,Jul-Sep,percent_to_voir_dire_gt_100_reported; ,reported
Dixie,2025,3,23.9,55.7,7.0,55.7,42.8,19.8,31.8,65.3,7.0,55.8,50.7,36.6,20260319-qe-202512-ada-.pdf,Jul-Sep,,reported
Duval,2025,3,46.7,89.4,48.0,63.0,74.1,13.7,31.8,65.3,7.0,55.8,50.7,36.6,20260319-qe-202512-ada-.pdf,Jul-Sep,,reported
Escambia,2025,3,30.8,51.8,41.0,42.7,72.1,22.3,31.8,65.3,7.0,55.8,50.7,36.6,20260319-qe-202512-ada-.pdf,Jul-Sep,,reported
Flagler,2025,3,36.3,62.3,4.0,52.0,69.7,36.6,31.8,65.3,7.0,55.8,50.7,36.6,20260319-qe-202512-ada-.pdf,Jul-Sep,,reported
Franklin,2025,3,0.0,0.0,0.0,0.0,0.0,0.0,31.8,65.3,7.0,55.8,50.7,36.6,20260319-qe-202512-ada-.pdf,Jul-Sep,,reported_all_zero
Gadsden,2025,3,32.3,100.3,4.0,86.3,37.4,28.2,31.8,65.3,7.0,55.8,50.7,36.6,20260319-qe-202512-ada-.pdf,Jul-Sep,,reported
Gilchrist,2025,3,30.3,38.0,3.0,38.0,79.8,32.9,31.8,65.3,7.0,55.8,50.7,36.6,20260319-qe-202512-ada-.pdf,Jul-Sep,,reported
Glades,2025,3,18.5,24.0,2.0,24.0,77.1,61.9,31.8,65.3,7.0,55.8,50.7,36.6,20260319-qe-202512-ada-.pdf,Jul-Sep,,reported
Gulf,2025,3,51.0,111.0,2.0,100.5,50.7,18.8,31.8,65.3,7.0,55.8,50.7,36.6,20260319-qe-202512-ada-.pdf,Jul-Sep,,reported
Hamilton,2025,3,62.0,78.0,1.0,62.0,100.0,26.7,31.8,65.3,7.0,55.8,50.7,36.6,20260319-qe-202512-ada-.pdf,Jul-Sep,,reported
Hardee,2025,3,19.5,106.0,2.0,86.5,22.5,59.3,31.8,65.3,7.0,55.8,50.7,36.6,20260319-qe-202512-ada-.pdf,Jul-Sep,,reported
Hendry,2025,3,29.3,40.4,10.0,40.4,72.5,16.4,31.8,65.3,7.0,55.8,50.7,36.6,20260319-qe-202512-ada-.pdf,Jul-Sep,,reported
Hernando,2025,3,51.5,138.3,4.0,126.5,40.7,56.0,31.8,65.3,7.0,55.8,50.7,36.6,20260319-qe-202512-ada-.pdf,Jul-Sep,,reported
Highlands,2025,3,15.6,27.7,11.0,19.6,79.6,20.5,31.8,65.3,7.0,55.8,50.7,36.6,20260319-qe-202512-ada-.pdf,Jul-Sep,,reported
Hillsborough,2025,3,54.4,112.9,85.0,88.5,61.5,42.0,31.8,65.3,7.0,55.8,50.7,36.6,20260319-qe-202512-ada-.pdf,Jul-Sep,,reported
Holmes,2025,3,21.0,63.0,3.0,52.7,39.9,35.1,31.8,65.3,7.0,55.8,50.7,36.6,20260319-qe-202512-ada-.pdf,Jul-Sep,,reported
Indian River,2025,3,34.5,63.2,11.0,46.1,74.8,60.3,31.8,65.3,7.0,55.8,50.7,36.6,20260319-qe-202512-ada-.pdf,Jul-Sep,,reported
Jackson,2025,3,18.0,22.5,2.0,19.0,94.7,6.1,31.8,65.3,7.0,55.8,50.7,36.6,20260319-qe-202512-ada-.pdf,Jul-Sep,,reported
Jefferson,2025,3,0.0,0.0,0.0,0.0,0.0,100.0,31.8,65.3,7.0,55.8,50.7,36.6,20260319-qe-202512-ada-.pdf,Jul-Sep,,reported
Lafayette,2025,3,0.0,0.0,0.0,0.0,0.0,0.0,31.8,65.3,7.0,55.8,50.7,36.6,20260319-qe-202512-ada-.pdf,Jul-Sep,,reported_all_zero
Lake,2025,3,28.9,65.3,21.0,57.0,50.6,40.6,31.8,65.3,7.0,55.8,50.7,36.6,20260319-qe-202512-ada-.pdf,Jul-Sep,,reported
Lee,2025,3,37.8,93.4,46.0,82.7,45.7,42.5,31.8,65.3,7.0,55.8,50.7,36.6,20260319-qe-202512-ada-.pdf,Jul-Sep,,reported
Leon,2025,3,41.8,83.8,38.0,65.1,64.2,41.0,31.8,65.3,7.0,55.8,50.7,36.6,20260319-qe-202512-ada-.pdf,Jul-Sep,,reported
Levy,2025,3,0.0,0.0,0.0,0.0,0.0,0.0,31.8,65.3,7.0,55.8,50.7,36.6,20260319-qe-202512-ada-.pdf,Jul-Sep,,reported_all_zero
Liberty,2025,3,7.0,14.0,2.0,7.0,100.0,32.6,31.8,65.3,7.0,55.8,50.7,36.6,20260319-qe-202512-ada-.pdf,Jul-Sep,,reported
Madison,2025,3,0.0,0.0,0.0,0.0,0.0,28.3,31.8,65.3,7.0,55.8,50.7,36.6,20260319-qe-202512-ada-.pdf,Jul-Sep,,reported
Manatee,2025,3,46.3,90.4,25.0,77.0,60.1,40.2,31.8,65.3,7.0,55.8,50.7,36.6,20260319-qe-202512-ada-.pdf,Jul-Sep,,reported
Marion,2025,3,33.5,69.1,35.0,56.9,59.0,32.4,31.8,65.3,7.0,55.8,50.7,36.6,20260319-qe-202512-ada-.pdf,Jul-Sep,,reported
Martin,2025,3,34.6,73.4,8.0,63.9,54.2,40.2,31.8,65.3,7.0,55.8,50.7,36.6,20260319-qe-202512-ada-.pdf,Jul-Sep,,reported
Miami-Dade,2025,3,54.4,133.5,179.0,115.5,47.1,47.9,31.8,65.3,7.0,55.8,50.7,36.6,20260319-qe-202512-ada-.pdf,Jul-Sep,,reported
Monroe,2025,3,0.0,0.0,0.0,0.0,0.0,72.8,31.8,65.3,7.0,55.8,50.7,36.6,20260319-qe-202512-ada-.pdf,Jul-Sep,,reported
Nassau,2025,3,20.7,27.7,3.0,20.7,100.0,41.9,31.8,65.3,7.0,55.8,50.7,36.6,20260319-qe-202512-ada-.pdf,Jul-Sep,,reported
Okaloosa,2025,3,41.2,55.2,13.0,44.0,93.7,57.9,31.8,65.3,7.0,55.8,50.7,36.6,20260319-qe-202512-ada-.pdf,Jul-Sep,,reported
Okeechobee,2025,3,39.3,112.5,4.0,101.8,38.6,24.4,31.8,65.3,7.0,55.8,50.7,36.6,20260319-qe-202512-ada-.pdf,Jul-Sep,,reported
Orange,2025,3,40.5,107.4,99.0,94.2,43.0,57.5,31.8,65.3,7.0,55.8,50.7,36.6,20260319-qe-202512-ada-.pdf,Jul-Sep,,reported
Osceola,2025,3,46.3,112.1,36.0,98.4,47.0,63.3,31.8,65.3,7.0,55.8,50.7,36.6,20260319-qe-202512-ada-.pdf,Jul-Sep,,reported
Palm Beach,2025,3,42.4,62.3,97.0,45.1,94.0,39.8,31.8,65.3,7.0,55.8,50.7,36.6,20260319-qe-202512-ada-.pdf,Jul-Sep,,reported
Pasco,2025,3,38.6,102.3,27.0,92.3,41.8,37.1,31.8,65.3,7.0,55.8,50.7,36.6,20260319-qe-202512-ada-.pdf,Jul-Sep,,reported
Pinellas,2025,3,49.4,100.9,57.0,87.1,56.7,48.3,31.8,65.3,7.0,55.8,50.7,36.6,20260319-qe-202512-ada-.pdf,Jul-Sep,,reported
Polk,2025,3,30.5,218.8,79.0,213.6,14.3,83.3,31.8,65.3,7.0,55.8,50.7,36.6,20260319-qe-202512-ada-.pdf,Jul-Sep,,reported
Putnam,2025,3,44.0,96.3,3.0,83.7,52.6,23.9,31.8,65.3,7.0,55.8,50.7,36.6,20260319-qe-202512-ada-.pdf,Jul-Sep,,reported
Santa Rosa,2025,3,27.8,63.6,16.0,55.8,49.9,55.8,31.8,65.3,7.0,55.8,50.7,36.6,20260319-qe-202512-ada-.pdf,Jul-Sep,,reported
Sarasota,2025,3,42.9,110.4,35.0,95.1,45.2,40.6,31.8,65.3,7.0,55.8,50.7,36.6,20260319-qe-202512-ada-.pdf,Jul-Sep,,reported
Seminole,2025,3,30.1,76.3,23.0,55.2,54.5,29.6,31.8,65.3,7.0,55.8,50.7,36.6,20260319-qe-202512-ada-.pdf,Jul-Sep,,reported
St. Johns,2025,3,32.3,115.8,4.0,96.5,33.4,24.7,31.8,65.3,7.0,55.8,50.7,36.6,20260319-qe-202512-ada-.pdf,Jul-Sep,,reported
St. Lucie,2025,3,57.2,162.3,20.0,111.1,51.5,57.4,31.8,65.3,7.0,55.8,50.7,36.6,20260319-qe-202512-ada-.pdf,Jul-Sep,,reported
Sumter,2025,3,26.7,81.7,6.0,67.3,39.6,25.4,31.8,65.3,7.0,55.8,50.7,36.6,20260319-qe-202512-ada-.pdf,Jul-Sep,,reported
Suwannee,2025,3,0.0,0.0,0.0,0.0,0.0,62.3,31.8,65.3,7.0,55.8,50.7,36.6,20260319-qe-202512-ada-.pdf,Jul-Sep,,reported
Taylor,2025,3,17.5,28.0,2.0,20.0,87.5,30.0,31.8,65.3,7.0,55.8,50.7,36.6,20260319-qe-202512-ada-.pdf,Jul-Sep,,reported
Union,2025,3,0.0,0.0,0.0,0.0,0.0,0.0,31.8,65.3,7.0,55.8,50.7,36.6,20260319-qe-202512-ada-.pdf,Jul-Sep,,reported_all_zero
Volusia,2025,3,31.8,58.4,34.0,44.6,71.3,40.2,31.8,65.3,7.0,55.8,50.7,36.6,20260319-qe-202512-ada-.pdf,Jul-Sep,,reported
Wakulla,2025,3,53.8,64.3,4.0,53.8,100.0,73.8,31.8,65.3,7.0,55.8,50.7,36.6,20260319-qe-202512-ada-.pdf,Jul-Sep,,reported
Walton,2025,3,21.0,40.7,6.0,29.0,72.4,21.8,31.8,65.3,7.0,55.8,50.7,36.6,20260319-qe-202512-ada-.pdf,Jul-Sep,,reported
Washington,2025,3,0.0,0.0,0.0,0.0,34.4,12.0,31.8,65.3,7.0,55.8,50.7,36.6,20260319-qe-202512-ada-.pdf,Jul-Sep,,reported
Alachua,2025,4,32.0,54.4,27.0,43.3,74.1,19.8,30.5,68.7,7.0,56.2,48.6,32.0,20260319-qe-202512-ada-.pdf,Oct-Dec,,reported
Baker,2025,4,21.0,94.0,1.0,94.0,22.3,11.1,30.5,68.7,7.0,56.2,48.6,32.0,20260319-qe-202512-ada-.pdf,Oct-Dec,,reported
Bay,2025,4,27.3,46.8,22.0,38.9,70.3,47.4,30.5,68.7,7.0,56.2,48.6,32.0,20260319-qe-202512-ada-.pdf,Oct-Dec,,reported
Bradford,2025,4,21.0,43.6,5.0,42.4,49.5,32.0,30.5,68.7,7.0,56.2,48.6,32.0,20260319-qe-202512-ada-.pdf,Oct-Dec,,reported
Brevard,2025,4,71.4,339.3,16.0,272.6,26.2,72.4,30.5,68.7,7.0,56.2,48.6,32.0,20260319-qe-202512-ada-.pdf,Oct-Dec,,reported
Broward,2025,4,60.7,113.7,119.0,79.6,76.3,43.2,30.5,68.7,7.0,56.2,48.6,32.0,20260319-qe-202512-ada-.pdf,Oct-Dec,,reported
Calhoun,2025,4,0.0,0.0,0.0,0.0,0.0,21.3,30.5,68.7,7.0,56.2,48.6,32.0,20260319-qe-202512-ada-.pdf,Oct-Dec,,reported
Charlotte,2025,4,32.6,71.4,20.0,62.6,52.1,14.1,30.5,68.7,7.0,56.2,48.6,32.0,20260319-qe-202512-ada-.pdf,Oct-Dec,,reported
Citrus,2025,4,34.0,96.8,5.0,84.2,40.4,35.3,30.5,68.7,7.0,56.2,48.6,32.0,20260319-qe-202512-ada-.pdf,Oct-Dec,,reported
Clay,2025,4,39.0,177.0,2.0,166.5,23.4,39.5,30.5,68.7,7.0,56.2,48.6,32.0,20260319-qe-202512-ada-.pdf,Oct-Dec,,reported
Collier,2025,4,28.3,69.7,21.0,58.2,48.6,58.0,30.5,68.7,7.0,56.2,48.6,32.0,20260319-qe-202512-ada-.pdf,Oct-Dec,,reported
Columbia,2025,4,31.8,51.0,13.0,39.9,79.8,30.3,30.5,68.7,7.0,56.2,48.6,32.0,20260319-qe-202512-ada-.pdf,Oct-Dec,,reported
DeSoto,2025,4,47.3,78.7,3.0,76.3,62.0,11.0,30.5,68.7,7.0,56.2,48.6,32.0,20260319-qe-202512-ada-.pdf,Oct-Dec,,reported
Dixie,2025,4,21.0,54.3,4.0,54.3,38.7,10.9,30.5,68.7,7.0,56.2,48.6,32.0,20260319-qe-202512-ada-.pdf,Oct-Dec,,reported
Duval,2025,4,36.9,68.2,47.0,51.9,71.2,14.3,30.5,68.7,7.0,56.2,48.6,32.0,20260319-qe-202512-ada-.pdf,Oct-Dec,,reported
Escambia,2025,4,28.8,47.0,44.0,36.8,78.4,22.6,30.5,68.7,7.0,56.2,48.6,32.0,20260319-qe-202512-ada-.pdf,Oct-Dec,,reported
Flagler,2025,4,31.3,56.9,8.0,51.3,61.0,35.3,30.5,68.7,7.0,56.2,48.6,32.0,20260319-qe-202512-ada-.pdf,Oct-Dec,,reported
Franklin,2025,4,0.0,0.0,0.0,0.0,0.0,0.0,30.5,68.7,7.0,56.2,48.6,32.0,20260319-qe-202512-ada-.pdf,Oct-Dec,,reported_all_zero
Gadsden,2025,4,24.0,46.3,7.0,39.0,61.5,27.3,30.5,68.7,7.0,56.2,48.6,32.0,20260319-qe-202512-ada-.pdf,Oct-Dec,,reported
Gilchrist,2025,4,30.5,70.5,2.0,70.5,43.3,30.5,30.5,68.7,7.0,56.2,48.6,32.0,20260319-qe-202512-ada-.pdf,Oct-Dec,,reported
Glades,2025,4,29.0,39.6,5.0,38.2,75.9,69.8,30.5,68.7,7.0,56.2,48.6,32.0,20260319-qe-202512-ada-.pdf,Oct-Dec,,reported
Gulf,2025,4,0.0,78.0,1.0,78.0,0.0,15.6,30.5,68.7,7.0,56.2,48.6,32.0,20260319-qe-202512-ada-.pdf,Oct-Dec,,reported
Hamilton,2025,4,18.5,29.0,2.0,18.5,100.0,50.0,30.5,68.7,7.0,56.2,48.6,32.0,20260319-qe-202512-ada-.pdf,Oct-Dec,,reported
Hardee,2025,4,0.0,0.0,0.0,0.0,0.0,64.0,30.5,68.7,7.0,56.2,48.6,32.0,20260319-qe-202512-ada-.pdf,Oct-Dec,,reported
Hendry,2025,4,40.0,86.3,4.0,86.3,46.4,18.0,30.5,68.7,7.0,56.2,48.6,32.0,20260319-qe-202512-ada-.pdf,Oct-Dec,,reported
Hernando,2025,4,28.1,79.0,8.0,71.3,39.5,55.4,30.5,68.7,7.0,56.2,48.6,32.0,20260319-qe-202512-ada-.pdf,Oct-Dec,,reported
Highlands,2025,4,33.7,46.6,7.0,32.4,104.0,25.8,30.5,68.7,7.0,56.2,48.6,32.0,20260319-qe-202512-ada-.pdf,Oct-Dec,percent_to_voir_dire_gt_100_reported; ,reported
Hillsborough,2025,4,44.1,88.1,87.0,68.6,64.3,49.1,30.5,68.7,7.0,56.2,48.6,32.0,20260319-qe-202512-ada-.pdf,Oct-Dec,,reported
Holmes,2025,4,0.0,0.0,0.0,0.0,0.0,0.0,30.5,68.7,7.0,56.2,48.6,32.0,20260319-qe-202512-ada-.pdf,Oct-Dec,,reported_all_zero
Indian River,2025,4,36.3,114.0,4.0,80.0,45.3,64.7,30.5,68.7,7.0,56.2,48.6,32.0,20260319-qe-202512-ada-.pdf,Oct-Dec,,reported
Jackson,2025,4,0.0,0.0,0.0,0.0,0.0,0.0,30.5,68.7,7.0,56.2,48.6,32.0,20260319-qe-202512-ada-.pdf,Oct-Dec,,reported_all_zero
Jefferson,2025,4,0.0,0.0,0.0,0.0,0.0,100.0,30.5,68.7,7.0,56.2,48.6,32.0,20260319-qe-202512-ada-.pdf,Oct-Dec,,reported
Lafayette,2025,4,0.0,0.0,0.0,0.0,0.0,0.0,30.5,68.7,7.0,56.2,48.6,32.0,20260319-qe-202512-ada-.pdf,Oct-Dec,,reported_all_zero
Lake,2025,4,30.2,61.5,22.0,46.6,64.9,42.2,30.5,68.7,7.0,56.2,48.6,32.0,20260319-qe-202512-ada-.pdf,Oct-Dec,,reported
Lee,2025,4,40.7,111.7,43.0,96.5,42.1,44.7,30.5,68.7,7.0,56.2,48.6,32.0,20260319-qe-202512-ada-.pdf,Oct-Dec,,reported
Leon,2025,4,32.8,68.7,31.0,56.5,58.1,46.4,30.5,68.7,7.0,56.2,48.6,32.0,20260319-qe-202512-ada-.pdf,Oct-Dec,,reported
Levy,2025,4,29.5,29.5,2.0,29.5,100.0,37.1,30.5,68.7,7.0,56.2,48.6,32.0,20260319-qe-202512-ada-.pdf,Oct-Dec,,reported
Liberty,2025,4,0.0,0.0,0.0,0.0,0.0,0.0,30.5,68.7,7.0,56.2,48.6,32.0,20260319-qe-202512-ada-.pdf,Oct-Dec,,reported_all_zero
Madison,2025,4,33.0,33.0,1.0,33.0,100.0,12.7,30.5,68.7,7.0,56.2,48.6,32.0,20260319-qe-202512-ada-.pdf,Oct-Dec,,reported
Manatee,2025,4,35.0,81.4,21.0,69.6,50.2,38.5,30.5,68.7,7.0,56.2,48.6,32.0,20260319-qe-202512-ada-.pdf,Oct-Dec,,reported
Marion,2025,4,36.7,98.4,24.0,86.7,42.3,28.7,30.5,68.7,7.0,56.2,48.6,32.0,20260319-qe-202512-ada-.pdf,Oct-Dec,,reported
Martin,2025,4,31.5,63.8,10.0,56.2,56.0,28.7,30.5,68.7,7.0,56.2,48.6,32.0,20260319-qe-202512-ada-.pdf,Oct-Dec,,reported
Miami-Dade,2025,4,47.6,102.7,180.0,85.1,55.9,46.1,30.5,68.7,7.0,56.2,48.6,32.0,20260319-qe-202512-ada-.pdf,Oct-Dec,,reported
Monroe,2025,4,30.0,1781.0,1.0,1767.0,1.7,76.5,30.5,68.7,7.0,56.2,48.6,32.0,20260319-qe-202512-ada-.pdf,Oct-Dec,,reported
Nassau,2025,4,0.0,0.0,0.0,0.0,0.0,56.0,30.5,68.7,7.0,56.2,48.6,32.0,20260319-qe-202512-ada-.pdf,Oct-Dec,,reported
Okaloosa,2025,4,,,,,,,30.5,68.7,7.0,56.2,48.6,32.0,20260319-qe-202512-ada-.pdf,Oct-Dec,,not_submitted
Okeechobee,2025,4,46.1,77.9,7.0,67.7,68.1,23.7,30.5,68.7,7.0,56.2,48.6,32.0,20260319-qe-202512-ada-.pdf,Oct-Dec,,reported
Orange,2025,4,39.9,85.6,98.0,72.2,55.2,69.5,30.5,68.7,7.0,56.2,48.6,32.0,20260319-qe-202512-ada-.pdf,Oct-Dec,,reported
Osceola,2025,4,48.1,99.0,33.0,91.1,52.7,58.6,30.5,68.7,7.0,56.2,48.6,32.0,20260319-qe-202512-ada-.pdf,Oct-Dec,,reported
Palm Beach,2025,4,42.3,64.0,80.0,44.4,95.2,37.1,30.5,68.7,7.0,56.2,48.6,32.0,20260319-qe-202512-ada-.pdf,Oct-Dec,,reported
Pasco,2025,4,44.9,117.9,21.0,103.5,43.4,39.5,30.5,68.7,7.0,56.2,48.6,32.0,20260319-qe-202512-ada-.pdf,Oct-Dec,,reported
Pinellas,2025,4,45.1,87.2,57.0,81.9,55.1,48.4,30.5,68.7,7.0,56.2,48.6,32.0,20260319-qe-202512-ada-.pdf,Oct-Dec,,reported
Polk,2025,4,28.2,187.9,87.0,183.2,15.4,82.3,30.5,68.7,7.0,56.2,48.6,32.0,20260319-qe-202512-ada-.pdf,Oct-Dec,,reported
Putnam,2025,4,39.0,54.8,8.0,41.5,94.0,22.9,30.5,68.7,7.0,56.2,48.6,32.0,20260319-qe-202512-ada-.pdf,Oct-Dec,,reported
Santa Rosa,2025,4,29.2,95.4,17.0,83.2,35.1,66.8,30.5,68.7,7.0,56.2,48.6,32.0,20260319-qe-202512-ada-.pdf,Oct-Dec,,reported
Sarasota,2025,4,46.8,140.9,25.0,125.0,37.4,49.9,30.5,68.7,7.0,56.2,48.6,32.0,20260319-qe-202512-ada-.pdf,Oct-Dec,,reported
Seminole,2025,4,47.6,83.8,19.0,67.0,71.0,30.7,30.5,68.7,7.0,56.2,48.6,32.0,20260319-qe-202512-ada-.pdf,Oct-Dec,,reported
St. Johns,2025,4,22.7,78.9,7.0,65.9,34.5,28.5,30.5,68.7,7.0,56.2,48.6,32.0,20260319-qe-202512-ada-.pdf,Oct-Dec,,reported
St. Lucie,2025,4,32.1,77.4,21.0,64.5,49.8,53.4,30.5,68.7,7.0,56.2,48.6,32.0,20260319-qe-202512-ada-.pdf,Oct-Dec,,reported
Sumter,2025,4,26.5,86.7,6.0,65.0,40.8,15.6,30.5,68.7,7.0,56.2,48.6,32.0,20260319-qe-202512-ada-.pdf,Oct-Dec,,reported
Suwannee,2025,4,7.5,60.0,2.0,50.0,15.0,54.9,30.5,68.7,7.0,56.2,48.6,32.0,20260319-qe-202512-ada-.pdf,Oct-Dec,,reported
Taylor,2025,4,21.0,14.0,1.0,7.0,300.0,18.7,30.5,68.7,7.0,56.2,48.6,32.0,20260319-qe-202512-ada-.pdf,Oct-Dec,percent_to_voir_dire_gt_100_reported; ,reported
Union,2025,4,0.0,0.0,0.0,0.0,0.0,29.3,30.5,68.7,7.0,56.2,48.6,32.0,20260319-qe-202512-ada-.pdf,Oct-Dec,,reported
Volusia,2025,4,32.9,70.8,18.0,56.8,57.9,48.3,30.5,68.7,7.0,56.2,48.6,32.0,20260319-qe-202512-ada-.pdf,Oct-Dec,,reported
Wakulla,2025,4,0.0,0.0,0.0,0.0,0.0,0.0,30.5,68.7,7.0,56.2,48.6,32.0,20260319-qe-202512-ada-.pdf,Oct-Dec,,reported_all_zero
Walton,2025,4,50.0,74.0,2.0,50.0,100.0,23.5,30.5,68.7,7.0,56.2,48.6,32.0,20260319-qe-202512-ada-.pdf,Oct-Dec,,reported
Washington,2025,4,0.0,0.0,0.0,0.0,0.0,0.0,30.5,68.7,7.0,56.2,48.6,32.0,20260319-qe-202512-ada-.pdf,Oct-Dec,,reported_all_zero
